"dyad","clip","conv","minu","raid","rsex","v1","v2","v3","v4","v5","v6","v7","v8","v9","v10","v11","v12","v13","v14","v15","speaking","contribution","content","tsex","power","enunciated","chillness","presence","motherease","calmness","dominance","responsivity"
1,1,1,3,1,1,5,4,5,5,5,1,6,5,6,6,5,6,5,5,4,50,50,1,1,5,5.5,5,50,1,5,4,5.5
1,2,2,3,1,1,5,5,4,6,5,1,6,5,6,6,6,6,3,6,4,70,65,3,1,5.5,5.5,4.5,67.5,1,6,4,5.25
1,3,3,1,1,1,6,5,5,6,5,1,6,5,5,6,5,6,4,6,4,30,50,2,1,5.5,5,5.5,40,1,5,4,5.5
1,4,3,2,1,1,6,4,5,6,6,1,6,5,6,6,5,6,5,7,4,50,50,1,1,5.5,5.5,5.5,50,1,5,4,6
2,1,1,3,1,1,4,4,3,3,4,1,3,5,4,3,6,3,4,4,4,50,30,1,1,3.5,4.5,3.5,40,1,6,4,3.5
2,2,2,3,1,1,3,2,4,3,5,1,3,3,3,4,4,4,5,5,4,85,15,1,1,3.25,3,3.5,50,1,4,4,4.5
2,3,3,1,1,1,3,3,3,4,3,1,3,5,5,5,4,4,5,5,4,20,20,1,1,3.25,5,3,20,1,4,4,4.75
2,4,3,2,1,1,4,3,3,2,4,1,3,6,5,5,6,5,5,5,4,20,20,1,1,3,5.5,3.5,20,1,6,4,5
3,1,1,3,1,1,4,5,5,6,5,1,5,6,6,4,6,5,6,5,4,50,30,2,1,5.25,6,4.5,40,1,6,4,5
3,2,2,3,1,1,4,4,5,5,5,1,4,6,5,6,5,4,5,4,4,75,60,1,1,4.5,5.5,4.5,67.5,1,5,4,4.75
3,3,3,1,1,1,4,5,4,5,4,1,4,5,6,5,5,5,5,5,4,70,65,1,1,4.5,5.5,4,67.5,1,5,4,5
3,4,3,2,1,1,4,4,5,5,4,1,5,5,5,6,5,6,5,5,4,50,50,1,1,4.5,5,4.5,50,1,5,4,5.5
4,1,1,3,1,1,5,4,5,4,5,3,5,6,5,5,3,5,6,5,4,30,40,1,1,4.5,5.5,5,35,3,3,4,5.25
4,2,2,3,1,1,4,3,5,4,4,1,3,5,5,5,2,5,6,5,4,60,50,1,1,3.5,5,4.5,55,1,2,4,5.25
4,3,3,1,1,1,3,3,4,4,4,1,3,6,5,4,5,5,5,6,4,35,30,2,1,3.5,5.5,3.5,32.5,1,5,4,5
4,4,3,2,1,1,3,2,4,5,4,1,3,5,5,5,6,5,5,4,4,40,50,1,1,3.5,5,3.5,45,1,6,4,4.75
5,1,1,3,1,1,6,5,6,6,5,1,5,5,6,5,5,6,6,6,4,20,25,1,1,5.25,5.5,6,22.5,1,5,4,5.75
5,2,2,3,1,1,5,6,6,6,5,1,5,6,6,5,5,6,6,6,4,20,30,1,1,5.5,6,5.5,25,1,5,4,5.75
5,3,3,1,1,1,6,5,6,6,6,1,6,6,6,6,5,6,6,6,4,40,35,1,1,5.75,6,6,37.5,1,5,4,6
5,4,3,2,1,1,6,5,6,6,5,1,5,5,6,6,6,7,6,6,4,65,50,1,1,5.25,5.5,6,57.5,1,6,4,6.25
6,1,1,3,1,1,5,5,5,6,5,1,2,6,5,5,6,7,6,6,4,50,50,1,0,4.5,5.5,5,50,1,6,4,6
6,2,2,3,1,1,6,4,5,6,5,1,5,6,5,6,5,5,6,6,4,70,50,1,0,5,5.5,5.5,60,1,5,4,5.75
6,3,3,1,1,1,5,6,5,6,6,1,5,5,5,6,5,6,6,7,4,30,60,1,0,5.75,5,5,45,1,5,4,6.25
6,4,3,2,1,1,6,5,5,6,6,1,5,3,5,6,5,7,6,7,4,70,50,1,0,5.5,4,5.5,60,1,5,4,6.5
7,1,1,3,1,1,3,4,3,6,4,4,3,6,5,6,5,3,5,5,5,50,40,2,1,4.25,5.5,3,45,4,5,5,4.75
7,2,2,3,1,1,2,5,3,5,3,5,6,6,5,6,6,4,5,6,5,40,50,1,1,4.75,5.5,2.5,45,5,6,5,5.25
7,3,3,1,1,1,3,5,4,5,5,1,5,6,6,5,5,6,6,5,4,35,40,2,1,5,6,3.5,37.5,1,5,4,5.5
7,4,3,2,1,1,3,5,2,5,4,1,5,6,6,6,5,6,6,7,4,50,50,2,1,4.75,6,2.5,50,1,5,4,6.25
8,1,1,3,1,1,3,5,4,5,5,1,5,2,3,5,3,5,5,5,4,70,50,1,0,5,2.5,3.5,60,1,3,4,5
8,2,2,3,1,1,5,5,4,5,4,1,5,2,3,5,2,5,6,5,4,75,75,2,0,4.75,2.5,4.5,75,1,2,4,5.25
8,3,3,1,1,1,5,5,4,5,6,1,5,3,6,6,3,5,6,5,4,25,25,1,0,5.25,4.5,4.5,25,1,3,4,5.5
8,4,3,2,1,1,5,4,4,5,5,1,3,2,3,6,5,6,5,6,4,20,25,1,0,4.25,2.5,4.5,22.5,1,5,4,5.75
9,1,1,3,1,1,6,7,4,6,5,6,5,6,6,6,4,7,6,7,6,75,80,1,1,5.75,6,5,77.5,6,4,6,6.5
9,2,2,3,1,1,6,6,6,6,5,5,6,6,6,6,4,5,6,6,5,80,80,5,1,5.75,6,6,80,5,4,5,5.75
9,3,3,1,1,1,5,6,6,6,5,5,6,6,5,6,5,6,6,6,5,75,90,5,1,5.75,5.5,5.5,82.5,5,5,5,6
9,4,3,2,1,1,6,6,6,7,6,5,6,6,6,7,6,7,7,7,6,70,95,3,1,6.25,6,6,82.5,5,6,6,7
10,1,1,3,1,1,3,3,4,3,3,1,4,5,6,3,5,5,5,4,4,50,40,2,1,3.25,5.5,3.5,45,1,5,4,4.25
10,2,2,3,1,1,3,4,3,5,3,1,3,4,4,3,6,3,5,5,4,60,50,1,1,3.75,4,3,55,1,6,4,4
10,3,3,1,1,1,3,4,3,5,3,4,3,4,5,5,5,5,4,4,4,20,20,1,1,3.75,4.5,3,20,4,5,4,4.5
10,4,3,2,1,1,3,3,3,4,3,1,3,6,5,3,5,5,5,6,4,30,20,1,1,3.25,5.5,3,25,1,5,4,4.75
11,1,1,3,1,1,5,3,5,3,6,2,3,6,5,6,6,6,7,5,4,50,30,1,1,3.75,5.5,5,40,2,6,4,6
11,2,2,3,1,1,5,2,5,3,4,1,2,6,5,6,6,5,5,6,5,20,80,1,1,2.75,5.5,5,50,1,6,5,5.5
11,3,3,1,1,1,6,2,5,2,4,1,2,4,3,3,5,4,5,5,4,40,20,1,1,2.5,3.5,5.5,30,1,5,4,4.25
11,4,3,2,1,1,5,1,3,2,4,1,2,3,2,3,5,5,6,2,4,50,55,1,1,2.25,2.5,4,52.5,1,5,4,4
12,1,1,3,1,1,5,6,5,5,6,2,3,6,5,6,6,7,6,6,4,65,50,1,1,5,5.5,5,57.5,2,6,4,6.25
12,2,2,3,1,1,5,3,5,4,4,2,3,5,5,4,6,5,6,6,4,70,65,1,1,3.5,5,5,67.5,2,6,4,5.25
12,3,3,1,1,1,5,6,5,6,6,1,3,5,5,6,7,7,7,7,4,65,50,1,1,5.25,5,5,57.5,1,7,4,6.75
12,4,3,2,1,1,6,5,4,5,5,2,3,5,6,6,6,7,7,7,4,70,60,1,1,4.5,5.5,5,65,2,6,4,6.75
13,1,1,3,1,1,4,4,3,4,5,5,3,6,5,3,6,6,5,6,4,50,30,1,1,4,5.5,3.5,40,5,6,4,5
13,2,2,3,1,1,5,3,3,5,4,2,3,5,6,5,5,6,5,5,4,75,60,1,1,3.75,5.5,4,67.5,2,5,4,5.25
13,3,3,1,1,1,3,3,2,5,4,1,3,5,6,5,6,6,6,7,4,70,50,1,1,3.75,5.5,2.5,60,1,6,4,6
13,4,3,2,1,1,3,2,4,4,4,1,3,5,5,6,5,5,5,6,4,30,40,1,1,3.25,5,3.5,35,1,5,4,5.5
14,1,1,3,1,1,3,3,6,5,5,1,3,6,6,5,6,6,4,6,4,50,40,1,1,4,6,4.5,45,1,6,4,5.25
14,2,2,3,1,1,4,5,6,6,5,1,6,6,6,6,6,3,3,5,4,80,60,1,1,5.5,6,5,70,1,6,4,4.25
14,3,3,1,1,1,5,6,6,5,6,1,6,6,6,6,5,6,3,5,6,75,70,3,1,5.75,6,5.5,72.5,1,5,6,5
14,4,3,2,1,1,4,5,6,6,6,1,5,6,4,3,5,6,6,5,5,60,40,1,1,5.5,5,5,50,1,5,5,5
15,1,1,3,1,1,4,3,3,2,2,1,2,5,5,3,3,5,5,3,4,60,50,1,1,2.25,5,3.5,55,1,3,4,4
15,2,2,3,1,1,3,2,2,3,2,1,2,5,5,3,5,6,5,5,4,50,70,1,1,2.25,5,2.5,60,1,5,4,4.75
15,3,3,1,1,1,5,5,2,4,3,1,2,6,6,5,6,6,5,5,4,25,30,1,1,3.5,6,3.5,27.5,1,6,4,5.25
15,4,3,2,1,1,5,2,2,1,2,1,2,2,2,1,5,2,5,2,4,50,50,1,1,1.75,2,3.5,50,1,5,4,2.5
16,1,1,3,1,1,3,6,3,5,6,1,6,6,6,5,6,6,7,6,6,50,50,1,1,5.75,6,3,50,1,6,6,6
16,2,2,3,1,1,5,6,3,5,6,1,6,6,6,7,6,6,7,7,6,70,75,1,1,5.75,6,4,72.5,1,6,6,6.75
16,3,3,1,1,1,4,6,5,5,6,2,6,6,6,6,6,5,6,7,4,10,20,1,1,5.75,6,4.5,15,2,6,4,6
16,4,3,2,1,1,5,6,3,7,6,1,5,6,6,7,6,7,6,7,4,40,50,1,1,6,6,4,45,1,6,4,6.75
17,1,1,3,1,1,5,4,4,5,6,2,2,6,6,6,6,7,7,6,4,60,20,1,1,4.25,6,4.5,40,2,6,4,6.5
17,2,2,3,1,1,5,2,5,3,5,2,3,6,6,6,7,6,7,6,4,30,65,1,1,3.25,6,5,47.5,2,7,4,6.25
17,3,3,1,1,1,5,5,3,5,5,1,4,6,6,6,7,7,7,6,4,80,75,,1,4.75,6,4,77.5,1,7,4,6.5
17,4,3,2,1,1,6,5,3,5,5,1,5,6,6,7,6,7,7,7,4,70,60,1,1,5,6,4.5,65,1,6,4,7
18,1,1,3,1,1,6,3,2,3,2,1,6,6,5,6,4,6,5,6,4,65,70,2,0,3.5,5.5,4,67.5,1,4,4,5.75
18,2,2,3,1,1,6,2,2,3,2,1,2,3,2,5,6,5,5,3,4,65,70,1,0,2.25,2.5,4,67.5,1,6,4,4.5
18,3,3,1,1,1,2,2,2,5,3,1,2,6,6,5,6,6,6,5,4,50,50,1,0,3,6,2,50,1,6,4,5.5
18,4,3,2,1,1,3,2,2,5,3,1,6,5,6,5,6,6,5,6,4,30,30,1,0,4,5.5,2.5,30,1,6,4,5.5
19,1,1,3,1,1,5,5,6,5,3,1,3,6,6,6,5,5,6,5,4,65,65,1,1,4,6,5.5,65,1,5,4,5.5
19,2,2,3,1,1,3,5,6,5,4,1,3,5,5,3,6,5,6,5,4,65,50,2,1,4.25,5,4.5,57.5,1,6,4,4.75
19,3,3,1,1,1,5,5,6,5,5,1,3,6,6,5,6,6,6,5,4,70,60,2,1,4.5,6,5.5,65,1,6,4,5.5
19,4,3,2,1,1,5,5,6,6,5,1,3,6,6,5,6,7,6,6,4,50,50,2,1,4.75,6,5.5,50,1,6,4,6
20,1,1,3,1,1,5,1,6,2,3,1,2,4,3,3,5,3,6,3,3,50,50,1,1,2,3.5,5.5,50,1,5,3,3.75
20,2,2,3,1,1,5,1,6,1,3,1,2,3,2,2,4,3,6,3,4,30,50,2,1,1.75,2.5,5.5,40,1,4,4,3.5
20,3,3,1,1,1,4,3,5,1,2,1,2,2,1,3,5,3,5,2,3,20,25,1,1,2,1.5,4.5,22.5,1,5,3,3.25
20,4,3,2,1,1,3,2,6,2,2,1,2,2,2,3,5,4,5,3,3,60,50,2,1,2,2,4.5,55,1,5,3,3.75
21,1,1,3,1,1,5,2,5,2,3,1,2,5,6,6,5,5,6,6,3,50,40,1,1,2.25,5.5,5,45,1,5,3,5.75
21,2,2,3,1,1,5,2,6,1,4,2,2,6,5,3,4,4,5,5,3,25,50,1,1,2.25,5.5,5.5,37.5,2,4,3,4.25
21,3,3,1,1,1,5,5,5,5,6,1,2,5,6,5,5,6,6,7,4,50,50,1,1,4.5,5.5,5,50,1,5,4,6
21,4,3,2,1,1,5,3,5,2,4,1,2,6,5,5,4,6,6,6,4,40,30,1,1,2.75,5.5,5,35,1,4,4,5.75
22,1,1,3,1,1,2,3,2,3,3,1,3,3,5,3,3,5,6,5,3,65,70,1,0,3,4,2,67.5,1,3,3,4.75
22,2,2,3,1,1,3,2,3,2,3,1,3,2,3,2,4,5,5,3,3,70,80,2,0,2.5,2.5,3,75,1,4,3,3.75
22,3,3,1,1,1,3,2,3,3,2,3,3,3,5,3,5,5,5,5,3,50,50,1,0,2.5,4,3,50,3,5,3,4.5
22,4,3,2,1,1,3,3,2,5,4,1,3,3,6,5,5,6,5,6,4,50,50,1,0,3.75,4.5,2.5,50,1,5,4,5.5
23,1,1,3,1,1,5,6,5,6,6,1,5,5,5,6,2,5,5,6,4,50,50,1,1,5.75,5,5,50,1,2,4,5.5
23,2,2,3,1,1,5,5,4,5,3,2,5,6,5,5,5,6,6,6,4,65,60,1,1,4.5,5.5,4.5,62.5,2,5,4,5.75
23,3,3,1,1,1,5,6,4,5,6,1,5,5,5,7,6,7,7,7,5,30,20,1,1,5.5,5,4.5,25,1,6,5,7
23,4,3,2,1,1,5,3,4,5,5,2,5,5,6,6,5,6,6,5,4,10,10,1,1,4.5,5.5,4.5,10,2,5,4,5.75
24,1,1,3,1,1,5,5,3,6,5,2,4,6,5,6,4,5,6,5,4,75,75,2,0,5,5.5,4,75,2,4,4,5.5
24,2,2,3,1,1,4,5,2,5,4,1,3,6,6,5,5,6,5,5,4,70,50,1,0,4.25,6,3,60,1,5,4,5.25
24,3,3,1,1,1,5,6,2,5,4,1,5,6,5,6,5,6,6,7,4,30,50,1,0,5,5.5,3.5,40,1,5,4,6.25
24,4,3,2,1,1,4,5,2,5,5,1,5,6,6,5,5,6,5,6,4,40,50,1,0,5,6,3,45,1,5,4,5.5
25,1,1,3,1,1,5,5,6,5,5,2,5,5,6,5,4,5,3,5,4,50,40,1,1,5,5.5,5.5,45,2,4,4,4.5
25,2,2,3,1,1,5,6,4,5,5,1,5,6,5,6,5,5,4,5,4,60,50,1,1,5.25,5.5,4.5,55,1,5,4,5
25,3,3,1,1,1,5,3,3,5,6,1,5,5,5,6,5,5,4,5,4,30,50,1,1,4.75,5,4,40,1,5,4,5
25,4,3,2,1,1,5,6,3,6,5,1,5,6,6,5,5,6,3,6,4,60,50,3,1,5.5,6,4,55,1,5,4,5
26,1,1,3,1,1,5,3,6,3,6,1,5,6,4,5,6,6,6,4,3,50,60,2,1,4.25,5,5.5,55,1,6,3,5.25
26,2,2,3,1,1,5,6,6,5,6,1,3,6,3,5,3,6,6,7,5,60,65,2,1,5,4.5,5.5,62.5,1,3,5,6
26,3,3,1,1,1,5,6,5,6,5,1,5,6,6,7,6,7,7,7,4,65,40,2,1,5.5,6,5,52.5,1,6,4,7
26,4,3,2,1,1,5,6,6,7,6,1,6,6,7,7,6,7,5,7,4,50,25,4,1,6.25,6.5,5.5,37.5,1,6,4,6.5
27,1,1,3,1,1,3,2,5,2,3,1,3,3,3,3,4,4,6,5,3,15,25,3,0,2.5,3,4,20,1,4,3,4.5
27,2,2,3,1,1,3,2,4,3,2,1,3,2,3,2,3,4,5,4,3,20,20,2,0,2.5,2.5,3.5,20,1,3,3,3.75
27,3,3,1,1,1,3,2,4,2,3,1,2,3,3,2,4,3,6,3,2,20,25,3,0,2.25,3,3.5,22.5,1,4,2,3.5
27,4,3,2,1,1,3,2,4,3,2,1,3,3,3,5,5,6,5,6,3,50,50,1,0,2.5,3,3.5,50,1,5,3,5.5
28,1,1,3,1,1,5,5,6,6,5,2,5,6,6,5,5,6,6,7,4,50,50,1,1,5.25,6,5.5,50,2,5,4,6
28,2,2,3,1,1,5,5,4,4,5,1,5,6,5,5,6,5,5,6,4,65,60,1,1,4.75,5.5,4.5,62.5,1,6,4,5.25
28,3,3,1,1,1,5,6,4,6,6,1,5,6,6,7,6,7,6,7,3,20,25,1,1,5.75,6,4.5,22.5,1,6,3,6.75
28,4,3,2,1,1,5,6,4,6,5,1,5,6,6,6,6,7,5,6,4,50,40,1,1,5.5,6,4.5,45,1,6,4,6
29,1,1,3,1,1,3,5,2,5,3,1,3,5,5,4,6,3,6,5,5,50,50,1,1,4,5,2.5,50,1,6,5,4.5
29,2,2,3,1,1,2,4,2,5,2,1,4,6,5,4,6,3,5,5,4,20,60,1,1,3.75,5.5,2,40,1,6,4,4.25
29,3,3,1,1,1,5,3,2,5,5,1,6,5,6,6,7,6,7,6,5,50,20,1,1,4.75,5.5,3.5,35,1,7,5,6.25
29,4,3,2,1,1,5,5,2,6,3,1,5,6,5,6,5,6,6,7,4,40,30,1,1,4.75,5.5,3.5,35,1,5,4,6.25
30,1,1,3,1,1,5,5,2,6,3,1,2,6,6,7,5,7,6,7,4,60,50,1,0,4,6,3.5,55,1,5,4,6.75
30,2,2,3,1,1,5,3,2,6,4,1,3,4,5,5,6,7,6,7,4,80,65,1,0,4,4.5,3.5,72.5,1,6,4,6.25
30,3,3,1,1,1,6,5,2,6,5,1,4,6,5,6,5,7,6,7,4,50,50,1,0,5,5.5,4,50,1,5,4,6.5
30,4,3,2,1,1,6,5,2,5,6,1,4,6,7,5,7,6,7,7,4,50,50,1,0,5,6.5,4,50,1,7,4,6.25
31,1,1,3,1,1,6,3,3,2,3,1,1,2,1,2,4,3,5,2,4,30,15,1,1,2.25,1.5,4.5,22.5,1,4,4,3
31,2,2,3,1,1,3,1,2,2,3,2,1,1,1,2,3,2,3,3,4,35,20,1,1,1.75,1,2.5,27.5,2,3,4,2.5
31,3,3,1,1,1,3,1,2,2,3,2,1,1,1,1,5,1,2,2,3,50,10,3,1,1.75,1,2.5,30,2,5,3,1.5
31,4,3,2,1,1,3,2,2,1,2,1,1,3,2,1,6,1,2,2,4,10,10,1,1,1.5,2.5,2.5,10,1,6,4,1.5
32,1,1,3,1,1,3,5,2,6,4,1,5,6,6,6,5,3,4,5,4,50,60,1,1,5,6,2.5,55,1,5,4,4.5
32,2,2,3,1,1,3,5,3,5,3,1,5,5,6,4,5,3,3,5,5,70,40,3,1,4.5,5.5,3,55,1,5,5,3.75
32,3,3,1,1,1,5,5,3,5,6,1,5,4,5,6,5,5,6,5,4,40,30,2,1,5.25,4.5,4,35,1,5,4,5.5
32,4,3,2,1,1,5,5,5,6,3,1,5,6,6,7,6,7,6,6,3,50,40,1,1,4.75,6,5,45,1,6,3,6.5
33,1,1,3,1,1,6,4,3,3,4,6,3,7,6,7,3,5,7,6,5,65,70,1,1,3.5,6.5,4.5,67.5,6,3,5,6.25
33,2,2,3,1,1,5,2,5,3,4,7,2,5,5,3,3,5,6,5,4,60,80,1,1,2.75,5,5,70,7,3,4,4.75
33,3,3,1,1,1,5,6,4,6,6,1,5,6,7,6,6,7,6,7,5,50,75,1,1,5.75,6.5,4.5,62.5,1,6,5,6.5
33,4,3,2,1,1,6,6,4,6,4,1,6,6,5,5,6,7,6,6,4,40,40,1,1,5.5,5.5,5,40,1,6,4,6
34,1,1,3,1,1,5,6,3,7,6,4,6,6,6,5,4,6,7,7,4,50,75,1,1,6.25,6,4,62.5,4,4,4,6.25
34,2,2,3,1,1,3,6,3,6,7,5,7,6,6,7,3,5,7,7,4,90,90,1,1,6.5,6,3,90,5,3,4,6.5
34,3,3,1,1,1,6,7,3,6,7,1,7,6,6,7,5,7,7,7,4,50,35,1,1,6.75,6,4.5,42.5,1,5,4,7
34,4,3,2,1,1,3,4,3,6,7,1,5,3,2,5,6,6,7,7,4,50,50,1,1,5.5,2.5,3,50,1,6,4,6.25
35,1,1,3,1,1,6,5,2,6,5,5,6,5,5,6,6,5,6,7,6,70,65,1,0,5.5,5,4,67.5,5,6,6,6
35,2,2,3,1,1,5,6,3,6,3,2,5,6,5,6,6,6,5,6,6,70,80,1,0,5,5.5,4,75,2,6,6,5.75
35,3,3,1,1,1,5,6,2,5,4,1,2,6,6,7,6,7,5,7,6,75,75,1,0,4.25,6,3.5,75,1,6,6,6.5
35,4,3,2,1,1,5,7,2,7,5,1,7,6,6,7,6,7,6,7,5,50,50,1,0,6.5,6,3.5,50,1,6,5,6.75
36,1,1,3,1,1,5,5,3,5,5,1,5,6,6,6,6,7,6,7,5,50,50,1,1,5,6,4,50,1,6,5,6.5
36,2,2,3,1,1,5,5,3,5,6,1,5,6,5,6,5,6,6,7,4,65,70,1,1,5.25,5.5,4,67.5,1,5,4,6.25
36,3,3,1,1,1,5,3,3,5,5,1,3,5,5,6,6,6,6,7,4,20,25,1,1,4,5,4,22.5,1,6,4,6.25
36,4,3,2,1,1,3,5,3,5,5,1,5,6,6,7,6,7,6,7,4,40,30,1,1,5,6,3,35,1,6,4,6.75
37,1,1,3,1,1,5,6,6,5,6,1,5,6,5,6,3,5,6,6,4,50,50,1,1,5.5,5.5,5.5,50,1,3,4,5.75
37,2,2,3,1,1,5,6,6,6,4,1,4,5,5,6,6,7,6,7,4,80,40,1,1,5,5,5.5,60,1,6,4,6.5
37,3,3,1,1,1,6,6,5,5,6,1,5,6,6,7,6,7,6,7,4,40,20,1,1,5.5,6,5.5,30,1,6,4,6.75
37,4,3,2,1,1,5,6,5,6,6,1,5,6,6,7,6,7,7,7,4,25,30,1,1,5.75,6,5,27.5,1,6,4,7
38,1,1,3,1,1,5,5,3,5,4,1,3,5,5,6,5,5,6,5,4,60,60,2,0,4.25,5,4,60,1,5,4,5.5
38,2,2,3,1,1,6,4,3,5,3,1,3,6,5,6,5,5,6,5,4,70,50,2,0,3.75,5.5,4.5,60,1,5,4,5.5
38,3,3,1,1,1,5,6,3,5,5,1,5,5,6,5,5,6,6,7,4,75,50,2,0,5.25,5.5,4,62.5,1,5,4,6
38,4,3,2,1,1,5,5,4,6,4,1,3,6,5,6,5,5,6,6,3,30,50,2,0,4.5,5.5,4.5,40,1,5,3,5.75
39,1,1,3,1,1,5,3,4,2,4,2,3,6,6,5,2,5,6,5,4,40,30,1,1,3,6,4.5,35,2,2,4,5.25
39,2,2,3,1,1,5,3,4,3,4,1,3,6,6,5,6,5,6,5,4,25,60,1,1,3.25,6,4.5,42.5,1,6,4,5.25
39,3,3,1,1,1,6,4,4,5,4,1,4,6,6,5,5,6,7,6,4,20,30,1,1,4.25,6,5,25,1,5,4,6
39,4,3,2,1,1,6,5,5,5,6,1,2,6,6,5,5,6,5,7,4,35,40,1,1,4.5,6,5.5,37.5,1,5,4,5.75
40,1,1,3,1,1,5,3,3,3,4,2,3,5,6,4,5,6,6,6,4,50,40,1,1,3.25,5.5,4,45,2,5,4,5.5
40,2,2,3,1,1,5,3,5,3,5,2,3,5,6,4,3,5,5,6,4,15,65,1,1,3.5,5.5,5,40,2,3,4,5
40,3,3,1,1,1,5,3,4,3,5,1,3,5,5,6,5,5,6,6,4,30,25,1,1,3.5,5,4.5,27.5,1,5,4,5.75
40,4,3,2,1,1,5,3,4,3,5,1,3,5,6,5,5,6,7,6,4,50,50,1,1,3.5,5.5,4.5,50,1,5,4,6
41,1,1,3,1,1,4,3,5,5,4,1,5,5,4,4,5,5,6,6,5,50,50,1,1,4.25,4.5,4.5,50,1,5,5,5.25
41,2,2,3,1,1,5,3,3,5,4,1,5,5,5,5,6,5,5,6,5,60,65,1,1,4.25,5,4,62.5,1,6,5,5.25
41,3,3,1,1,1,5,5,3,6,4,1,3,5,6,6,6,5,6,6,4,50,50,1,1,4.5,5.5,4,50,1,6,4,5.75
41,4,3,2,1,1,5,6,3,6,5,1,4,5,6,5,6,7,6,6,5,50,60,1,1,5.25,5.5,4,55,1,6,5,6
42,1,1,3,1,1,3,3,2,6,2,1,4,2,3,2,4,2,4,5,4,50,50,1,0,3.75,2.5,2.5,50,1,4,4,3.25
42,2,2,3,1,1,2,2,2,5,3,1,3,2,3,2,4,2,3,2,4,20,20,1,0,3.25,2.5,2,20,1,4,4,2.25
42,3,3,1,1,1,3,5,2,5,5,1,5,3,6,5,6,5,5,6,4,70,50,1,0,5,4.5,2.5,60,1,6,4,5.25
42,4,3,2,1,1,3,6,2,5,2,1,4,2,3,5,6,5,4,6,4,50,50,2,0,4.25,2.5,2.5,50,1,6,4,5
43,1,1,3,1,1,6,5,5,6,5,1,4,6,6,6,7,6,6,7,4,60,65,1,1,5,6,5.5,62.5,1,7,4,6.25
43,2,2,3,1,1,6,4,5,5,3,1,5,6,5,6,3,5,6,5,4,40,40,1,1,4.25,5.5,5.5,40,1,3,4,5.5
43,3,3,1,1,1,5,4,5,5,6,1,5,6,5,6,6,7,6,7,4,30,40,1,1,5,5.5,5,35,1,6,4,6.5
43,4,3,2,1,1,5,6,5,6,6,1,4,6,6,5,6,7,6,7,4,50,40,1,1,5.5,6,5,45,1,6,4,6.25
44,1,1,3,1,1,5,6,4,5,3,2,5,6,6,7,3,7,6,7,4,50,50,1,0,4.75,6,4.5,50,2,3,4,6.75
44,2,2,3,1,1,6,5,3,5,3,1,3,6,6,6,2,5,6,7,4,75,75,1,0,4,6,4.5,75,1,2,4,6
44,3,3,1,1,1,5,3,4,5,6,1,1,3,5,5,2,5,6,7,4,30,40,1,0,3.75,4,4.5,35,1,2,4,5.75
44,4,3,2,1,1,5,4,4,5,3,1,3,3,6,6,3,6,5,6,4,80,75,1,0,3.75,4.5,4.5,77.5,1,3,4,5.75
45,1,1,3,1,1,5,5,5,6,5,2,4,6,4,5,6,6,6,7,4,60,60,1,1,5,5,5,60,2,6,4,6
45,2,2,3,1,1,5,5,5,4,5,1,3,5,4,5,4,5,6,5,4,65,75,1,1,4.25,4.5,5,70,1,4,4,5.25
45,3,3,1,1,1,6,6,4,5,6,1,5,5,5,6,6,7,6,6,4,50,50,1,1,5.5,5,5,50,1,6,4,6.25
45,4,3,2,1,1,6,6,4,5,6,1,5,6,6,6,7,7,6,6,4,75,70,1,1,5.5,6,5,72.5,1,7,4,6.25
46,1,1,3,1,1,5,4,4,3,5,1,3,5,5,6,5,5,6,5,4,60,60,1,1,3.75,5,4.5,60,1,5,4,5.5
46,2,2,3,1,1,5,3,4,4,5,2,4,5,5,5,6,5,6,6,4,80,75,1,1,4,5,4.5,77.5,2,6,4,5.5
46,3,3,1,1,1,4,5,3,4,5,1,3,6,4,5,5,5,6,5,4,50,40,1,1,4.25,5,3.5,45,1,5,4,5.25
46,4,3,2,1,1,5,4,5,3,5,1,3,5,6,5,6,5,6,6,1,30,40,1,1,3.75,5.5,5,35,1,6,1,5.5
47,1,1,3,1,1,6,5,7,5,6,1,3,6,6,7,5,6,6,7,4,50,30,1,1,4.75,6,6.5,40,1,5,4,6.5
47,2,2,3,1,1,5,2,7,3,5,2,2,3,5,3,3,6,7,6,3,80,40,1,1,3,4,6,60,2,3,3,5.5
47,3,3,1,1,1,6,6,5,6,7,1,5,6,6,7,6,7,7,6,6,40,25,1,1,6,6,5.5,32.5,1,6,6,6.75
47,4,3,2,1,1,6,5,6,5,5,1,5,3,4,5,6,7,7,6,5,30,20,1,1,5,3.5,6,25,1,6,5,6.25
48,1,1,3,1,1,5,5,4,6,5,1,4,5,6,7,5,6,7,6,4,60,75,3,1,5,5.5,4.5,67.5,1,5,4,6.5
48,2,2,3,1,1,5,5,5,6,3,1,3,5,6,5,3,6,7,6,4,60,40,1,1,4.25,5.5,5,50,1,3,4,6
48,3,3,1,1,1,5,5,4,6,4,1,3,5,5,6,6,7,7,6,4,50,50,1,1,4.5,5,4.5,50,1,6,4,6.5
48,4,3,2,1,1,6,4,5,6,4,1,3,6,7,6,7,7,7,6,4,60,60,1,1,4.25,6.5,5.5,60,1,7,4,6.5
49,1,1,3,1,1,5,6,5,6,4,2,3,6,6,5,6,5,5,6,4,70,70,1,0,4.75,6,5,70,2,6,4,5.25
49,2,2,3,1,1,3,4,5,5,3,1,3,5,5,6,5,5,6,5,4,65,75,1,0,3.75,5,4,70,1,5,4,5.5
49,3,3,1,1,1,6,5,5,6,5,1,6,5,6,6,6,7,6,6,4,30,50,1,0,5.5,5.5,5.5,40,1,6,4,6.25
49,4,3,2,1,1,5,3,4,5,4,2,3,6,6,7,5,7,6,7,4,70,50,1,0,3.75,6,4.5,60,2,5,4,6.75
50,1,1,3,1,1,5,4,4,5,3,2,3,6,3,2,4,2,4,6,4,35,40,3,0,3.75,4.5,4.5,37.5,2,4,4,3.5
50,2,2,3,1,1,2,1,2,3,2,1,1,1,3,1,4,1,4,2,4,30,60,1,0,1.75,2,2,45,1,4,4,2
50,3,3,1,1,1,5,5,2,5,2,1,3,2,3,3,5,5,5,5,4,30,30,1,0,3.75,2.5,3.5,30,1,5,4,4.5
50,4,3,2,1,1,2,2,2,3,2,1,2,2,2,1,5,6,5,5,4,30,50,1,0,2.25,2,2,40,1,5,4,4.25
51,1,1,3,1,1,5,2,5,2,6,5,3,6,3,2,3,5,6,3,3,40,60,1,1,3.25,4.5,5,50,5,3,3,4
51,2,2,3,1,1,6,2,5,1,6,2,2,3,3,3,1,5,6,6,2,20,25,1,1,2.75,3,5.5,22.5,2,1,2,5
51,3,3,1,1,1,6,5,4,2,6,3,5,3,2,5,3,6,6,6,4,25,10,1,1,4.5,2.5,5,17.5,3,3,4,5.75
51,4,3,2,1,1,6,5,4,5,6,1,6,6,2,6,5,6,7,7,4,20,10,1,1,5.5,4,5,15,1,5,4,6.5
52,1,1,3,1,1,2,5,2,6,5,1,5,3,5,6,6,7,5,7,6,70,50,1,1,5.25,4,2,60,1,6,6,6.25
52,2,2,3,1,1,6,3,2,6,5,1,7,3,3,6,5,7,5,7,6,30,75,1,1,5.25,3,4,52.5,1,5,6,6.25
52,3,3,1,1,1,3,3,2,5,6,1,6,3,3,6,5,7,5,6,5,25,10,1,1,5,3,2.5,17.5,1,5,5,6
52,4,3,2,1,1,2,3,1,5,6,1,5,3,5,3,5,6,5,5,6,60,50,1,1,4.75,4,1.5,55,1,5,6,4.75
53,1,1,3,1,1,5,5,6,3,5,2,3,5,3,2,2,5,5,6,3,60,70,1,1,4,4,5.5,65,2,2,3,4.5
53,2,2,3,1,1,5,2,6,3,4,2,2,3,3,2,2,5,6,6,3,60,20,2,1,2.75,3,5.5,40,2,2,3,4.75
53,3,3,1,1,1,5,4,6,5,5,1,3,5,3,5,5,7,6,7,5,70,50,1,1,4.25,4,5.5,60,1,5,5,6.25
53,4,3,2,1,1,5,5,6,5,6,1,4,5,2,5,6,6,7,6,4,50,50,1,1,5,3.5,5.5,50,1,6,4,6
54,1,1,3,1,1,3,2,2,3,4,5,3,5,3,3,2,5,5,5,4,50,80,2,0,3,4,2.5,65,5,2,4,4.5
54,2,2,3,1,1,3,1,2,2,3,4,3,3,5,3,2,3,4,5,4,65,60,1,0,2.25,4,2.5,62.5,4,2,4,3.75
54,3,3,1,1,1,3,5,2,3,2,1,2,5,5,6,4,5,5,5,4,50,75,1,0,3,5,2.5,62.5,1,4,4,5.25
54,4,3,2,1,1,5,2,3,5,6,1,3,6,6,5,6,5,4,5,4,50,50,3,0,4,6,4,50,1,6,4,4.75
55,1,1,3,1,1,2,3,1,3,2,1,3,2,3,3,5,3,5,5,4,60,20,1,0,2.75,2.5,1.5,40,1,5,4,4
55,2,2,3,1,1,2,2,2,3,3,1,3,3,3,3,3,4,5,5,4,70,70,1,0,2.75,3,2,70,1,3,4,4.25
55,3,3,1,1,1,3,5,2,4,3,1,3,5,5,5,3,5,6,5,4,50,50,1,0,3.75,5,2.5,50,1,3,4,5.25
55,4,3,2,1,1,5,3,2,4,3,1,3,5,5,6,4,5,5,6,3,40,35,2,0,3.25,5,3.5,37.5,1,4,3,5.5
56,1,1,3,1,1,2,3,2,3,3,1,3,5,4,3,5,3,5,5,4,40,40,1,0,3,4.5,2,40,1,5,4,4
56,2,2,3,1,1,3,3,2,3,3,1,3,6,3,3,3,4,5,4,4,80,10,1,0,3,4.5,2.5,45,1,3,4,4
56,3,3,1,1,1,3,4,2,4,3,1,3,5,5,5,4,4,5,3,4,30,55,1,0,3.5,5,2.5,42.5,1,4,4,4.25
56,4,3,2,1,1,3,2,2,4,3,1,3,5,5,5,4,5,5,5,4,50,50,1,0,3,5,2.5,50,1,4,4,5
57,1,1,3,1,1,5,3,5,3,5,3,3,6,6,6,3,5,6,5,4,40,50,2,1,3.5,6,5,45,3,3,4,5.5
57,2,2,3,1,1,4,3,6,3,3,4,2,6,5,4,5,6,6,5,3,60,80,3,1,2.75,5.5,5,70,4,5,3,5.25
57,3,3,1,1,1,5,3,5,3,3,1,3,6,5,6,5,5,6,5,3,20,35,1,1,3,5.5,5,27.5,1,5,3,5.5
57,4,3,2,1,1,5,5,6,3,5,1,3,5,5,6,6,5,6,6,4,50,50,2,1,4,5,5.5,50,1,6,4,5.75
58,1,1,3,1,1,2,2,3,5,5,2,2,3,2,1,5,1,2,5,5,40,30,2,1,3.5,2.5,2.5,35,2,5,5,2.25
58,2,2,3,1,1,2,2,3,5,3,2,2,1,3,2,5,1,3,3,4,70,30,1,1,3,2,2.5,50,2,5,4,2.25
58,3,3,1,1,1,3,1,3,5,3,1,3,2,1,1,5,2,5,6,4,50,30,1,1,3,1.5,3,40,1,5,4,3.5
58,4,3,2,1,1,2,3,2,3,3,1,3,2,1,1,6,2,5,4,4,25,20,1,1,3,1.5,2,22.5,1,6,4,3
59,1,1,3,1,1,2,1,3,4,3,1,3,2,2,1,3,2,6,5,4,60,40,1,1,2.75,2,2.5,50,1,3,4,3.5
59,2,2,3,1,1,4,2,4,3,3,2,2,3,5,6,5,5,6,7,5,80,75,1,1,2.5,4,4,77.5,2,5,5,6
59,3,3,1,1,1,3,2,3,3,4,1,3,4,5,5,6,6,7,6,5,30,20,1,1,3,4.5,3,25,1,6,5,6
59,4,3,2,1,1,4,4,2,5,3,1,3,4,5,5,6,6,7,6,4,35,15,1,1,3.75,4.5,3,25,1,6,4,6
60,1,1,3,1,1,3,3,2,4,3,1,3,5,5,6,5,3,5,6,4,60,40,1,0,3.25,5,2.5,50,1,5,4,5
60,2,2,3,1,1,3,3,2,5,3,2,3,5,5,6,4,5,5,5,4,60,70,1,0,3.5,5,2.5,65,2,4,4,5.25
60,3,3,1,1,1,3,4,2,4,3,1,3,5,5,4,5,5,5,5,4,30,50,2,0,3.5,5,2.5,40,1,5,4,4.75
60,4,3,2,1,1,3,3,1,5,4,1,3,5,5,4,5,4,5,5,4,50,50,1,0,3.75,5,2,50,1,5,4,4.5
61,1,1,3,1,1,5,6,4,6,6,1,5,6,6,5,6,6,7,6,4,65,70,1,1,5.75,6,4.5,67.5,1,6,4,6
61,2,2,3,1,1,5,5,4,5,5,1,5,6,5,6,6,5,6,6,4,80,75,1,1,5,5.5,4.5,77.5,1,6,4,5.75
61,3,3,1,1,1,5,6,5,6,6,1,6,6,6,6,5,6,7,6,4,40,30,1,1,6,6,5,35,1,5,4,6.25
61,4,3,2,1,1,5,6,5,6,6,1,6,6,6,7,6,7,6,7,4,40,50,1,1,6,6,5,45,1,6,4,6.75
62,1,1,3,1,1,3,6,2,6,6,1,6,6,6,5,4,6,3,6,4,50,40,4,0,6,6,2.5,45,1,4,4,5
62,2,2,3,1,1,5,7,2,5,5,2,7,5,6,7,6,6,2,6,3,70,70,5,0,6,5.5,3.5,70,2,6,3,5.25
62,3,3,1,1,1,5,6,2,6,6,1,6,5,5,7,6,7,4,7,4,15,15,2,0,6,5,3.5,15,1,6,4,6.25
62,4,3,2,1,1,5,6,2,6,6,1,6,5,7,6,6,7,4,7,4,10,10,1,0,6,6,3.5,10,1,6,4,6
63,1,1,3,1,1,4,4,3,5,4,1,3,6,6,5,4,5,6,6,4,60,65,1,1,4,6,3.5,62.5,1,4,4,5.5
63,2,2,3,1,1,4,4,3,5,5,1,5,6,5,6,4,6,6,6,4,75,70,1,1,4.75,5.5,3.5,72.5,1,4,4,6
63,3,3,1,1,1,5,4,4,5,4,1,5,6,5,6,6,7,6,6,4,25,20,1,1,4.5,5.5,4.5,22.5,1,6,4,6.25
63,4,3,2,1,1,4,3,4,5,4,1,5,5,5,6,6,6,7,6,4,50,50,1,1,4.25,5,4,50,1,6,4,6.25
64,1,1,3,1,1,3,4,3,5,4,2,3,4,5,5,6,6,5,4,4,50,50,2,1,4,4.5,3,50,2,6,4,5
64,2,2,3,1,1,3,4,3,5,4,1,3,5,5,6,5,6,5,5,4,80,50,1,1,4,5,3,65,1,5,4,5.5
64,3,3,1,1,1,5,5,3,5,4,1,5,4,5,6,6,7,6,7,4,30,30,1,1,4.75,4.5,4,30,1,6,4,6.5
64,4,3,2,1,1,4,5,3,6,5,1,5,4,5,6,5,7,6,6,4,65,60,2,1,5.25,4.5,3.5,62.5,1,5,4,6.25
65,1,1,3,1,1,6,5,5,6,7,2,5,6,6,7,6,7,7,7,6,70,80,1,1,5.75,6,5.5,75,2,6,6,7
65,2,2,3,1,1,6,3,7,5,6,1,5,5,6,7,6,7,5,7,5,60,70,1,1,4.75,5.5,6.5,65,1,6,5,6.5
65,3,3,1,1,1,6,5,5,6,6,1,6,5,6,7,6,7,6,7,5,20,10,1,1,5.75,5.5,5.5,15,1,6,5,6.75
65,4,3,2,1,1,6,6,5,7,5,1,5,4,5,6,7,7,7,7,5,25,10,1,1,5.75,4.5,5.5,17.5,1,7,5,6.75
66,1,1,3,1,1,3,1,2,5,3,2,3,5,5,5,4,5,6,4,4,40,30,2,1,3,5,2.5,35,2,4,4,5
66,2,2,3,1,1,5,2,2,1,3,3,2,5,4,3,5,3,6,5,4,40,50,1,1,2,4.5,3.5,45,3,5,4,4.25
66,3,3,1,1,1,5,6,3,5,6,2,5,5,5,6,5,6,6,5,5,50,60,1,1,5.5,5,4,55,2,5,5,5.75
66,4,3,2,1,1,3,3,3,5,5,1,3,3,2,5,6,6,5,3,4,25,30,1,1,4,2.5,3,27.5,1,6,4,4.75
67,1,1,3,1,1,3,5,3,4,3,5,3,2,2,3,5,4,6,5,4,50,70,1,1,3.75,2,3,60,5,5,4,4.5
67,2,2,3,1,1,5,4,3,4,4,4,3,5,2,2,3,3,5,2,3,10,50,2,1,3.75,3.5,4,30,4,3,3,3
67,3,3,1,1,1,3,2,2,3,4,4,3,2,3,2,3,5,5,4,4,10,20,1,1,3,2.5,2.5,15,4,3,4,4
67,4,3,2,1,1,3,1,2,3,5,3,2,2,3,2,5,6,5,3,4,25,20,1,1,2.75,2.5,2.5,22.5,3,5,4,4
68,1,1,3,1,1,5,2,6,1,5,2,2,3,2,1,3,5,6,5,3,60,40,1,1,2.5,2.5,5.5,50,2,3,3,4.25
68,2,2,3,1,1,4,2,5,1,4,2,2,3,2,1,2,3,5,5,3,70,60,1,1,2.25,2.5,4.5,65,2,2,3,3.5
68,3,3,1,1,1,5,2,5,1,3,2,1,3,3,3,4,5,6,5,3,15,20,1,1,1.75,3,5,17.5,2,4,3,4.75
68,4,3,2,1,1,5,2,5,1,3,2,1,5,2,3,3,5,6,3,4,20,30,1,1,1.75,3.5,5,25,2,3,4,4.25
69,1,1,3,1,1,5,5,4,3,4,1,3,6,5,5,6,5,6,4,4,40,25,1,1,3.75,5.5,4.5,32.5,1,6,4,5
69,2,2,3,1,1,3,3,4,5,3,1,5,6,6,3,5,5,6,5,4,60,40,1,1,4,6,3.5,50,1,5,4,4.75
69,3,3,1,1,1,5,3,4,5,4,1,5,5,4,5,6,6,6,6,4,50,50,1,1,4.25,4.5,4.5,50,1,6,4,5.75
69,4,3,2,1,1,4,3,4,6,5,1,5,5,5,6,5,5,6,5,4,40,40,1,1,4.75,5,4,40,1,5,4,5.5
70,1,1,3,1,1,5,3,4,6,6,2,5,6,6,5,1,5,6,6,4,50,65,1,1,5,6,4.5,57.5,2,1,4,5.5
70,2,2,3,1,1,6,3,7,4,5,1,5,6,6,5,3,5,6,5,4,70,60,1,1,4.25,6,6.5,65,1,3,4,5.25
70,3,3,1,1,1,6,5,6,5,4,2,3,6,5,6,5,7,6,6,4,60,50,1,1,4.25,5.5,6,55,2,5,4,6.25
70,4,3,2,1,1,6,5,6,6,5,1,3,5,5,6,5,6,7,6,4,70,60,1,1,4.75,5,6,65,1,5,4,6.25
71,1,1,3,1,1,5,5,6,6,5,2,5,6,6,6,5,7,6,6,5,70,70,1,1,5.25,6,5.5,70,2,5,5,6.25
71,2,2,3,1,1,6,6,6,5,5,2,3,6,5,6,6,7,6,6,5,80,70,1,1,4.75,5.5,6,75,2,6,5,6.25
71,3,3,1,1,1,5,6,6,5,6,1,5,6,6,6,7,7,7,7,4,50,30,1,1,5.5,6,5.5,40,1,7,4,6.75
71,4,3,2,1,1,6,5,5,6,6,1,5,6,6,6,6,7,7,7,4,50,60,1,1,5.5,6,5.5,55,1,6,4,6.75
72,1,1,3,1,1,3,5,2,,4,5,5,6,5,6,5,7,7,6,5,50,30,3,0,4.6666666667,5.5,2.5,40,5,5,5,6.5
72,2,2,3,1,1,4,5,2,5,4,3,5,6,6,5,6,6,7,6,5,20,25,2,0,4.75,6,3,22.5,3,6,5,6
72,3,3,1,1,1,5,6,3,5,4,2,3,5,5,6,7,5,6,6,3,35,40,3,0,4.5,5,4,37.5,2,7,3,5.75
72,4,3,2,1,1,6,3,3,5,3,1,3,5,6,7,5,6,6,7,4,70,80,2,0,3.5,5.5,4.5,75,1,5,4,6.5
73,1,1,3,1,1,5,3,6,2,5,2,3,6,6,7,5,6,7,6,3,40,80,1,1,3.25,6,5.5,60,2,5,3,6.5
73,2,2,3,1,1,6,2,5,3,4,1,2,5,3,5,4,5,6,6,3,20,15,1,1,2.75,4,5.5,17.5,1,4,3,5.5
73,3,3,1,1,1,5,5,6,5,6,1,5,6,6,7,6,7,7,7,3,30,15,1,1,5.25,6,5.5,22.5,1,6,3,7
73,4,3,2,1,1,6,3,7,3,5,1,3,5,6,5,6,7,7,6,3,20,20,1,1,3.5,5.5,6.5,20,1,6,3,6.25
74,1,1,3,1,1,6,6,5,6,6,1,4,6,5,6,6,7,6,7,4,60,50,1,1,5.5,5.5,5.5,55,1,6,4,6.5
74,2,2,3,1,1,5,5,4,5,5,1,5,5,5,5,2,5,6,5,4,60,40,1,1,5,5,4.5,50,1,2,4,5.25
74,3,3,1,1,1,5,6,4,5,6,1,5,6,6,6,5,6,7,7,4,20,25,1,1,5.5,6,4.5,22.5,1,5,4,6.5
74,4,3,2,1,1,5,6,5,6,6,1,5,6,4,6,6,7,6,6,4,15,15,1,1,5.75,5,5,15,1,6,4,6.25
75,1,1,3,1,1,3,3,6,5,6,5,5,6,3,3,4,5,6,5,4,60,60,1,1,4.75,4.5,4.5,60,5,4,4,4.75
75,2,2,3,1,1,4,3,5,2,5,1,3,5,2,5,3,5,5,6,3,70,65,1,1,3.25,3.5,4.5,67.5,1,3,3,5.25
75,3,3,1,1,1,6,6,4,5,6,1,3,5,5,6,4,5,6,5,4,20,25,1,1,5,5,5,22.5,1,4,4,5.5
75,4,3,2,1,1,5,3,4,4,5,1,3,6,5,6,4,6,5,6,4,60,60,1,1,3.75,5.5,4.5,60,1,4,4,5.75
76,1,1,3,1,1,6,4,6,2,5,1,2,5,6,5,3,5,6,5,4,50,50,1,1,3.25,5.5,6,50,1,3,4,5.25
76,2,2,3,1,1,6,3,6,3,5,1,3,6,2,3,3,5,6,6,4,65,60,1,1,3.5,4,6,62.5,1,3,4,5
76,3,3,1,1,1,5,5,6,3,5,1,3,6,6,6,6,7,6,7,4,60,70,1,1,4,6,5.5,65,1,6,4,6.5
76,4,3,2,1,1,6,5,6,5,5,1,5,6,6,6,5,6,7,6,4,80,70,1,1,5,6,6,75,1,5,4,6.25
77,1,1,3,1,1,5,6,5,6,4,1,5,6,6,6,7,6,6,7,5,70,80,1,1,5.25,6,5,75,1,7,5,6.25
77,2,2,3,1,1,4,5,5,6,5,1,5,6,6,6,6,7,6,6,5,65,70,1,1,5.25,6,4.5,67.5,1,6,5,6.25
77,3,3,1,1,1,6,6,6,7,5,1,5,6,6,6,6,7,6,7,5,75,75,1,1,5.75,6,6,75,1,6,5,6.5
77,4,3,2,1,1,5,4,6,6,4,1,6,6,6,6,7,6,6,5,4,60,65,1,1,5,6,5.5,62.5,1,7,4,5.75
78,1,1,3,1,1,5,4,4,6,6,2,3,6,3,6,6,7,7,7,4,50,35,1,1,4.75,4.5,4.5,42.5,2,6,4,6.75
78,2,2,3,1,1,5,3,5,3,5,1,2,3,3,2,3,5,6,6,4,65,75,1,1,3.25,3,5,70,1,3,4,4.75
78,3,3,1,1,1,3,2,5,3,5,1,2,3,2,2,5,3,5,4,4,15,10,1,1,3,2.5,4,12.5,1,5,4,3.5
78,4,3,2,1,1,5,1,5,2,5,1,3,2,2,3,6,5,5,6,4,30,25,1,1,2.75,2,5,27.5,1,6,4,4.75
79,1,1,3,1,1,3,1,5,1,2,3,1,2,1,1,1,4,5,1,1,40,20,1,1,1.25,1.5,4,30,3,1,1,2.75
79,2,2,3,1,1,5,2,6,1,5,2,3,2,2,2,1,5,5,6,3,30,60,1,1,2.75,2,5.5,45,2,1,3,4.5
79,3,3,1,1,1,6,2,5,1,3,2,3,5,5,3,4,5,6,5,1,20,10,1,1,2.25,5,5.5,15,2,4,1,4.75
79,4,3,2,1,1,5,2,6,1,3,2,2,3,2,2,3,4,6,2,3,40,30,1,1,2,2.5,5.5,35,2,3,3,3.5
80,1,1,3,1,1,5,4,5,5,6,3,2,5,5,6,4,5,6,5,5,60,70,1,1,4.25,5,5,65,3,4,5,5.5
80,2,2,3,1,1,5,5,6,4,5,3,2,5,6,5,4,5,5,6,4,60,50,1,1,4,5.5,5.5,55,3,4,4,5.25
80,3,3,1,1,1,5,5,4,5,5,1,3,5,6,5,6,6,6,7,4,50,50,1,1,4.5,5.5,4.5,50,1,6,4,6
80,4,3,2,1,1,5,3,5,4,5,1,6,5,3,5,6,6,6,5,5,40,20,1,1,4.5,4,5,30,1,6,5,5.5
1,1,1,3,2,1,5,4,4,5,6,1,5,4,6,6,5,6,4,6,4,68,60,1,1,5,5,4.5,64,1,5,4,5.5
1,2,2,3,2,1,4,4,4,5,6,1,5,4,4,5,5,5,6,5,5,88,80,1,1,5,4,4,84,1,5,5,5.25
1,3,3,1,2,1,4,4,4,5,6,1,4,3,7,7,6,7,6,6,4,45,35,1,1,4.75,5,4,40,1,6,4,6.5
1,4,3,2,2,1,4,4,4,5,6,1,5,4,7,6,6,6,6,6,4,45,55,1,1,5,5.5,4,50,1,6,4,6
2,1,1,3,2,1,4,4,3,3,4,1,3,4,6,4,4,5,6,5,3,30,27,1,1,3.5,5,3.5,28.5,1,4,3,5
2,2,2,3,2,1,4,3,3,3,3,1,3,3,6,6,3,5,6,5,3,50,50,1,1,3,4.5,3.5,50,1,3,3,5.5
2,3,3,1,2,1,4,4,3,4,4,1,3,4,7,5,5,6,6,6,3,18,20,1,1,3.75,5.5,3.5,19,1,5,3,5.75
2,4,3,2,2,1,3,4,3,4,4,1,3,4,6,5,5,5,6,5,3,18,15,1,1,3.75,5,3,16.5,1,5,3,5.25
3,1,1,3,2,1,4,4,4,5,4,2,4,6,7,6,6,6,7,6,4,60,35,1,1,4.25,6.5,4,47.5,2,6,4,6.25
3,2,2,3,2,1,4,4,4,4,4,3,3,5,7,6,6,6,6,6,5,60,60,1,1,3.75,6,4,60,3,6,5,6
3,3,3,1,2,1,4,4,4,4,4,1,4,5,7,6,6,6,7,6,5,84,80,1,1,4,6,4,82,1,6,5,6.25
3,4,3,2,2,1,4,4,4,5,4,1,4,5,7,6,6,6,6,6,5,75,68,1,1,4.25,6,4,71.5,1,6,5,6
4,1,1,3,2,1,4,4,3,4,4,1,3,4,7,6,5,6,6,5,3,20,20,1,1,3.75,5.5,3.5,20,1,5,3,5.75
4,2,2,3,2,1,4,4,4,5,4,1,4,5,7,6,5,6,6,6,4,88,65,1,1,4.25,6,4,76.5,1,5,4,6
4,3,3,1,2,1,4,3,3,4,4,1,3,5,7,6,6,6,6,6,4,54,60,1,1,3.5,6,3.5,57,1,6,4,6
4,4,3,2,2,1,4,4,4,4,5,1,4,5,7,6,6,6,6,6,3,39,40,1,1,4.25,6,4,39.5,1,6,3,6
5,1,1,3,2,1,5,5,4,4,4,1,4,5,7,6,6,6,6,5,3,25,15,1,1,4.25,6,4.5,20,1,6,3,5.75
5,2,2,3,2,1,4,4,4,3,4,1,4,5,7,6,5,6,6,5,3,20,10,1,1,3.75,6,4,15,1,5,3,5.75
5,3,3,1,2,1,5,5,4,5,4,1,5,5,7,6,6,7,6,6,4,40,50,1,1,4.75,6,4.5,45,1,6,4,6.25
5,4,3,2,2,1,4,5,4,5,6,1,5,5,6,6,6,7,6,7,5,70,68,1,1,5.25,5.5,4,69,1,6,5,6.5
6,1,1,3,2,1,6,5,4,5,6,1,5,5,7,7,6,7,7,7,6,80,85,1,0,5.25,6,5,82.5,1,6,6,7
6,2,2,3,2,1,5,5,4,5,5,1,4,5,7,7,6,7,7,7,6,80,75,1,0,4.75,6,4.5,77.5,1,6,6,7
6,3,3,1,2,1,5,5,4,5,6,1,4,5,7,6,6,6,7,6,4,38,55,1,0,5,6,4.5,46.5,1,6,4,6.25
6,4,3,2,2,1,5,5,4,5,6,1,5,5,7,7,6,7,7,7,5,46,58,1,0,5.25,6,4.5,52,1,6,5,7
7,1,1,3,2,1,3,4,3,4,4,2,4,5,6,6,5,5,6,5,4,59,45,1,1,4,5.5,3,52,2,5,4,5.5
7,2,2,3,2,1,5,4,3,5,4,1,5,5,6,5,6,5,6,5,4,71,60,1,1,4.5,5.5,4,65.5,1,6,4,5.25
7,3,3,1,2,1,4,5,3,5,5,1,4,5,7,6,6,6,7,6,5,75,66,1,1,4.75,6,3.5,70.5,1,6,5,6.25
7,4,3,2,2,1,4,5,4,5,4,1,4,5,6,6,6,6,6,6,4,40,40,1,1,4.5,5.5,4,40,1,6,4,6
8,1,1,3,2,1,5,4,4,4,4,1,3,5,7,6,5,6,6,6,4,45,45,1,0,3.75,6,4.5,45,1,5,4,6
8,2,2,3,2,1,4,4,4,4,5,1,4,4,7,6,5,6,6,6,4,75,80,1,0,4.25,5.5,4,77.5,1,5,4,6
8,3,3,1,2,1,3,5,3,4,4,1,4,5,7,6,6,6,6,7,3,30,30,1,0,4.25,6,3,30,1,6,3,6.25
8,4,3,2,2,1,3,4,3,4,5,1,4,4,5,6,6,6,6,7,3,58,50,1,0,4.25,4.5,3,54,1,6,3,6.25
9,1,1,3,2,1,5,5,5,5,4,4,6,6,7,6,6,7,6,7,6,80,88,2,1,5,6.5,5,84,4,6,6,6.5
9,2,2,3,2,1,5,5,6,5,4,5,5,6,7,6,6,6,7,6,6,87,90,2,1,4.75,6.5,5.5,88.5,5,6,6,6.25
9,3,3,1,2,1,4,5,5,5,5,4,5,6,7,6,6,6,7,6,6,77,90,1,1,5,6.5,4.5,83.5,4,6,6,6.25
9,4,3,2,2,1,5,5,5,5,5,3,4,5,6,6,6,6,7,6,7,84,90,1,1,4.75,5.5,5,87,3,6,7,6.25
10,1,1,3,2,1,4,4,3,4,4,1,3,5,6,5,5,5,6,5,3,58,42,1,1,3.75,5.5,3.5,50,1,5,3,5.25
10,2,2,3,2,1,4,4,3,4,4,1,3,4,6,5,5,6,6,5,4,55,55,1,1,3.75,5,3.5,55,1,5,4,5.5
10,3,3,1,2,1,3,4,4,4,5,1,3,4,6,5,5,5,6,5,2,15,8,1,1,4,5,3.5,11.5,1,5,2,5.25
10,4,3,2,2,1,4,4,4,4,5,1,3,4,4,5,5,5,6,5,2,18,10,1,1,4,4,4,14,1,5,2,5.25
11,1,1,3,2,1,4,2,5,2,4,1,3,4,4,5,4,5,6,5,3,21,30,2,1,2.75,4,4.5,25.5,1,4,3,5.25
11,2,2,3,2,1,4,3,5,4,4,2,3,4,6,5,6,6,6,6,3,4,40,1,1,3.5,5,4.5,22,2,6,3,5.75
11,3,3,1,2,1,4,2,4,3,4,1,3,2,5,5,5,5,5,5,3,37,37,1,1,3,3.5,4,37,1,5,3,5
11,4,3,2,2,1,3,2,3,3,3,1,3,2,6,5,5,4,5,4,4,30,40,1,1,2.75,4,3,35,1,5,4,4.5
12,1,1,3,2,1,3,4,4,4,5,1,3,5,6,6,5,6,6,6,6,31,41,1,1,4,5.5,3.5,36,1,5,6,6
12,2,2,3,2,1,5,5,4,4,5,1,3,5,7,6,5,6,6,6,6,19,83,1,1,4.25,6,4.5,51,1,5,6,6
12,3,3,1,2,1,5,4,4,3,4,1,3,4,7,5,5,6,6,6,3,37,37,1,1,3.5,5.5,4.5,37,1,5,3,5.75
12,4,3,2,2,1,4,3,4,4,5,1,3,5,7,6,5,6,6,6,6,64,64,1,1,3.75,6,4,64,1,5,6,6
13,1,1,3,2,1,5,5,5,5,4,2,4,5,7,6,5,5,6,5,4,29,37,1,1,4.5,6,5,33,2,5,4,5.5
13,2,2,3,2,1,4,5,5,5,4,1,4,6,7,5,5,5,6,5,5,11,42,1,1,4.5,6.5,4.5,26.5,1,5,5,5.25
13,3,3,1,2,1,4,4,4,4,3,1,3,5,7,6,6,5,6,6,4,39,39,1,1,3.5,6,4,39,1,6,4,5.75
13,4,3,2,2,1,4,3,4,4,3,1,3,4,7,3,4,4,5,3,3,20,48,2,1,3.25,5.5,4,34,1,4,3,3.75
14,1,1,3,2,1,5,4,4,4,4,1,3,5,7,5,5,6,6,5,4,58,40,1,1,3.75,6,4.5,49,1,5,4,5.5
14,2,2,3,2,1,4,4,4,4,3,1,3,5,5,5,4,6,5,5,4,85,82,2,1,3.5,5,4,83.5,1,4,4,5.25
14,3,3,1,2,1,5,5,4,5,5,1,5,5,6,6,5,6,6,6,5,71,71,1,1,5,5.5,4.5,71,1,5,5,6
14,4,3,2,2,1,5,5,4,4,5,1,4,5,6,6,6,6,6,5,4,67,67,1,1,4.5,5.5,4.5,67,1,6,4,5.75
15,1,1,3,2,1,3,3,4,4,3,1,3,5,6,5,6,5,6,5,5,28,40,1,1,3.25,5.5,3.5,34,1,6,5,5.25
15,2,2,3,2,1,3,3,3,3,3,1,2,5,6,5,5,5,5,4,3,8,40,1,1,2.75,5.5,3,24,1,5,3,4.75
15,3,3,1,2,1,4,4,4,4,5,1,3,4,7,6,6,5,6,4,3,30,38,1,1,4,5.5,4,34,1,6,3,5.25
15,4,3,2,2,1,4,4,3,3,4,1,3,4,7,5,4,5,5,5,3,20,31,1,1,3.5,5.5,3.5,25.5,1,4,3,5
16,1,1,3,2,1,5,5,4,5,5,1,4,5,5,6,5,6,5,6,4,54,67,2,1,4.75,5,4.5,60.5,1,5,4,5.75
16,2,2,3,2,1,5,5,4,4,5,1,3,5,4,7,6,6,6,7,5,26,74,1,1,4.25,4.5,4.5,50,1,6,5,6.5
16,3,3,1,2,1,6,5,5,5,6,1,4,6,7,7,6,7,6,6,4,44,44,1,1,5,6.5,5.5,44,1,6,4,6.5
16,4,3,2,2,1,6,5,4,5,5,1,4,5,6,7,6,7,6,7,5,54,54,2,1,4.75,5.5,5,54,1,6,5,6.75
17,1,1,3,2,1,6,4,5,4,4,1,3,6,7,7,6,6,7,6,3,38,41,2,1,3.75,6.5,5.5,39.5,1,6,3,6.5
17,2,2,3,2,1,6,3,5,4,5,1,3,6,7,7,6,6,7,7,5,9,62,1,1,3.75,6.5,5.5,35.5,1,6,5,6.75
17,3,3,1,2,1,6,5,5,4,4,1,3,6,7,7,6,7,6,6,5,41,43,1,1,4,6.5,5.5,42,1,6,5,6.5
17,4,3,2,2,1,6,5,5,4,4,1,3,6,7,6,5,6,7,6,6,81,81,1,1,4,6.5,5.5,81,1,5,6,6.25
18,1,1,3,2,1,3,4,2,4,4,1,3,4,5,6,5,6,6,5,4,52,60,2,0,3.75,4.5,2.5,56,1,5,4,5.75
18,2,2,3,2,1,3,4,2,4,4,1,3,4,5,5,4,6,6,6,3,78,61,1,0,3.75,4.5,2.5,69.5,1,4,3,5.75
18,3,3,1,2,1,4,4,2,4,4,1,4,4,6,6,6,6,6,6,3,38,35,1,0,4,5,3,36.5,1,6,3,6
18,4,3,2,2,1,3,4,2,4,4,1,3,4,7,6,5,6,6,6,3,32,40,1,0,3.75,5.5,2.5,36,1,5,3,6
19,1,1,3,2,1,3,4,3,5,6,1,5,5,4,5,6,6,6,6,6,62,78,1,1,5,4.5,3,70,1,6,6,5.75
19,2,2,3,2,1,4,4,3,4,5,1,4,4,3,6,6,6,6,6,5,85,78,1,1,4.25,3.5,3.5,81.5,1,6,5,6
19,3,3,1,2,1,5,5,3,5,5,1,5,5,5,5,6,6,6,6,5,87,62,1,1,5,5,4,74.5,1,6,5,5.75
19,4,3,2,2,1,4,5,3,5,5,1,5,5,7,6,6,6,6,6,5,87,85,1,1,5,6,3.5,86,1,6,5,6
20,1,1,3,2,1,3,2,4,2,3,1,2,4,3,4,4,4,6,4,3,61,25,1,1,2.25,3.5,3.5,43,1,4,3,4.5
20,2,2,3,2,1,2,2,4,2,3,1,2,3,4,5,4,4,6,6,4,44,50,1,1,2.25,3.5,3,47,1,4,4,5.25
20,3,3,1,2,1,3,2,4,3,3,1,3,4,4,5,5,5,6,5,3,52,48,1,1,2.75,4,3.5,50,1,5,3,5.25
20,4,3,2,2,1,3,3,4,3,3,1,2,3,4,4,5,4,5,3,2,31,39,1,1,2.75,3.5,3.5,35,1,5,2,4
21,1,1,3,2,1,4,3,5,3,4,1,2,6,7,5,5,5,5,4,3,22,35,1,1,3,6.5,4.5,28.5,1,5,3,4.75
21,2,2,3,2,1,5,3,5,3,3,2,2,4,6,3,4,4,5,3,3,10,39,1,1,2.75,5,5,24.5,2,4,3,3.75
21,3,3,1,2,1,5,3,5,3,5,1,3,6,7,6,5,6,6,6,4,46,46,1,1,3.5,6.5,5,46,1,5,4,6
21,4,3,2,2,1,4,3,5,4,5,1,4,4,7,6,5,6,6,5,4,50,50,1,1,4,5.5,4.5,50,1,5,4,5.75
22,1,1,3,2,1,4,5,3,3,4,1,3,5,7,6,4,6,6,6,4,58,70,1,0,3.75,6,3.5,64,1,4,4,6
22,2,2,3,2,1,4,5,3,4,4,1,4,5,7,6,5,7,6,7,6,85,90,1,0,4.25,6,3.5,87.5,1,5,6,6.5
22,3,3,1,2,1,5,4,3,4,5,1,,4,7,6,6,6,7,7,3,39,39,1,0,4.3333333333,5.5,4,39,1,6,3,6.5
22,4,3,2,2,1,5,4,3,5,4,1,4,5,7,6,6,7,7,7,3,59,59,1,0,4.25,6,4,59,1,6,3,6.75
23,1,1,3,2,1,4,5,4,4,5,1,3,6,7,6,3,6,6,5,5,38,41,1,1,4.25,6.5,4,39.5,1,3,5,5.75
23,2,2,3,2,1,5,5,3,5,4,2,4,5,7,6,6,6,6,6,5,6,51,1,1,4.5,6,4,28.5,2,6,5,6
23,3,3,1,2,1,4,4,3,5,4,1,4,5,7,6,5,6,6,5,4,48,48,1,1,4.25,6,3.5,48,1,5,4,5.75
23,4,3,2,2,1,4,5,3,4,3,1,4,5,7,6,5,6,5,3,3,31,37,1,1,4,6,3.5,34,1,5,3,5
24,1,1,3,2,1,5,5,3,5,5,1,5,6,7,6,6,6,7,7,5,72,75,1,0,5,6.5,4,73.5,1,6,5,6.5
24,2,2,3,2,1,5,5,3,5,4,1,5,6,7,6,5,6,6,7,6,85,85,1,0,4.75,6.5,4,85,1,5,6,6.25
24,3,3,1,2,1,5,5,3,5,4,1,4,5,7,6,6,6,6,6,3,30,25,1,0,4.5,6,4,27.5,1,6,3,6
24,4,3,2,2,1,4,5,3,5,4,1,4,5,7,6,6,6,6,5,3,40,35,1,0,4.5,6,3.5,37.5,1,6,3,5.75
25,1,1,3,2,1,4,4,3,5,5,1,3,4,6,6,6,5,5,5,3,30,40,2,1,4.25,5,3.5,35,1,6,3,5.25
25,2,2,3,2,1,4,5,4,4,5,1,4,4,7,4,5,4,4,5,3,10,32,3,1,4.5,5.5,4,21,1,5,3,4.25
25,3,3,1,2,1,4,4,4,4,5,1,3,4,6,5,5,5,5,5,3,39,39,2,1,4,5,4,39,1,5,3,5
25,4,3,2,2,1,4,3,3,5,4,1,4,3,7,6,5,6,6,6,4,40,40,2,1,4,5,3.5,40,1,5,4,6
26,1,1,3,2,1,5,4,5,5,6,1,5,3,5,6,5,5,3,5,4,68,45,3,1,5,4,5,56.5,1,5,4,4.75
26,2,2,3,2,1,5,5,5,6,6,1,5,3,4,6,4,5,4,4,4,85,55,2,1,5.5,3.5,5,70,1,4,4,4.75
26,3,3,1,2,1,6,5,5,5,5,1,5,4,5,5,6,5,6,6,5,65,63,1,1,5,4.5,5.5,64,1,6,5,5.5
26,4,3,2,2,1,6,6,5,6,5,1,5,5,6,7,6,6,6,7,4,41,30,1,1,5.5,5.5,5.5,35.5,1,6,4,6.5
27,1,1,3,2,1,3,3,4,3,4,1,3,4,6,3,5,3,4,3,3,20,15,2,0,3.25,5,3.5,17.5,1,5,3,3.25
27,2,2,3,2,1,3,2,4,3,4,1,3,5,7,3,5,3,4,3,2,10,10,1,0,3,6,3.5,10,1,5,2,3.25
27,3,3,1,2,1,4,3,4,4,3,1,3,5,7,4,5,3,4,4,3,30,18,2,0,3.25,6,4,24,1,5,3,3.75
27,4,3,2,2,1,3,4,4,4,4,1,4,5,7,6,5,5,5,5,4,39,48,1,0,4,6,3.5,43.5,1,5,4,5.25
28,1,1,3,2,1,5,5,4,3,5,1,3,5,7,6,5,6,6,5,5,31,41,2,1,4,6,4.5,36,1,5,5,5.75
28,2,2,3,2,1,5,3,4,3,4,2,4,5,6,6,4,6,4,5,6,17,72,1,1,3.5,5.5,4.5,44.5,2,4,6,5.25
28,3,3,1,2,1,4,5,4,5,4,1,5,5,7,6,6,5,5,5,3,32,29,1,1,4.75,6,4,30.5,1,6,3,5.25
28,4,3,2,2,1,5,4,4,5,4,1,4,5,6,6,5,5,5,6,4,39,39,1,1,4.25,5.5,4.5,39,1,5,4,5.5
29,1,1,3,2,1,3,3,2,4,3,1,4,5,6,4,5,4,4,5,4,21,40,1,1,3.5,5.5,2.5,30.5,1,5,4,4.25
29,2,2,3,2,1,3,4,1,5,4,1,5,5,6,4,5,4,4,4,3,7,36,1,1,4.5,5.5,2,21.5,1,5,3,4
29,3,3,1,2,1,6,5,2,5,5,1,5,6,7,6,6,6,6,6,5,52,52,1,1,5,6.5,4,52,1,6,5,6
29,4,3,2,2,1,5,5,2,5,4,1,5,6,7,6,6,6,6,6,5,42,42,1,1,4.75,6.5,3.5,42,1,6,5,6
30,1,1,3,2,1,5,4,3,4,4,1,4,5,7,6,5,6,6,6,5,70,65,2,0,4,6,4,67.5,1,5,5,6
30,2,2,3,2,1,5,4,3,4,4,1,4,5,7,6,6,6,7,7,5,80,85,2,0,4,6,4,82.5,1,6,5,6.5
30,3,3,1,2,1,5,5,3,5,5,1,4,5,7,6,6,6,6,6,5,52,55,1,0,4.75,6,4,53.5,1,6,5,6
30,4,3,2,2,1,5,5,3,4,4,1,4,5,7,6,6,7,6,6,4,48,45,1,0,4.25,6,4,46.5,1,6,4,6.25
31,1,1,3,2,1,2,2,5,2,4,1,3,4,2,4,3,3,4,4,2,18,27,2,1,2.75,3,3.5,22.5,1,3,2,3.75
31,2,2,3,2,1,3,2,2,4,3,2,2,3,3,4,3,3,4,3,3,19,63,2,1,2.75,3,2.5,41,2,3,3,3.5
31,3,3,1,2,1,2,1,2,3,2,1,3,3,6,3,5,3,3,2,3,8,18,3,1,2.25,4.5,2,13,1,5,3,2.75
31,4,3,2,2,1,2,2,2,2,3,1,2,3,4,2,5,2,3,2,2,7,9,2,1,2.25,3.5,2,8,1,5,2,2.25
32,1,1,3,2,1,5,4,3,3,3,1,2,4,3,6,5,6,5,5,2,31,20,1,1,3,3.5,4,25.5,1,5,2,5.5
32,2,2,3,2,1,4,4,3,3,4,1,3,3,2,4,4,4,5,5,2,58,12,1,1,3.5,2.5,3.5,35,1,4,2,4.5
32,3,3,1,2,1,5,4,4,5,5,1,5,5,6,7,7,6,6,6,3,31,27,1,1,4.75,5.5,4.5,29,1,7,3,6.25
32,4,3,2,2,1,5,5,4,5,4,1,5,5,5,5,5,6,6,6,3,33,19,2,1,4.75,5,4.5,26,1,5,3,5.75
33,1,1,3,2,1,6,6,3,6,5,3,5,6,7,6,3,6,6,5,5,38,67,3,1,5.5,6.5,4.5,52.5,3,3,5,5.75
33,2,2,3,2,1,6,5,4,5,3,4,5,6,6,6,7,6,6,5,5,19,48,3,1,4.5,6,5,33.5,4,7,5,5.75
33,3,3,1,2,1,5,6,3,6,5,1,6,7,7,7,7,6,6,6,5,62,65,1,1,5.75,7,4,63.5,1,7,5,6.25
33,4,3,2,2,1,4,5,3,5,3,1,5,6,6,6,7,7,7,5,5,32,41,1,1,4.5,6,3.5,36.5,1,7,5,6.25
34,1,1,3,2,1,5,6,3,6,6,1,6,6,7,7,6,7,7,7,6,40,70,2,1,6,6.5,4,55,1,6,6,7
34,2,2,3,2,1,5,5,3,5,5,2,4,5,4,7,6,6,6,6,5,8,82,1,1,4.75,4.5,4,45,2,6,5,6.25
34,3,3,1,2,1,5,5,3,6,6,1,5,6,3,6,6,6,6,7,5,40,40,2,1,5.5,4.5,4,40,1,6,5,6.25
34,4,3,2,2,1,5,5,3,4,5,1,4,5,5,6,5,5,6,5,5,38,38,1,1,4.5,5,4,38,1,5,5,5.5
35,1,1,3,2,1,5,5,3,6,4,1,5,6,7,6,6,7,6,7,5,76,70,1,0,5,6.5,4,73,1,6,5,6.5
35,2,2,3,2,1,5,5,3,5,4,1,4,6,7,6,6,6,7,6,6,79,83,1,0,4.5,6.5,4,81,1,6,6,6.25
35,3,3,1,2,1,5,5,3,6,4,1,5,6,7,7,6,7,6,7,6,89,87,1,0,5,6.5,4,88,1,6,6,6.75
35,4,3,2,2,1,5,5,3,6,4,1,5,5,7,7,6,6,6,7,6,76,76,1,0,5,6,4,76,1,6,6,6.5
36,1,1,3,2,1,4,4,3,5,4,1,4,5,5,6,5,6,6,5,3,58,48,1,1,4.25,5,3.5,53,1,5,3,5.75
36,2,2,3,2,1,4,5,3,4,4,1,5,5,5,6,5,5,5,5,3,65,38,2,1,4.5,5,3.5,51.5,1,5,3,5.25
36,3,3,1,2,1,3,4,3,3,4,1,3,4,5,6,5,5,6,5,2,22,15,1,1,3.5,4.5,3,18.5,1,5,2,5.5
36,4,3,2,2,1,3,4,3,3,4,1,3,4,5,4,5,3,5,4,2,23,10,1,1,3.5,4.5,3,16.5,1,5,2,4
37,1,1,3,2,1,4,5,4,3,4,1,3,5,7,6,4,6,6,6,4,40,45,3,1,3.75,6,4,42.5,1,4,4,6
37,2,2,3,2,1,5,4,5,4,4,1,4,4,7,6,3,6,6,5,4,12,64,2,1,4,5.5,5,38,1,3,4,5.75
37,3,3,1,2,1,5,5,5,5,5,1,5,6,7,6,6,6,5,6,3,39,39,3,1,5,6.5,5,39,1,6,3,5.75
37,4,3,2,2,1,6,5,5,5,6,1,5,6,7,7,6,7,6,6,5,47,47,1,1,5.25,6.5,5.5,47,1,6,5,6.5
38,1,1,3,2,1,4,5,4,5,5,1,4,5,6,5,5,6,6,6,4,46,37,1,0,4.75,5.5,4,41.5,1,5,4,5.75
38,2,2,3,2,1,4,4,4,4,4,1,3,4,6,5,6,5,6,6,3,56,35,1,0,3.75,5,4,45.5,1,6,3,5.5
38,3,3,1,2,1,4,5,4,5,5,1,4,5,7,6,6,6,6,7,6,83,82,1,0,4.75,6,4,82.5,1,6,6,6.25
38,4,3,2,2,1,4,5,4,5,4,1,5,5,7,6,6,6,6,6,5,62,70,1,0,4.75,6,4,66,1,6,5,6
39,1,1,3,2,1,4,5,4,5,4,1,3,6,7,6,6,6,6,5,4,28,39,2,1,4.25,6.5,4,33.5,1,6,4,5.75
39,2,2,3,2,1,4,4,5,4,4,2,3,4,7,5,4,6,6,5,4,19,81,1,1,3.75,5.5,4.5,50,2,4,4,5.5
39,3,3,1,2,1,4,5,5,6,4,1,4,6,7,4,5,5,5,5,2,31,32,1,1,4.75,6.5,4.5,31.5,1,5,2,4.75
39,4,3,2,2,1,5,5,4,5,4,1,4,6,7,6,6,6,6,6,4,40,40,2,1,4.5,6.5,4.5,40,1,6,4,6
40,1,1,3,2,1,4,3,5,3,3,1,3,5,6,6,3,6,7,6,3,28,38,3,1,3,5.5,4.5,33,1,3,3,6.25
40,2,2,3,2,1,3,2,5,2,5,2,3,3,6,6,2,5,6,6,3,8,41,2,1,3,4.5,4,24.5,2,2,3,5.75
40,3,3,1,2,1,3,3,4,3,5,1,3,3,6,5,4,5,5,5,2,18,20,2,1,3.5,4.5,3.5,19,1,4,2,5
40,4,3,2,2,1,3,3,4,4,4,1,3,4,6,6,5,5,6,6,4,60,72,2,1,3.5,5,3.5,66,1,5,4,5.75
41,1,1,3,2,1,4,3,4,3,3,2,3,6,7,4,3,5,5,4,3,30,41,2,1,3,6.5,4,35.5,2,3,3,4.5
41,2,2,3,2,1,4,3,3,2,3,3,2,5,3,5,4,5,5,5,6,11,62,2,1,2.5,4,3.5,36.5,3,4,6,5
41,3,3,1,2,1,4,4,3,3,3,1,4,5,5,6,5,5,6,6,3,41,40,1,1,3.5,5,3.5,40.5,1,5,3,5.75
41,4,3,2,2,1,5,4,3,4,4,1,3,6,7,6,6,6,6,6,5,39,51,1,1,3.75,6.5,4,45,1,6,5,6
42,1,1,3,2,1,3,5,2,4,4,1,4,5,6,5,5,5,5,4,4,39,32,2,0,4.25,5.5,2.5,35.5,1,5,4,4.75
42,2,2,3,2,1,3,4,2,5,4,1,4,3,5,4,5,4,3,5,4,40,35,3,0,4.25,4,2.5,37.5,1,5,4,4
42,3,3,1,2,1,4,5,2,5,5,1,5,4,7,6,6,6,6,6,5,68,70,1,0,5,5.5,3,69,1,6,5,6
42,4,3,2,2,1,4,4,2,5,4,1,4,4,5,6,6,6,6,5,4,68,68,1,0,4.25,4.5,3,68,1,6,4,5.75
43,1,1,3,2,1,5,4,5,4,4,2,3,4,6,6,3,5,6,5,3,40,58,1,1,3.75,5,5,49,2,3,3,5.5
43,2,2,3,2,1,4,4,5,3,5,1,3,5,5,5,2,6,6,6,4,12,70,1,1,3.75,5,4.5,41,1,2,4,5.75
43,3,3,1,2,1,6,6,5,5,5,1,5,6,7,6,5,6,6,6,5,41,41,2,1,5.25,6.5,5.5,41,1,5,5,6
43,4,3,2,2,1,5,5,5,5,6,1,4,5,6,5,5,6,6,5,3,40,40,1,1,5,5.5,5,40,1,5,3,5.5
44,1,1,3,2,1,5,5,4,4,4,1,4,5,6,7,4,6,7,6,5,70,87,2,0,4.25,5.5,4.5,78.5,1,4,5,6.5
44,2,2,3,2,1,5,5,4,4,4,1,3,5,7,7,4,7,7,7,5,92,90,3,0,4,6,4.5,91,1,4,5,7
44,3,3,1,2,1,5,4,4,3,4,1,3,4,7,6,4,6,7,7,3,30,25,1,0,3.5,5.5,4.5,27.5,1,4,3,6.5
44,4,3,2,2,1,4,3,4,4,5,1,3,4,7,6,5,6,6,6,5,43,52,1,0,3.75,5.5,4,47.5,1,5,5,6
45,1,1,3,2,1,3,5,5,3,4,1,3,4,4,5,3,5,5,6,5,41,72,1,1,3.75,4,4,56.5,1,3,5,5.25
45,2,2,3,2,1,4,4,4,3,4,2,2,3,3,5,2,5,6,6,4,15,78,2,1,3.25,3,4,46.5,2,2,4,5.5
45,3,3,1,2,1,5,5,4,4,5,1,5,5,7,6,5,6,6,6,5,57,57,1,1,4.75,6,4.5,57,1,5,5,6
45,4,3,2,2,1,4,5,4,5,5,1,4,5,5,6,5,6,6,6,5,71,73,3,1,4.75,5,4,72,1,5,5,6
46,1,1,3,2,1,4,3,4,3,3,2,3,5,6,5,5,5,6,6,3,29,44,1,1,3,5.5,4,36.5,2,5,3,5.5
46,2,2,3,2,1,4,3,3,3,4,3,3,5,5,6,5,6,6,6,6,6,90,2,1,3.25,5,3.5,48,3,5,6,6
46,3,3,1,2,1,5,4,3,5,4,1,4,5,7,6,6,6,6,6,5,41,41,1,1,4.25,6,4,41,1,6,5,6
46,4,3,2,2,1,4,5,3,5,5,1,5,5,7,6,6,7,6,6,5,46,46,1,1,5,6,3.5,46,1,6,5,6.25
47,1,1,3,2,1,5,4,5,5,5,1,4,5,6,6,5,6,6,4,5,46,67,1,1,4.5,5.5,5,56.5,1,5,5,5.5
47,2,2,3,2,1,5,4,4,5,4,1,3,4,4,5,5,5,6,6,5,12,71,1,1,4,4,4.5,41.5,1,5,5,5.5
47,3,3,1,2,1,5,4,5,5,5,1,4,5,6,6,6,6,6,6,4,40,40,3,1,4.5,5.5,5,40,1,6,4,6
47,4,3,2,2,1,4,3,4,4,5,1,3,5,4,6,5,5,6,5,4,32,39,2,1,3.75,4.5,4,35.5,1,5,4,5.5
48,1,1,3,2,1,5,6,5,5,4,2,5,6,6,6,3,6,7,5,5,29,46,2,1,5,6,5,37.5,2,3,5,6
48,2,2,3,2,1,5,4,3,4,3,2,4,5,5,6,3,6,6,6,4,23,86,3,1,3.75,5,4,54.5,2,3,4,6
48,3,3,1,2,1,6,5,3,4,5,1,5,5,6,6,3,5,6,6,4,39,47,2,1,4.75,5.5,4.5,43,1,3,4,5.75
48,4,3,2,2,1,5,4,3,4,4,1,3,5,5,6,2,6,6,5,4,32,41,1,1,3.75,5,4,36.5,1,2,4,5.75
49,1,1,3,2,1,5,5,4,4,4,1,4,5,3,6,5,6,6,6,4,67,55,1,0,4.25,4,4.5,61,1,5,4,6
49,2,2,3,2,1,4,4,4,4,3,1,4,5,5,6,5,6,6,6,4,75,60,1,0,3.75,5,4,67.5,1,5,4,6
49,3,3,1,2,1,5,5,4,5,5,1,5,5,7,7,6,6,6,6,3,40,40,1,0,5,6,4.5,40,1,6,3,6.25
49,4,3,2,2,1,5,5,4,5,5,1,4,4,4,6,6,6,6,6,4,61,50,1,0,4.75,4,4.5,55.5,1,6,4,6
50,1,1,3,2,1,4,4,4,3,4,1,3,5,7,6,6,5,6,6,3,36,30,2,0,3.5,6,4,33,1,6,3,5.75
50,2,2,3,2,1,4,4,4,3,3,1,3,5,7,6,6,5,6,6,5,57,68,1,0,3.25,6,4,62.5,1,6,5,5.75
50,3,3,1,2,1,5,4,4,4,5,1,4,5,7,6,6,6,6,6,3,40,34,1,0,4.25,6,4.5,37,1,6,3,6
50,4,3,2,2,1,4,4,4,3,4,1,3,4,7,6,6,5,6,6,3,30,32,1,0,3.5,5.5,4,31,1,6,3,5.75
51,1,1,3,2,1,4,3,5,4,5,2,3,5,6,6,4,5,6,6,4,39,65,2,1,3.75,5.5,4.5,52,2,4,4,5.75
51,2,2,3,2,1,5,4,5,3,5,2,4,4,3,5,4,5,6,6,4,8,76,1,1,4,3.5,5,42,2,4,4,5.5
51,3,3,1,2,1,5,5,5,5,5,2,4,,7,6,6,6,6,6,4,46,46,2,1,4.75,7,5,46,2,6,4,6
51,4,3,2,2,1,6,5,5,6,6,1,5,6,6,,6,7,6,7,5,48,48,1,1,5.5,6,5.5,48,1,6,5,6.6666666667
52,1,1,3,2,1,6,5,5,6,5,1,5,4,6,6,5,5,3,6,5,38,72,4,1,5.25,5,5.5,55,1,5,5,5
52,2,2,3,2,1,6,4,5,5,5,1,4,3,5,6,5,5,3,6,6,21,79,4,1,4.5,4,5.5,50,1,5,6,5
52,3,3,1,2,1,3,3,4,4,4,1,3,5,7,6,6,6,6,7,3,40,40,2,1,3.5,6,3.5,40,1,6,3,6.25
52,4,3,2,2,1,3,3,4,4,4,1,3,4,7,6,6,5,5,5,4,52,52,2,1,3.5,5.5,3.5,52,1,6,4,5.25
53,1,1,3,2,1,5,5,5,4,4,2,5,3,3,6,6,6,5,6,5,47,78,2,1,4.5,3,5,62.5,2,6,5,5.75
53,2,2,3,2,1,5,3,5,3,6,2,3,2,3,6,2,5,6,6,5,19,72,4,1,3.75,2.5,5,45.5,2,2,5,5.75
53,3,3,1,2,1,5,5,5,5,6,1,4,5,7,7,6,6,6,6,6,68,70,3,1,5,6,5,69,1,6,6,6.25
53,4,3,2,2,1,5,4,4,5,5,1,3,3,4,7,4,7,6,6,5,48,53,2,1,4.25,3.5,4.5,50.5,1,4,5,6.5
54,1,1,3,2,1,5,5,4,4,4,1,3,5,7,6,5,6,7,5,4,39,40,1,0,4,6,4.5,39.5,1,5,4,6
54,2,2,3,2,1,5,4,4,4,4,1,4,4,7,6,6,6,6,6,5,65,65,1,0,4,5.5,4.5,65,1,6,5,6
54,3,3,1,2,1,4,4,3,4,4,1,3,4,7,6,6,6,6,6,5,67,67,1,0,3.75,5.5,3.5,67,1,6,5,6
54,4,3,2,2,1,4,4,3,4,4,1,3,4,7,6,6,6,6,6,5,68,70,1,0,3.75,5.5,3.5,69,1,6,5,6
55,1,1,3,2,1,3,4,3,3,4,1,3,5,7,5,3,4,5,4,3,25,20,2,0,3.5,6,3,22.5,1,3,3,4.5
55,2,2,3,2,1,3,4,3,3,4,1,3,4,7,6,4,6,6,5,5,92,90,2,0,3.5,5.5,3,91,1,4,5,5.75
55,3,3,1,2,1,5,4,3,5,5,1,4,6,7,6,6,7,6,6,4,53,50,1,0,4.5,6.5,4,51.5,1,6,4,6.25
55,4,3,2,2,1,5,5,4,5,5,1,5,5,7,7,6,7,6,7,4,45,45,1,0,5,6,4.5,45,1,6,4,6.75
56,1,1,3,2,1,3,4,4,4,4,1,4,5,6,6,5,5,6,6,5,65,55,1,0,4,5.5,3.5,60,1,5,5,5.75
56,2,2,3,2,1,3,5,3,4,4,1,3,5,7,6,4,6,6,7,3,68,65,2,0,4,6,3,66.5,1,4,3,6.25
56,3,3,1,2,1,3,4,3,4,4,1,4,4,7,6,5,6,7,6,4,45,45,2,0,4,5.5,3,45,1,5,4,6.25
56,4,3,2,2,1,4,5,3,5,4,1,4,5,7,6,6,7,7,7,4,45,40,1,0,4.5,6,3.5,42.5,1,6,4,6.75
57,1,1,3,2,1,5,5,5,6,4,5,3,6,7,7,6,7,7,7,3,66,40,2,1,4.5,6.5,5,53,5,6,3,7
57,2,2,3,2,1,5,3,5,4,4,3,2,6,6,7,6,6,7,6,5,67,83,1,1,3.25,6,5,75,3,6,5,6.5
57,3,3,1,2,1,4,4,5,5,4,2,2,6,6,6,6,5,6,5,3,19,9,1,1,3.75,6,4.5,14,2,6,3,5.5
57,4,3,2,2,1,5,3,5,5,4,3,3,6,6,6,7,6,7,7,4,41,55,1,1,3.75,6,5,48,3,7,4,6.5
58,1,1,3,2,1,2,3,3,4,5,1,4,5,6,6,5,5,5,6,5,37,70,2,1,4,5.5,2.5,53.5,1,5,5,5.5
58,2,2,3,2,1,2,3,3,5,5,1,4,2,3,5,5,5,6,6,5,12,74,,1,4.25,2.5,2.5,43,1,5,5,5.5
58,3,3,1,2,1,2,4,3,5,5,1,4,3,6,6,6,5,6,6,3,39,39,2,1,4.5,4.5,2.5,39,1,6,3,5.75
58,4,3,2,2,1,3,4,3,5,5,1,4,4,6,6,6,5,6,5,4,41,41,1,1,4.5,5,3,41,1,6,4,5.5
59,1,1,3,2,1,3,3,4,3,4,2,3,4,6,4,5,5,4,5,4,24,70,1,1,3.25,5,3.5,47,2,5,4,4.5
59,2,2,3,2,1,2,3,3,3,4,2,2,3,3,5,3,5,5,6,5,23,75,2,1,3,3,2.5,49,2,3,5,5.25
59,3,3,1,2,1,2,2,2,4,5,1,3,3,6,5,5,5,5,5,3,31,41,1,1,3.5,4.5,2,36,1,5,3,5
59,4,3,2,2,1,2,2,2,3,4,1,3,4,6,6,5,5,5,5,4,41,41,1,1,3,5,2,41,1,5,4,5.25
60,1,1,3,2,1,5,5,3,5,5,1,5,6,7,6,6,6,6,7,4,68,50,1,0,5,6.5,4,59,1,6,4,6.25
60,2,2,3,2,1,5,5,3,5,5,1,5,6,7,6,6,6,6,7,6,67,85,1,0,5,6.5,4,76,1,6,6,6.25
60,3,3,1,2,1,5,5,3,5,5,1,5,6,7,6,6,6,6,7,4,40,31,1,0,5,6.5,4,35.5,1,6,4,6.25
60,4,3,2,2,1,5,5,3,5,6,1,5,6,7,7,6,7,6,7,5,40,43,1,0,5.25,6.5,4,41.5,1,6,5,6.75
61,1,1,3,2,1,4,3,4,4,5,2,3,5,6,7,5,6,6,6,4,41,68,1,1,3.75,5.5,4,54.5,2,5,4,6.25
61,2,2,3,2,1,5,5,4,3,3,2,3,4,4,5,3,5,6,6,6,18,81,2,1,3.5,4,4.5,49.5,2,3,6,5.5
61,3,3,1,2,1,5,6,5,6,6,1,5,6,7,6,7,7,6,6,5,46,46,1,1,5.75,6.5,5,46,1,7,5,6.25
61,4,3,2,2,1,6,5,4,6,6,1,5,6,7,6,7,7,6,6,4,41,41,1,1,5.5,6.5,5,41,1,7,4,6.25
62,1,1,3,2,1,5,5,3,5,5,1,5,5,7,7,7,7,6,5,5,42,40,1,0,5,6,4,41,1,7,5,6.25
62,2,2,3,2,1,5,5,3,5,5,1,4,6,7,6,6,7,4,6,5,90,90,4,0,4.75,6.5,4,90,1,6,5,5.75
62,3,3,1,2,1,5,5,4,5,6,1,5,6,7,7,7,7,6,6,3,30,32,1,0,5.25,6.5,4.5,31,1,7,3,6.5
62,4,3,2,2,1,4,5,4,5,5,1,4,5,7,7,6,7,7,6,2,12,10,1,0,4.75,6,4,11,1,6,2,6.75
63,1,1,3,2,1,4,5,2,5,4,1,5,5,6,6,6,6,6,6,5,42,67,1,1,4.75,5.5,3,54.5,1,6,5,6
63,2,2,3,2,1,3,4,2,4,4,2,4,4,6,6,5,6,6,6,4,18,66,2,1,4,5,2.5,42,2,5,4,6
63,3,3,1,2,1,3,4,3,3,4,1,3,5,7,6,5,5,6,5,2,30,28,2,1,3.5,6,3,29,1,5,2,5.5
63,4,3,2,2,1,2,3,2,3,4,1,3,4,7,5,6,6,6,6,5,31,42,1,1,3.25,5.5,2,36.5,1,6,5,5.75
64,1,1,3,2,1,3,5,3,4,3,1,5,5,6,4,5,5,5,5,2,37,41,1,1,4.25,5.5,3,39,1,5,2,4.75
64,2,2,3,2,1,3,4,3,4,5,3,4,5,5,5,3,5,5,5,4,78,73,1,1,4.25,5,3,75.5,3,3,4,5
64,3,3,1,2,1,5,5,3,5,5,1,5,6,7,7,5,6,6,6,5,50,44,1,1,5,6.5,4,47,1,5,5,6.25
64,4,3,2,2,1,5,5,4,5,5,1,5,6,6,6,6,6,7,6,5,78,83,1,1,5,6,4.5,80.5,1,6,5,6.25
65,1,1,3,2,1,5,3,4,6,6,1,3,3,4,6,6,6,5,6,3,30,48,3,1,4.5,3.5,4.5,39,1,6,3,5.75
65,2,2,3,2,1,4,3,3,4,4,1,3,2,3,4,5,5,4,6,5,8,78,1,1,3.5,2.5,3.5,43,1,5,5,4.75
65,3,3,1,2,1,4,4,3,5,5,1,3,6,6,6,6,5,5,5,4,37,37,1,1,4.25,6,3.5,37,1,6,4,5.25
65,4,3,2,2,1,3,4,3,5,5,1,4,4,5,6,6,5,6,5,4,41,41,2,1,4.5,4.5,3,41,1,6,4,5.5
66,1,1,3,2,1,4,3,3,4,5,1,3,3,5,6,5,5,6,6,3,27,41,2,1,3.75,4,3.5,34,1,5,3,5.75
66,2,2,3,2,1,3,2,3,3,3,1,2,3,6,5,5,4,6,5,3,14,57,1,1,2.5,4.5,3,35.5,1,5,3,5
66,3,3,1,2,1,4,4,4,5,5,1,4,5,5,6,6,6,7,6,5,41,41,2,1,4.5,5,4,41,1,6,5,6.25
66,4,3,2,2,1,3,3,3,2,4,1,3,3,6,6,5,5,6,6,2,37,37,1,1,3,4.5,3,37,1,5,2,5.75
67,1,1,3,2,1,4,3,2,3,3,2,3,3,4,6,6,6,6,7,5,66,72,1,1,3,3.5,3,69,2,6,5,6.25
67,2,2,3,2,1,4,2,3,3,3,3,2,3,4,6,6,5,6,6,5,9,75,1,1,2.5,3.5,3.5,42,3,6,5,5.75
67,3,3,1,2,1,4,3,3,4,4,1,3,5,6,6,6,6,6,7,3,21,21,2,1,3.5,5.5,3.5,21,1,6,3,6.25
67,4,3,2,2,1,3,2,3,3,3,1,2,3,3,4,5,5,6,5,3,35,35,1,1,2.5,3,3,35,1,5,3,5
68,1,1,3,2,1,4,2,5,2,2,1,2,3,3,5,4,3,4,3,1,27,38,2,1,2,3,4.5,32.5,1,4,1,3.75
68,2,2,3,2,1,2,2,4,2,1,2,1,3,5,5,5,5,6,6,5,18,67,1,1,1.5,4,3,42.5,2,5,5,5.5
68,3,3,1,2,1,2,4,4,3,4,1,3,5,7,6,6,4,5,4,1,3,3,1,1,3.5,6,3,3,1,6,1,4.75
68,4,3,2,2,1,2,2,4,2,3,1,2,3,6,5,5,5,6,5,2,27,32,1,1,2.25,4.5,3,29.5,1,5,2,5.25
69,1,1,3,2,1,3,4,3,4,4,1,3,6,5,6,6,5,6,6,5,37,48,1,1,3.75,5.5,3,42.5,1,6,5,5.75
69,2,2,3,2,1,3,4,2,4,4,1,3,5,6,6,5,5,6,5,5,6,41,1,1,3.75,5.5,2.5,23.5,1,5,5,5.5
69,3,3,1,2,1,4,4,2,4,5,1,3,4,7,6,6,5,6,6,5,74,74,1,1,4,5.5,3,74,1,6,5,5.75
69,4,3,2,2,1,4,4,2,4,5,1,3,4,6,5,6,5,6,5,5,47,47,2,1,4,5,3,47,1,6,5,5.25
70,1,1,3,2,1,6,3,5,4,5,2,5,6,5,7,4,6,6,6,6,41,62,2,1,4.25,5.5,5.5,51.5,2,4,6,6.25
70,2,2,3,2,1,5,4,5,4,6,2,5,5,5,6,3,6,6,6,4,18,57,1,1,4.75,5,5,37.5,2,3,4,6
70,3,3,1,2,1,5,3,3,4,3,1,4,5,6,6,4,6,7,6,3,34,42,1,1,3.5,5.5,4,38,1,4,3,6.25
70,4,3,2,2,1,6,4,5,4,5,1,3,4,5,5,4,6,6,5,4,38,46,2,1,4,4.5,5.5,42,1,4,4,5.5
71,1,1,3,2,1,6,5,6,6,6,2,5,6,2,7,4,7,6,7,6,42,81,3,1,5.5,4,6,61.5,2,4,6,6.75
71,2,2,3,2,1,5,3,6,5,6,1,4,4,2,6,5,6,6,6,6,12,64,2,1,4.5,3,5.5,38,1,5,6,6
71,3,3,1,2,1,6,6,6,7,6,1,6,5,6,7,6,7,7,7,5,48,48,1,1,6.25,5.5,6,48,1,6,5,7
71,4,3,2,2,1,6,5,6,5,6,1,5,5,3,6,6,6,7,6,5,58,67,1,1,5.25,4,6,62.5,1,6,5,6.25
72,1,1,3,2,1,5,4,4,6,5,1,5,6,7,7,6,7,7,7,4,45,50,1,0,5,6.5,4.5,47.5,1,6,4,7
72,2,2,3,2,1,5,4,4,5,4,1,4,5,6,6,6,6,6,4,3,42,40,1,0,4.25,5.5,4.5,41,1,6,3,5.5
72,3,3,1,2,1,4,4,4,4,5,1,3,5,6,5,6,6,6,5,3,30,30,1,0,4,5.5,4,30,1,6,3,5.5
72,4,3,2,2,1,5,4,4,5,4,1,4,6,7,6,6,6,6,6,4,47,40,1,0,4.25,6.5,4.5,43.5,1,6,4,6
73,1,1,3,2,1,5,5,5,5,5,1,4,4,6,6,5,6,5,6,5,31,61,1,1,4.75,5,5,46,1,5,5,5.75
73,2,2,3,2,1,4,3,4,3,4,1,3,4,3,5,4,5,6,5,4,8,72,1,1,3.25,3.5,4,40,1,4,4,5.25
73,3,3,1,2,1,4,5,4,5,5,1,4,5,6,6,7,5,6,5,2,27,27,1,1,4.75,5.5,4,27,1,7,2,5.5
73,4,3,2,2,1,3,4,3,4,5,1,4,6,7,6,6,6,6,6,5,55,57,2,1,4.25,6.5,3,56,1,6,5,6
74,1,1,3,2,1,5,6,3,6,5,2,5,6,7,6,6,6,5,6,5,45,72,1,1,5.5,6.5,4,58.5,2,6,5,5.75
74,2,2,3,2,1,5,5,3,5,4,2,4,6,7,6,6,6,5,5,5,7,59,2,1,4.5,6.5,4,33,2,6,5,5.5
74,3,3,1,2,1,5,6,4,5,5,1,4,6,7,6,7,6,6,6,3,36,36,1,1,5,6.5,4.5,36,1,7,3,6
74,4,3,2,2,1,5,5,4,5,5,1,4,5,6,6,6,6,6,7,3,31,31,1,1,4.75,5.5,4.5,31,1,6,3,6.25
75,1,1,3,2,1,4,3,4,5,4,1,4,4,3,6,5,5,6,6,5,47,78,1,1,4,3.5,4,62.5,1,5,5,5.75
75,2,2,3,2,1,3,2,4,3,4,1,2,3,3,6,5,4,6,5,4,9,66,2,1,2.75,3,3.5,37.5,1,5,4,5.25
75,3,3,1,2,1,5,4,5,4,4,1,3,5,5,6,5,5,6,6,3,39,39,1,1,3.75,5,5,39,1,5,3,5.75
75,4,3,2,2,1,4,4,3,5,4,1,3,3,5,6,6,6,6,6,6,76,76,1,1,4,4,3.5,76,1,6,6,6
76,1,1,3,2,1,5,3,6,3,4,2,3,5,6,6,2,5,5,5,3,36,56,3,1,3.25,5.5,5.5,46,2,2,3,5.25
76,2,2,3,2,1,5,3,5,4,4,3,3,4,5,6,2,5,6,5,4,19,83,3,1,3.5,4.5,5,51,3,2,4,5.5
76,3,3,1,2,1,4,3,6,3,4,1,2,5,5,6,5,5,6,6,4,52,52,1,1,3,5,5,52,1,5,4,5.75
76,4,3,2,2,1,5,4,4,5,5,1,4,6,6,7,7,6,6,6,6,87,87,2,1,4.5,6,4.5,87,1,7,6,6.25
77,1,1,3,2,1,5,5,3,5,4,1,4,6,4,6,5,6,6,5,4,43,82,1,1,4.5,5,4,62.5,1,5,4,5.75
77,2,2,3,2,1,4,4,3,4,4,1,3,5,4,6,5,5,6,5,4,12,71,1,1,3.75,4.5,3.5,41.5,1,5,4,5.5
77,3,3,1,2,1,6,5,4,5,4,1,4,5,4,6,6,6,6,6,5,79,79,2,1,4.5,4.5,5,79,1,6,5,6
77,4,3,2,2,1,4,4,4,3,4,1,3,3,3,5,5,5,6,5,5,47,67,1,1,3.5,3,4,57,1,5,5,5.25
78,1,1,3,2,1,5,5,5,5,6,1,5,6,7,7,6,6,6,6,5,38,61,2,1,5.25,6.5,5,49.5,1,6,5,6.25
78,2,2,3,2,1,5,5,4,5,5,1,4,6,7,6,6,6,6,6,5,12,74,,1,4.75,6.5,4.5,43,1,6,5,6
78,3,3,1,2,1,5,5,5,6,5,1,5,6,7,6,6,6,7,6,3,43,43,1,1,5.25,6.5,5,43,1,6,3,6.25
78,4,3,2,2,1,5,4,4,5,5,1,5,5,7,6,6,5,6,5,3,38,40,2,1,4.75,6,4.5,39,1,6,3,5.5
79,1,1,3,2,1,5,2,4,2,3,1,1,4,2,3,2,2,4,3,2,19,32,2,1,2,3,4.5,25.5,1,2,2,3
79,2,2,3,2,1,5,4,4,4,5,2,4,5,4,5,3,4,4,5,5,36,82,2,1,4.25,4.5,4.5,59,2,3,5,4.5
79,3,3,1,2,1,5,5,4,5,5,1,4,5,7,6,6,6,5,5,2,29,33,1,1,4.75,6,4.5,31,1,6,2,5.5
79,4,3,2,2,1,5,4,3,4,3,2,4,5,3,4,4,5,5,4,4,36,51,1,1,3.75,4,4,43.5,2,4,4,4.5
80,1,1,3,2,1,5,6,3,6,4,2,6,7,7,6,5,6,6,6,5,24,68,2,1,5.5,7,4,46,2,5,5,6
80,2,2,3,2,1,5,6,3,6,4,2,5,4,7,6,5,6,6,6,5,17,64,1,1,5.25,5.5,4,40.5,2,5,5,6
80,3,3,1,2,1,3,5,3,5,4,1,3,5,7,6,7,6,6,6,3,32,34,2,1,4.25,6,3,33,1,7,3,6
80,4,3,2,2,1,3,5,4,5,3,1,4,5,6,6,5,5,6,5,3,33,38,2,1,4.25,5.5,3.5,35.5,1,5,3,5.5
1,1,1,3,3,1,3,3,3,5,5,1,3,4,6,6,5,5,6,5,4,25,30,1,1,4,5,3,27.5,1,5,4,5.5
1,2,2,3,3,1,4,4,4,5,4,1,3,4,6,6,5,5,6,5,4,20,50,1,1,4,5,4,35,1,5,4,5.5
1,3,3,1,3,1,3,4,3,4,4,1,3,4,6,6,6,5,6,6,4,10,30,1,1,3.75,5,3,20,1,6,4,5.75
1,4,3,2,3,1,4,4,4,5,4,1,4,4,6,6,6,5,6,5,4,25,40,1,1,4.25,5,4,32.5,1,6,4,5.5
2,1,1,3,3,1,3,3,3,2,4,1,3,5,5,6,4,4,5,4,3,25,35,1,1,3,5,3,30,1,4,3,4.75
2,2,2,3,3,1,3,3,3,2,4,1,3,5,5,6,5,5,6,5,3,20,50,1,1,3,5,3,35,1,5,3,5.5
2,3,3,1,3,1,3,3,3,3,4,1,3,4,5,6,5,4,6,4,4,20,30,1,1,3.25,4.5,3,25,1,5,4,5
2,4,3,2,3,1,3,3,2,3,4,1,2,3,5,5,5,4,5,4,3,10,20,1,1,3,4,2.5,15,1,5,3,4.5
3,1,1,3,3,1,2,3,3,4,4,1,3,6,6,5,6,5,5,4,4,30,30,1,1,3.5,6,2.5,30,1,6,4,4.75
3,2,2,3,3,1,3,4,3,4,4,1,3,5,6,5,6,5,6,5,4,30,50,1,1,3.75,5.5,3,40,1,6,4,5.25
3,3,3,1,3,1,3,4,3,4,3,1,3,5,6,6,6,6,6,5,4,50,50,1,1,3.5,5.5,3,50,1,6,4,5.75
3,4,3,2,3,1,3,4,3,5,3,1,4,5,6,6,6,6,6,6,5,65,65,1,1,4,5.5,3,65,1,6,5,6
4,1,1,3,3,1,4,3,3,3,4,2,3,5,6,4,6,3,4,4,4,15,30,1,1,3.25,5.5,3.5,22.5,2,6,4,3.75
4,2,2,3,3,1,3,3,3,3,4,1,2,5,6,6,6,5,6,5,4,25,35,1,1,3,5.5,3,30,1,6,4,5.5
4,3,3,1,3,1,3,3,2,3,4,1,1,4,6,6,6,5,6,5,4,20,30,1,1,2.75,5,2.5,25,1,6,4,5.5
4,4,3,2,3,1,3,3,2,3,4,1,2,5,5,6,6,5,6,5,3,20,30,1,1,3,5,2.5,25,1,6,3,5.5
5,1,1,3,3,1,3,4,5,4,4,2,4,5,6,6,6,5,6,5,4,30,40,1,1,4,5.5,4,35,2,6,4,5.5
5,2,2,3,3,1,3,3,4,3,4,1,2,6,6,6,6,5,6,4,4,30,40,1,1,3,6,3.5,35,1,6,4,5.25
5,3,3,1,3,1,4,5,4,4,4,1,4,4,5,6,6,5,6,6,4,30,30,1,1,4.25,4.5,4,30,1,6,4,5.75
5,4,3,2,3,1,3,4,4,4,4,1,3,5,6,6,6,6,6,7,4,70,50,1,1,3.75,5.5,3.5,60,1,6,4,6.25
6,1,1,3,3,1,6,4,3,5,6,5,5,5,6,6,5,7,6,6,5,30,70,1,0,5,5.5,4.5,50,5,5,5,6.25
6,2,2,3,3,1,7,4,5,6,6,5,6,5,6,6,5,6,7,6,5,10,70,1,0,5.5,5.5,6,40,5,5,5,6.25
6,3,3,1,3,1,6,4,4,6,6,2,6,4,6,6,5,6,7,7,4,25,40,1,0,5.5,5,5,32.5,2,5,4,6.5
6,4,3,2,3,1,4,4,3,5,6,2,5,4,6,6,5,6,6,6,4,50,50,1,0,5,5,3.5,50,2,5,4,6
7,1,1,3,3,1,3,3,2,2,3,1,2,4,6,5,7,4,5,4,3,10,30,1,1,2.5,5,2.5,20,1,7,3,4.5
7,2,2,3,3,1,3,3,2,2,3,1,2,5,6,5,7,4,5,5,3,50,50,1,1,2.5,5.5,2.5,50,1,7,3,4.75
7,3,3,1,3,1,3,4,3,4,4,1,3,6,6,5,7,5,5,5,3,40,40,1,1,3.75,6,3,40,1,7,3,5
7,4,3,2,3,1,3,3,3,3,3,1,3,6,6,5,7,5,5,5,3,20,30,1,1,3,6,3,25,1,7,3,5
8,1,1,3,3,1,3,4,2,3,4,1,4,6,6,6,4,5,6,5,4,20,40,1,0,3.75,6,2.5,30,1,4,4,5.5
8,2,2,3,3,1,2,4,2,3,4,1,4,6,6,6,4,5,6,5,4,5,50,1,0,3.75,6,2,27.5,1,4,4,5.5
8,3,3,1,3,1,2,4,2,5,4,1,5,6,6,6,6,5,6,5,4,15,30,1,0,4.5,6,2,22.5,1,6,4,5.5
8,4,3,2,3,1,2,4,2,5,4,1,4,5,5,6,6,5,6,5,3,18,30,1,0,4.25,5,2,24,1,6,3,5.5
9,1,1,3,3,1,6,5,6,6,4,5,6,7,7,7,7,6,7,6,5,20,60,1,1,5.25,7,6,40,5,7,5,6.5
9,2,2,3,3,1,7,5,6,6,4,6,5,7,7,7,7,6,7,6,6,5,50,1,1,5,7,6.5,27.5,6,7,6,6.5
9,3,3,1,3,1,6,5,5,6,4,5,5,7,7,7,7,7,7,7,6,70,70,1,1,5,7,5.5,70,5,7,6,7
9,4,3,2,3,1,6,5,6,6,4,6,5,7,7,7,7,7,7,7,6,60,70,1,1,5,7,6,65,6,7,6,7
10,1,1,3,3,1,3,3,2,2,3,1,2,5,5,5,6,4,5,4,3,15,30,1,1,2.5,5,2.5,22.5,1,6,3,4.5
10,2,2,3,3,1,3,3,3,2,4,1,2,5,6,5,6,4,5,4,3,10,30,1,1,2.75,5.5,3,20,1,6,3,4.5
10,3,3,1,3,1,3,3,3,3,4,1,3,5,5,5,6,5,6,5,3,20,30,1,1,3.25,5,3,25,1,6,3,5.25
10,4,3,2,3,1,3,2,3,2,4,1,2,6,5,4,6,3,4,3,2,5,10,1,1,2.5,5.5,3,7.5,1,6,2,3.5
11,1,1,3,3,1,2,2,2,2,3,1,2,5,3,6,6,5,6,5,3,20,35,1,1,2.25,4,2,27.5,1,6,3,5.5
11,2,2,3,3,1,2,2,2,3,3,1,2,5,3,6,6,5,6,5,3,5,50,1,1,2.5,4,2,27.5,1,6,3,5.5
11,3,3,1,3,1,2,2,2,3,3,1,2,3,2,6,6,5,6,5,2,20,30,1,1,2.5,2.5,2,25,1,6,2,5.5
11,4,3,2,3,1,1,1,1,2,3,1,1,2,2,4,6,3,5,4,2,20,20,1,1,1.75,2,1,20,1,6,2,4
12,1,1,3,3,1,2,4,2,3,3,1,2,5,3,6,6,6,6,6,5,50,70,1,1,3,4,2,60,1,6,5,6
12,2,2,3,3,1,3,4,3,3,3,1,3,5,5,6,6,6,6,6,5,10,60,1,1,3.25,5,3,35,1,6,5,6
12,3,3,1,3,1,5,4,5,4,5,1,3,4,3,6,6,6,6,6,4,30,45,1,1,4,3.5,5,37.5,1,6,4,6
12,4,3,2,3,1,2,3,2,3,4,1,2,3,2,6,6,6,6,5,4,50,45,1,1,3,2.5,2,47.5,1,6,4,5.75
13,1,1,3,3,1,5,4,3,3,3,2,5,5,6,6,6,6,6,4,,0,0,,1,3.75,5.5,4,0,2,6,,5.5
13,2,2,3,3,1,5,4,3,3,3,1,2,5,5,6,6,5,6,5,4,20,40,1,1,3,5,4,30,1,6,4,5.5
13,3,3,1,3,1,5,4,5,3,3,1,2,5,3,6,6,6,6,6,3,30,30,1,1,3,4,5,30,1,6,3,6
13,4,3,2,3,1,2,3,3,3,3,1,2,5,3,6,6,6,6,6,3,30,30,1,1,2.75,4,2.5,30,1,6,3,6
14,1,1,3,3,1,5,3,4,3,3,2,3,5,6,5,5,4,5,4,4,20,25,1,1,3,5.5,4.5,22.5,2,5,4,4.5
14,2,2,3,3,1,4,3,4,2,4,1,3,5,3,4,5,4,5,4,3,5,20,1,1,3,4,4,12.5,1,5,3,4.25
14,3,3,1,3,1,5,4,5,5,5,1,5,5,5,6,5,6,6,6,5,60,60,1,1,4.75,5,5,60,1,5,5,6
14,4,3,2,3,1,6,4,5,5,5,1,5,5,3,6,5,6,6,6,5,70,70,1,1,4.75,4,5.5,70,1,5,5,6
15,1,1,3,3,1,1,3,1,2,3,1,2,5,3,3,3,3,5,4,2,15,15,1,1,2.5,4,1,15,1,3,2,3.75
15,2,2,3,3,1,1,2,1,2,2,1,2,5,3,3,3,3,5,4,2,5,15,1,1,2,4,1,10,1,3,2,3.75
15,3,3,1,3,1,1,3,1,2,3,1,3,3,3,3,3,3,5,3,2,25,25,1,1,2.75,3,1,25,1,3,2,3.5
15,4,3,2,3,1,1,3,1,3,3,1,2,3,3,3,3,3,5,3,2,20,20,1,1,2.75,3,1,20,1,3,2,3.5
16,1,1,3,3,1,3,4,2,5,5,1,5,5,6,6,6,5,5,5,4,25,30,1,1,4.75,5.5,2.5,27.5,1,6,4,5.25
16,2,2,3,3,1,2,5,2,6,5,2,5,6,5,6,6,6,6,6,4,15,70,1,1,5.25,5.5,2,42.5,2,6,4,6
16,3,3,1,3,1,4,6,3,6,6,1,6,6,5,6,6,6,6,6,4,20,30,1,1,6,5.5,3.5,25,1,6,4,6
16,4,3,2,3,1,4,6,3,6,6,1,6,6,6,6,6,6,6,6,4,50,30,1,1,6,6,3.5,40,1,6,4,6
17,1,1,3,3,1,5,3,5,5,5,5,5,5,6,6,6,6,7,6,4,20,50,1,1,4.5,5.5,5,35,5,6,4,6.25
17,2,2,3,3,1,5,2,4,5,5,4,3,5,5,6,6,6,6,5,3,5,40,1,1,3.75,5,4.5,22.5,4,6,3,5.75
17,3,3,1,3,1,6,4,3,5,4,2,4,5,5,6,6,6,6,6,5,40,60,1,1,4.25,5,4.5,50,2,6,5,6
17,4,3,2,3,1,5,5,4,5,4,1,5,5,5,6,6,6,6,6,5,70,60,1,1,4.75,5,4.5,65,1,6,5,6
18,1,1,3,3,1,2,3,1,3,4,1,2,3,5,6,5,5,6,6,3,30,30,1,0,3,4,1.5,30,1,5,3,5.75
18,2,2,3,3,1,2,2,1,3,4,1,3,3,5,6,5,5,6,6,5,20,70,1,0,3,4,1.5,45,1,5,5,5.75
18,3,3,1,3,1,3,2,2,3,4,1,2,3,6,6,5,5,6,5,3,30,30,1,0,2.75,4.5,2.5,30,1,5,3,5.5
18,4,3,2,3,1,2,4,2,3,4,1,3,3,5,6,5,5,6,5,3,30,30,1,0,3.5,4,2,30,1,5,3,5.5
19,1,1,3,3,1,2,4,3,5,4,1,3,5,4,5,6,4,4,5,4,30,50,1,1,4,4.5,2.5,40,1,6,4,4.5
19,2,2,3,3,1,3,4,3,5,4,1,3,5,5,5,6,5,5,5,4,5,50,1,1,4,5,3,27.5,1,6,4,5
19,3,3,1,3,1,3,4,2,5,4,1,4,5,5,6,7,6,5,6,5,60,60,1,1,4.25,5,2.5,60,1,7,5,5.75
19,4,3,2,3,1,3,4,2,5,4,1,5,5,5,6,6,6,5,6,4,70,60,1,1,4.5,5,2.5,65,1,6,4,5.75
20,1,1,3,3,1,3,2,3,2,4,1,2,3,6,5,5,4,5,5,2,25,30,1,1,2.5,4.5,3,27.5,1,5,2,4.75
20,2,2,3,3,1,3,2,3,2,4,1,2,2,3,5,3,3,4,4,2,5,15,1,1,2.5,2.5,3,10,1,3,2,4
20,3,3,1,3,1,2,3,2,2,4,1,2,3,3,4,3,3,4,4,2,15,15,1,1,2.75,3,2,15,1,3,2,3.75
20,4,3,2,3,1,3,4,3,3,4,1,3,4,3,4,3,3,4,4,3,30,20,1,1,3.5,3.5,3,25,1,3,3,3.75
21,1,1,3,3,1,3,3,2,3,3,2,3,5,5,5,6,5,6,4,3,15,30,1,1,3,5,2.5,22.5,2,6,3,5
21,2,2,3,3,1,4,3,3,3,3,2,3,6,5,6,6,6,6,5,4,5,50,1,1,3,5.5,3.5,27.5,2,6,4,5.75
21,3,3,1,3,1,2,4,3,4,4,1,5,5,5,6,6,6,6,6,4,40,50,1,1,4.25,5,2.5,45,1,6,4,6
21,4,3,2,3,1,2,4,3,3,4,2,4,5,5,5,6,6,6,5,4,30,50,1,1,3.75,5,2.5,40,2,6,4,5.5
22,1,1,3,3,1,3,3,2,2,3,1,2,3,5,6,6,5,6,5,5,20,65,1,0,2.5,4,2.5,42.5,1,6,5,5.5
22,2,2,3,3,1,3,3,2,3,3,1,3,5,5,6,6,6,6,5,5,15,75,1,0,3,5,2.5,45,1,6,5,5.75
22,3,3,1,3,1,2,3,2,4,4,1,3,3,5,6,7,6,6,6,4,40,60,1,0,3.5,4,2,50,1,7,4,6
22,4,3,2,3,1,2,3,2,4,4,1,2,3,5,6,7,6,6,6,4,40,40,1,0,3.25,4,2,40,1,7,4,6
23,1,1,3,3,1,3,5,3,5,6,1,5,4,6,6,5,6,6,5,5,25,60,1,1,5.25,5,3,42.5,1,5,5,5.75
23,2,2,3,3,1,2,4,2,5,4,1,4,5,5,6,6,6,6,5,5,10,50,1,1,4.25,5,2,30,1,6,5,5.75
23,3,3,1,3,1,4,5,5,5,6,1,5,3,5,6,5,6,6,5,4,20,30,1,1,5.25,4,4.5,25,1,5,4,5.75
23,4,3,2,3,1,2,5,3,5,4,1,5,5,5,5,6,5,6,4,4,10,10,1,1,4.75,5,2.5,10,1,6,4,5
24,1,1,3,3,1,5,4,4,5,4,3,4,6,7,7,6,7,7,6,6,30,70,1,0,4.25,6.5,4.5,50,3,6,6,6.75
24,2,2,3,3,1,5,4,4,6,4,2,4,6,7,7,6,7,7,6,5,10,75,1,0,4.5,6.5,4.5,42.5,2,6,5,6.75
24,3,3,1,3,1,5,4,4,6,4,2,4,6,6,7,6,7,7,6,4,30,60,1,0,4.5,6,4.5,45,2,6,4,6.75
24,4,3,2,3,1,4,4,4,5,4,1,3,6,6,6,6,6,6,5,4,20,30,1,0,4,6,4,25,1,6,4,5.75
25,1,1,3,3,1,1,3,1,4,6,1,4,4,6,6,6,5,5,5,4,30,30,1,1,4.25,5,1,30,1,6,4,5.25
25,2,2,3,3,1,1,4,1,5,6,1,3,5,5,6,6,5,5,6,4,10,30,1,1,4.5,5,1,20,1,6,4,5.5
25,3,3,1,3,1,1,4,1,5,6,1,3,3,3,6,6,5,5,5,4,30,30,1,1,4.5,3,1,30,1,6,4,5.25
25,4,3,2,3,1,1,4,1,5,6,1,4,5,4,6,6,5,5,5,4,30,30,1,1,4.75,4.5,1,30,1,6,4,5.25
26,1,1,3,3,1,4,5,5,6,4,1,5,5,3,6,4,5,5,5,4,15,40,1,1,5,4,4.5,27.5,1,4,4,5.25
26,2,2,3,3,1,4,4,3,5,5,1,5,3,5,5,3,5,6,5,4,5,15,1,1,4.75,4,3.5,10,1,3,4,5.25
26,3,3,1,3,1,5,6,6,6,5,1,6,5,4,6,5,6,6,6,4,20,20,1,1,5.75,4.5,5.5,20,1,5,4,6
26,4,3,2,3,1,6,6,7,6,5,1,6,5,5,6,5,6,6,5,4,15,30,1,1,5.75,5,6.5,22.5,1,5,4,5.75
27,1,1,3,3,1,3,3,3,2,4,1,2,4,6,6,4,4,5,4,3,10,25,1,0,2.75,5,3,17.5,1,4,3,4.75
27,2,2,3,3,1,3,3,2,2,4,1,2,4,5,4,5,3,4,4,3,5,15,1,0,2.75,4.5,2.5,10,1,5,3,3.75
27,3,3,1,3,1,3,3,2,2,4,1,2,4,5,5,5,5,5,5,3,15,25,1,0,2.75,4.5,2.5,20,1,5,3,5
27,4,3,2,3,1,3,3,2,3,4,1,3,5,5,5,4,5,5,5,3,20,30,1,0,3.25,5,2.5,25,1,4,3,5
28,1,1,3,3,1,3,4,3,5,3,2,5,6,4,6,6,6,6,5,4,40,30,1,1,4.25,5,3,35,2,6,4,5.75
28,2,2,3,3,1,2,3,2,5,5,1,4,5,5,6,6,6,6,6,4,20,60,1,1,4.25,5,2,40,1,6,4,6
28,3,3,1,3,1,4,4,2,3,4,1,3,5,5,6,6,6,6,5,3,15,20,1,1,3.5,5,3,17.5,1,6,3,5.75
28,4,3,2,3,1,3,4,2,3,4,1,3,5,5,6,6,6,6,6,3,20,35,1,1,3.5,5,2.5,27.5,1,6,3,6
29,1,1,3,3,1,1,4,1,4,4,1,3,3,5,5,6,4,5,4,3,30,20,1,1,3.75,4,1,25,1,6,3,4.5
29,2,2,3,3,1,1,4,1,5,4,1,3,3,5,6,6,4,5,4,3,5,15,1,1,4,4,1,10,1,6,3,4.75
29,3,3,1,3,1,5,3,1,5,4,1,5,5,5,6,6,6,6,6,6,60,60,1,1,4.25,5,3,60,1,6,6,6
29,4,3,2,3,1,4,6,1,5,4,1,5,5,6,6,6,6,6,6,5,30,40,1,1,5,5.5,2.5,35,1,6,5,6
30,1,1,3,3,1,4,4,3,3,4,1,3,6,5,6,6,5,6,5,4,20,40,2,0,3.5,5.5,3.5,30,1,6,4,5.5
30,2,2,3,3,1,4,4,3,4,4,1,3,6,5,6,7,6,6,6,5,10,60,2,0,3.75,5.5,3.5,35,1,7,5,6
30,3,3,1,3,1,4,4,3,5,4,1,5,5,5,6,7,6,6,6,3,20,30,1,0,4.5,5,3.5,25,1,7,3,6
30,4,3,2,3,1,4,4,3,5,4,1,5,6,5,5,7,5,6,5,3,15,25,1,0,4.5,5.5,3.5,20,1,7,3,5.25
31,1,1,3,3,1,2,3,1,1,3,1,1,5,2,3,3,3,2,2,2,15,5,2,1,2,3.5,1.5,10,1,3,2,2.5
31,2,2,3,3,1,2,3,2,2,3,1,1,5,2,3,3,3,3,3,2,5,10,2,1,2.25,3.5,2,7.5,1,3,2,3
31,3,3,1,3,1,1,1,1,2,3,1,1,3,2,2,3,2,3,3,2,15,5,2,1,1.75,2.5,1,10,1,3,2,2.5
31,4,3,2,3,1,2,2,2,3,3,1,1,5,3,3,5,3,3,3,2,20,15,2,1,2.25,4,2,17.5,1,5,2,3
32,1,1,3,3,1,5,4,3,5,4,1,5,4,4,6,3,5,5,5,4,20,30,1,1,4.5,4,4,25,1,3,4,5.25
32,2,2,3,3,1,4,4,2,4,4,1,4,3,3,4,3,3,4,3,3,7,12,1,1,4,3,3,9.5,1,3,3,3.5
32,3,3,1,3,1,4,4,3,5,4,1,5,5,4,6,5,6,6,6,4,20,40,1,1,4.5,4.5,3.5,30,1,5,4,6
32,4,3,2,3,1,5,4,4,5,5,1,5,3,3,6,6,4,5,4,3,10,10,1,1,4.75,3,4.5,10,1,6,3,4.75
33,1,1,3,3,1,6,3,5,3,4,3,3,6,6,6,5,5,6,6,4,30,50,1,1,3.25,6,5.5,40,3,5,4,5.75
33,2,2,3,3,1,4,3,2,2,3,1,2,5,5,6,6,5,6,6,4,10,60,1,1,2.5,5,3,35,1,6,4,5.75
33,3,3,1,3,1,5,5,6,5,6,2,6,6,6,6,6,7,6,6,5,60,50,1,1,5.5,6,5.5,55,2,6,5,6.25
33,4,3,2,3,1,5,5,4,5,6,1,5,5,5,6,6,6,6,6,5,40,50,1,1,5.25,5,4.5,45,1,6,5,6
34,1,1,3,3,1,5,6,5,6,7,3,4,5,5,6,4,6,6,7,4,50,50,2,1,5.75,5,5,50,3,4,4,6.25
34,2,2,3,3,1,5,6,4,6,6,4,6,5,6,6,4,6,7,6,5,15,80,2,1,6,5.5,4.5,47.5,4,4,5,6.25
34,3,3,1,3,1,4,4,2,5,7,1,5,2,3,7,4,7,6,7,4,40,50,2,1,5.25,2.5,3,45,1,4,4,6.75
34,4,3,2,3,1,3,4,2,5,6,1,5,2,4,7,5,7,6,6,4,40,50,2,1,5,3,2.5,45,1,5,4,6.5
35,1,1,3,3,1,5,5,3,6,4,2,6,6,6,6,7,6,6,6,4,25,60,1,0,5.25,6,4,42.5,2,7,4,6
35,2,2,3,3,1,5,5,3,6,4,2,6,6,7,6,6,6,6,6,5,10,60,1,0,5.25,6.5,4,35,2,6,5,6
35,3,3,1,3,1,5,5,3,6,4,2,6,6,7,7,6,7,7,6,6,65,70,1,0,5.25,6.5,4,67.5,2,6,6,6.75
35,4,3,2,3,1,5,5,4,6,4,2,6,6,7,6,6,6,6,6,5,50,50,1,0,5.25,6.5,4.5,50,2,6,5,6
36,1,1,3,3,1,5,4,4,5,4,1,4,5,5,6,5,5,5,5,3,15,30,1,1,4.25,5,4.5,22.5,1,5,3,5.25
36,2,2,3,3,1,4,4,3,5,4,1,4,4,3,6,5,5,6,5,4,5,20,1,1,4.25,3.5,3.5,12.5,1,5,4,5.5
36,3,3,1,3,1,4,4,3,5,4,1,4,5,4,5,5,5,5,5,3,15,20,1,1,4.25,4.5,3.5,17.5,1,5,3,5
36,4,3,2,3,1,4,4,3,5,5,1,4,4,4,5,5,5,6,4,3,10,20,1,1,4.5,4,3.5,15,1,5,3,5
37,1,1,3,3,1,3,5,3,4,5,2,5,3,3,6,3,5,6,6,3,40,30,1,1,4.75,3,3,35,2,3,3,5.75
37,2,2,3,3,1,5,5,3,5,5,2,5,3,3,6,3,6,6,6,4,25,70,1,1,5,3,4,47.5,2,3,4,6
37,3,3,1,3,1,3,5,3,4,5,1,4,3,3,6,5,6,6,6,3,20,40,1,1,4.5,3,3,30,1,5,3,6
37,4,3,2,3,1,3,5,3,4,5,1,4,3,3,6,6,6,6,6,3,30,40,1,1,4.5,3,3,35,1,6,3,6
38,1,1,3,3,1,5,4,4,5,4,2,4,5,6,6,6,5,6,5,4,20,30,1,0,4.25,5.5,4.5,25,2,6,4,5.5
38,2,2,3,3,1,5,4,4,5,4,2,5,6,7,6,6,5,6,5,4,15,20,1,0,4.5,6.5,4.5,17.5,2,6,4,5.5
38,3,3,1,3,1,4,4,3,5,5,1,5,6,6,6,6,6,6,6,5,60,60,1,0,4.75,6,3.5,60,1,6,5,6
38,4,3,2,3,1,4,4,4,5,4,1,5,6,6,6,6,6,6,6,4,60,60,1,0,4.5,6,4,60,1,6,4,6
39,1,1,3,3,1,2,4,2,5,4,1,5,6,5,5,6,5,5,4,4,15,20,1,1,4.5,5.5,2,17.5,1,6,4,4.75
39,2,2,3,3,1,2,4,2,4,4,1,4,5,3,5,6,5,6,5,4,10,20,1,1,4,4,2,15,1,6,4,5.25
39,3,3,1,3,1,2,3,2,3,4,1,3,5,3,5,6,5,6,5,3,20,30,1,1,3.25,4,2,25,1,6,3,5.25
39,4,3,2,3,1,2,4,2,4,4,1,4,6,3,6,6,5,6,5,3,30,40,1,1,4,4.5,2,35,1,6,3,5.5
40,1,1,3,3,1,2,3,2,3,4,1,3,4,3,5,6,4,5,5,3,15,30,1,1,3.25,3.5,2,22.5,1,6,3,4.75
40,2,2,3,3,1,2,3,2,3,4,1,3,5,4,5,6,4,5,5,3,10,30,1,1,3.25,4.5,2,20,1,6,3,4.75
40,3,3,1,3,1,1,3,1,3,4,1,3,4,4,5,7,5,5,5,3,25,30,1,1,3.25,4,1,27.5,1,7,3,5
40,4,3,2,3,1,1,3,1,3,4,1,3,5,4,6,7,6,5,6,3,40,50,1,1,3.25,4.5,1,45,1,7,3,5.75
41,1,1,3,3,1,2,3,2,3,4,2,3,5,5,5,6,5,6,5,4,25,50,1,1,3.25,5,2,37.5,2,6,4,5.25
41,2,2,3,3,1,2,3,2,3,4,1,3,5,4,6,6,5,6,6,4,10,70,1,1,3.25,4.5,2,40,1,6,4,5.75
41,3,3,1,3,1,4,4,2,4,4,1,4,5,5,6,6,6,6,6,4,50,50,1,1,4,5,3,50,1,6,4,6
41,4,3,2,3,1,4,4,2,5,4,1,5,6,5,6,6,6,6,6,5,70,60,1,1,4.5,5.5,3,65,1,6,5,6
42,1,1,3,3,1,3,4,2,4,4,1,3,3,3,5,6,5,5,5,4,20,30,2,0,3.75,3,2.5,25,1,6,4,5
42,2,2,3,3,1,3,4,2,5,4,1,4,3,3,6,7,5,4,5,4,10,30,3,0,4.25,3,2.5,20,1,7,4,5
42,3,3,1,3,1,3,4,2,5,5,1,4,2,4,6,7,6,6,6,4,30,30,2,0,4.5,3,2.5,30,1,7,4,6
42,4,3,2,3,1,3,4,2,4,5,1,4,3,4,6,7,6,5,5,4,35,30,3,0,4.25,3.5,2.5,32.5,1,7,4,5.5
43,1,1,3,3,1,5,4,4,5,4,2,4,5,5,6,5,6,6,6,4,25,60,1,1,4.25,5,4.5,42.5,2,5,4,6
43,2,2,3,3,1,5,4,3,5,5,1,4,5,5,6,6,6,6,6,4,10,60,1,1,4.5,5,4,35,1,6,4,6
43,3,3,1,3,1,5,5,3,5,5,1,5,5,5,6,6,6,6,6,4,25,35,1,1,5,5,4,30,1,6,4,6
43,4,3,2,3,1,5,5,3,5,5,1,5,5,5,6,6,6,6,6,4,20,30,1,1,5,5,4,25,1,6,4,6
44,1,1,3,3,1,5,4,5,4,4,3,3,5,6,6,3,6,6,6,5,40,70,1,0,3.75,5.5,5,55,3,3,5,6
44,2,2,3,3,1,5,3,5,3,4,2,3,4,3,6,4,5,6,5,5,10,70,2,0,3.25,3.5,5,40,2,4,5,5.5
44,3,3,1,3,1,5,3,5,3,5,2,4,4,4,6,4,5,6,5,3,30,40,1,0,3.75,4,5,35,2,4,3,5.5
44,4,3,2,3,1,5,3,5,3,4,2,3,3,4,6,4,5,6,5,4,25,30,1,0,3.25,3.5,5,27.5,2,4,4,5.5
45,1,1,3,3,1,5,4,3,5,4,2,5,5,5,6,6,5,6,5,4,20,50,1,1,4.5,5,4,35,2,6,4,5.5
45,2,2,3,3,1,5,4,3,4,4,1,3,5,3,6,6,6,6,6,4,15,60,1,1,3.75,4,4,37.5,1,6,4,6
45,3,3,1,3,1,5,5,3,5,5,1,5,5,5,6,6,7,6,6,5,80,70,1,1,5,5,4,75,1,6,5,6.25
45,4,3,2,3,1,5,5,3,5,5,1,5,5,5,6,6,7,6,6,6,70,60,1,1,5,5,4,65,1,6,6,6.25
46,1,1,3,3,1,5,4,4,3,4,2,3,6,5,5,5,5,6,5,4,20,40,1,1,3.5,5.5,4.5,30,2,5,4,5.25
46,2,2,3,3,1,5,3,3,2,4,1,3,3,3,5,5,5,6,6,3,5,60,1,1,3,3,4,32.5,1,5,3,5.5
46,3,3,1,3,1,2,3,2,3,4,1,3,3,3,6,6,6,6,6,4,20,30,1,1,3.25,3,2,25,1,6,4,6
46,4,3,2,3,1,3,4,2,3,4,1,3,3,3,6,6,6,6,6,3,30,40,1,1,3.5,3,2.5,35,1,6,3,6
47,1,1,3,3,1,6,4,6,5,5,6,2,5,3,6,6,7,7,7,4,40,70,1,1,4,4,6,55,6,6,4,6.75
47,2,2,3,3,1,6,2,4,5,5,5,2,3,2,6,5,6,6,7,3,15,60,1,1,3.5,2.5,5,37.5,5,5,3,6.25
47,3,3,1,3,1,6,5,6,6,6,5,5,3,6,6,7,6,6,3,,0,0,,1,5.5,4.5,6,0,5,7,,5.25
47,4,3,2,3,1,6,3,6,4,6,5,2,5,3,6,6,7,6,7,3,20,50,1,1,3.75,4,6,35,5,6,3,6.5
48,1,1,3,3,1,5,5,4,5,3,2,4,7,6,6,6,6,6,6,4,30,70,1,1,4.25,6.5,4.5,50,2,6,4,6
48,2,2,3,3,1,3,3,3,3,2,1,3,6,5,6,6,6,6,6,5,15,60,1,1,2.75,5.5,3,37.5,1,6,5,6
48,3,3,1,3,1,3,2,3,4,2,1,2,5,5,6,6,5,6,6,3,40,50,1,1,2.5,5,3,45,1,6,3,5.75
48,4,3,2,3,1,2,3,2,4,3,1,2,4,5,6,6,5,6,6,3,30,30,1,1,3,4.5,2,30,1,6,3,5.75
49,1,1,3,3,1,3,4,3,5,4,1,5,6,6,5,6,5,6,5,4,20,30,1,0,4.5,6,3,25,1,6,4,5.25
49,2,2,3,3,1,4,4,3,5,4,1,5,6,6,6,6,5,6,5,5,10,60,2,0,4.5,6,3.5,35,1,6,5,5.5
49,3,3,1,3,1,5,4,3,6,5,1,5,5,6,6,7,6,6,6,4,30,30,1,0,5,5.5,4,30,1,7,4,6
49,4,3,2,3,1,5,4,4,5,4,1,5,5,6,6,7,5,6,5,4,30,30,1,0,4.5,5.5,4.5,30,1,7,4,5.5
50,1,1,3,3,1,3,3,3,2,4,1,3,3,3,4,6,4,5,4,3,12,15,1,0,3,3,3,13.5,1,6,3,4.25
50,2,2,3,3,1,3,3,3,2,4,1,2,4,4,4,6,5,5,5,4,12,60,1,0,2.75,4,3,36,1,6,4,4.75
50,3,3,1,3,1,3,3,3,3,4,1,2,3,5,5,6,4,6,5,3,20,25,1,0,3,4,3,22.5,1,6,3,5
50,4,3,2,3,1,3,3,3,4,4,1,3,3,4,5,6,4,5,4,3,15,20,1,0,3.5,3.5,3,17.5,1,6,3,4.5
51,1,1,3,3,1,5,3,3,3,6,2,3,4,3,5,3,4,6,4,3,45,30,2,1,3.75,3.5,4,37.5,2,3,3,4.75
51,2,2,3,3,1,3,4,2,4,6,2,4,3,3,6,5,6,6,6,5,30,70,2,1,4.5,3,2.5,50,2,5,5,6
51,3,3,1,3,1,4,4,3,5,6,3,3,3,3,6,5,6,6,6,3,20,40,2,1,4.5,3,3.5,30,3,5,3,6
51,4,3,2,3,1,6,3,4,5,6,3,5,3,3,6,5,6,4,6,5,50,40,2,1,4.75,3,5,45,3,5,5,5.5
52,1,1,3,3,1,4,5,4,5,5,2,5,4,5,6,5,5,6,5,4,35,25,2,1,5,4.5,4,30,2,5,4,5.5
52,2,2,3,3,1,3,4,3,4,5,2,4,3,4,6,5,6,6,6,3,25,35,1,1,4.25,3.5,3,30,2,5,3,6
52,3,3,1,3,1,4,5,5,4,5,2,4,4,3,6,6,6,6,6,3,50,50,1,1,4.5,3.5,4.5,50,2,6,3,6
52,4,3,2,3,1,2,3,3,3,3,1,2,3,3,3,6,4,4,6,3,30,20,1,1,2.75,3,2.5,25,1,6,3,4.25
53,1,1,3,3,1,5,2,5,2,5,3,2,5,5,5,3,5,5,5,2,20,30,2,1,2.75,5,5,25,3,3,2,5
53,2,2,3,3,1,6,2,5,2,4,5,2,3,3,5,3,5,5,5,2,10,25,2,1,2.5,3,5.5,17.5,5,3,2,5
53,3,3,1,3,1,5,4,5,3,6,1,3,2,3,6,6,6,6,6,3,30,30,2,1,4,2.5,5,30,1,6,3,6
53,4,3,2,3,1,5,3,5,4,5,1,3,5,3,6,6,6,6,6,3,40,30,2,1,3.75,4,5,35,1,6,3,6
54,1,1,3,3,1,4,4,3,5,4,1,4,6,6,6,6,5,6,5,3,15,30,1,0,4.25,6,3.5,22.5,1,6,3,5.5
54,2,2,3,3,1,5,4,3,5,4,2,5,6,6,6,6,5,6,5,5,10,75,1,0,4.5,6,4,42.5,2,6,5,5.5
54,3,3,1,3,1,2,4,2,4,4,1,4,5,5,6,6,5,6,5,4,25,35,1,0,4,5,2,30,1,6,4,5.5
54,4,3,2,3,1,3,4,3,4,4,1,3,5,5,6,6,5,6,5,4,20,30,1,0,3.75,5,3,25,1,6,4,5.5
55,1,1,3,3,1,3,4,3,3,4,1,3,3,5,6,4,4,5,4,3,15,20,1,0,3.5,4,3,17.5,1,4,3,4.75
55,2,2,3,3,1,3,3,2,3,4,1,3,5,6,6,6,5,6,5,5,15,70,1,0,3.25,5.5,2.5,42.5,1,6,5,5.5
55,3,3,1,3,1,4,4,3,5,4,1,5,5,5,6,6,6,7,6,5,50,50,1,0,4.5,5,3.5,50,1,6,5,6.25
55,4,3,2,3,1,3,4,2,4,4,1,4,5,7,6,6,6,6,6,4,30,30,1,0,4,6,2.5,30,1,6,4,6
56,1,1,3,3,1,3,4,3,4,4,1,4,6,6,6,6,5,6,5,4,15,60,1,0,4,6,3,37.5,1,6,4,5.5
56,2,2,3,3,1,3,4,3,5,4,1,4,6,6,6,6,5,6,5,4,5,30,1,0,4.25,6,3,17.5,1,6,4,5.5
56,3,3,1,3,1,4,4,3,5,4,1,5,7,6,6,6,6,6,6,4,60,60,1,0,4.5,6.5,3.5,60,1,6,4,6
56,4,3,2,3,1,3,4,3,5,4,1,4,6,6,7,6,6,6,6,4,60,60,1,0,4.25,6,3,60,1,6,4,6.25
57,1,1,3,3,1,6,4,5,5,4,4,4,6,6,6,6,5,6,5,4,15,50,1,1,4.25,6,5.5,32.5,4,6,4,5.5
57,2,2,3,3,1,6,3,5,3,4,2,3,6,5,6,6,4,6,5,3,10,15,1,1,3.25,5.5,5.5,12.5,2,6,3,5.25
57,3,3,1,3,1,5,4,5,3,4,2,4,5,5,5,6,5,6,5,3,10,20,1,1,3.75,5,5,15,2,6,3,5.25
57,4,3,2,3,1,5,4,5,3,4,1,3,5,5,5,6,5,6,5,3,15,20,1,1,3.5,5,5,17.5,1,6,3,5.25
58,1,1,3,3,1,1,3,1,2,3,1,2,3,3,3,7,5,3,5,4,40,50,2,1,2.5,3,1,45,1,7,4,4
58,2,2,3,3,1,1,2,1,4,3,1,2,3,3,3,6,5,4,6,3,40,70,2,1,2.75,3,1,55,1,6,3,4.5
58,3,3,1,3,1,1,3,1,4,3,1,2,3,3,5,6,5,4,5,2,30,40,2,1,3,3,1,35,1,6,2,4.75
58,4,3,2,3,1,1,3,1,4,3,1,2,3,3,5,6,5,4,5,2,25,40,2,1,3,3,1,32.5,1,6,2,4.75
59,1,1,3,3,1,2,2,2,2,3,1,2,5,5,5,3,5,5,6,2,30,25,2,1,2.25,5,2,27.5,1,3,2,5.25
59,2,2,3,3,1,2,2,2,2,3,1,1,5,3,5,3,4,5,5,2,5,30,2,1,2,4,2,17.5,1,3,2,4.75
59,3,3,1,3,1,2,2,2,4,3,2,2,5,3,5,4,5,5,5,2,20,40,2,1,2.75,4,2,30,2,4,2,5
59,4,3,2,3,1,3,3,3,4,4,2,2,5,3,5,5,5,5,5,3,30,50,2,1,3.25,4,3,40,2,5,3,5
60,1,1,3,3,1,4,4,3,5,4,1,5,4,6,6,6,5,6,5,5,20,60,1,0,4.5,5,3.5,40,1,6,5,5.5
60,2,2,3,3,1,5,4,3,5,4,2,5,5,6,6,7,6,6,5,5,15,75,1,0,4.5,5.5,4,45,2,7,5,5.75
60,3,3,1,3,1,3,4,3,5,4,1,4,6,7,6,7,6,6,6,4,25,30,1,0,4.25,6.5,3,27.5,1,7,4,6
60,4,3,2,3,1,3,4,3,5,4,1,4,6,7,6,7,6,6,6,4,20,50,1,0,4.25,6.5,3,35,1,7,4,6
61,1,1,3,3,1,5,4,4,5,4,2,5,5,6,6,5,6,6,6,4,20,50,1,1,4.5,5.5,4.5,35,2,5,4,6
61,2,2,3,3,1,5,4,4,5,4,2,5,5,6,6,6,6,6,6,4,5,60,1,1,4.5,5.5,4.5,32.5,2,6,4,6
61,3,3,1,3,1,5,5,5,5,6,1,5,5,5,6,6,6,6,6,4,50,60,1,1,5.25,5,5,55,1,6,4,6
61,4,3,2,3,1,5,5,5,5,6,1,5,5,6,7,6,7,7,7,4,40,50,1,1,5.25,5.5,5,45,1,6,4,7
62,1,1,3,3,1,5,5,4,6,5,2,6,6,6,6,5,6,6,6,4,30,50,1,0,5.5,6,4.5,40,2,5,4,6
62,2,2,3,3,1,5,5,4,6,5,1,6,6,6,7,5,7,6,6,6,30,60,2,0,5.5,6,4.5,45,1,5,6,6.5
62,3,3,1,3,1,4,4,4,5,5,1,5,5,6,6,5,6,6,5,3,20,30,1,0,4.75,5.5,4,25,1,5,3,5.75
62,4,3,2,3,1,3,4,3,5,5,1,5,5,6,6,6,5,7,5,2,10,15,1,0,4.75,5.5,3,12.5,1,6,2,5.75
63,1,1,3,3,1,3,4,2,3,3,1,3,5,5,6,6,5,6,5,4,25,50,1,1,3.25,5,2.5,37.5,1,6,4,5.5
63,2,2,3,3,1,2,4,2,3,3,1,3,5,5,6,6,5,6,5,4,20,60,1,1,3.25,5,2,40,1,6,4,5.5
63,3,3,1,3,1,2,4,2,4,5,1,3,6,5,6,6,5,6,5,3,30,40,1,1,4,5.5,2,35,1,6,3,5.5
63,4,3,2,3,1,2,4,2,3,5,1,3,6,5,6,6,5,6,5,3,30,30,1,1,3.75,5.5,2,30,1,6,3,5.5
64,1,1,3,3,1,3,4,3,3,4,1,3,5,5,6,5,5,5,5,4,15,30,1,1,3.5,5,3,22.5,1,5,4,5.25
64,2,2,3,3,1,3,4,3,5,4,1,4,5,6,6,6,5,6,5,4,5,30,1,1,4.25,5.5,3,17.5,1,6,4,5.5
64,3,3,1,3,1,4,4,3,5,5,1,5,3,5,6,6,6,6,6,4,25,40,1,1,4.75,4,3.5,32.5,1,6,4,6
64,4,3,2,3,1,4,4,3,5,5,1,4,3,5,6,6,6,6,6,4,50,50,1,1,4.5,4,3.5,50,1,6,4,6
65,1,1,3,3,1,4,3,3,3,5,2,3,3,4,6,6,6,6,6,3,25,50,1,1,3.5,3.5,3.5,37.5,2,6,3,6
65,1,2,3,3,1,5,3,3,3,4,2,3,3,3,5,6,6,6,6,3,65,75,1,1,3.25,3,4,70,2,6,3,5.75
65,3,3,1,3,1,3,3,3,3,4,2,3,3,3,5,6,5,6,5,3,35,30,2,1,3.25,3,3,32.5,2,6,3,5.25
65,4,3,2,3,1,4,3,3,3,4,2,3,3,3,6,6,6,6,6,3,40,50,2,1,3.25,3,3.5,45,2,6,3,6
66,1,1,3,3,1,2,3,2,3,5,1,2,5,3,4,3,3,4,3,3,25,20,2,1,3.25,4,2,22.5,1,3,3,3.5
66,2,2,3,3,1,2,1,2,2,4,1,1,5,3,3,3,3,3,3,2,5,20,2,1,2,4,2,12.5,1,3,2,3
66,3,3,1,3,1,3,5,3,4,5,2,5,5,3,5,5,5,5,5,4,40,40,2,1,4.75,4,3,40,2,5,4,5
66,4,3,2,3,1,3,4,3,4,6,1,4,5,2,5,6,5,5,5,2,25,30,2,1,4.5,3.5,3,27.5,1,6,2,5
67,1,1,3,3,1,3,3,2,3,3,2,2,5,5,5,5,5,5,5,3,25,50,2,1,2.75,5,2.5,37.5,2,5,3,5
67,2,2,3,3,1,3,3,3,3,3,1,2,6,5,4,5,4,5,5,2,5,50,2,1,2.75,5.5,3,27.5,1,5,2,4.5
67,3,3,1,3,1,2,3,2,3,3,1,1,6,5,5,5,4,5,5,2,20,40,2,1,2.5,5.5,2,30,1,5,2,4.75
67,4,3,2,3,1,2,2,2,2,4,1,2,6,5,5,5,5,5,5,2,15,30,2,1,2.5,5.5,2,22.5,1,5,2,5
68,1,1,3,3,1,5,2,6,1,3,2,1,5,3,3,2,3,4,2,2,20,20,2,1,1.75,4,5.5,20,2,2,2,3
68,2,2,3,3,1,5,2,4,1,2,1,1,5,3,3,2,3,5,5,2,10,30,2,1,1.5,4,4.5,20,1,2,2,4
68,3,3,1,3,1,5,2,5,2,3,1,1,5,3,5,3,5,6,5,2,15,20,2,1,2,4,5,17.5,1,3,2,5.25
68,4,3,2,3,1,5,2,4,2,3,1,1,5,2,3,3,3,4,5,2,15,15,2,1,2,3.5,4.5,15,1,3,2,3.75
69,1,1,3,3,1,2,4,3,3,4,1,3,6,6,5,6,4,5,4,3,20,20,1,1,3.5,6,2.5,20,1,6,3,4.5
69,2,2,3,3,1,2,4,3,3,4,1,3,6,6,5,6,4,5,4,3,10,30,1,1,3.5,6,2.5,20,1,6,3,4.5
69,3,3,1,3,1,3,4,3,3,4,1,3,5,5,6,6,5,6,5,3,25,30,1,1,3.5,5,3,27.5,1,6,3,5.5
69,4,3,2,3,1,2,4,3,3,4,1,3,5,5,5,6,5,6,5,3,30,30,1,1,3.5,5,2.5,30,1,6,3,5.25
70,1,1,3,3,1,5,5,2,5,5,1,5,5,3,6,5,6,6,6,4,30,60,1,1,5,4,3.5,45,1,5,4,6
70,2,2,3,3,1,5,5,3,5,6,1,4,4,5,6,5,6,6,6,5,5,60,1,1,5,4.5,4,32.5,1,5,5,6
70,3,3,1,3,1,6,4,5,5,6,1,5,5,5,6,6,6,6,6,5,75,75,1,1,5,5,5.5,75,1,6,5,6
70,4,3,2,3,1,6,5,5,5,6,1,5,5,5,6,6,6,6,6,5,70,70,1,1,5.25,5,5.5,70,1,6,5,6
71,1,1,3,3,1,6,6,6,6,4,3,5,5,6,6,6,6,6,6,6,30,60,1,1,5.25,5.5,6,45,3,6,6,6
71,2,2,3,3,1,5,3,6,5,4,2,4,4,5,6,6,6,6,6,5,20,60,1,1,4,4.5,5.5,40,2,6,5,6
71,3,3,1,3,1,6,6,6,5,5,2,5,5,6,6,6,7,6,6,5,50,50,1,1,5.25,5.5,6,50,2,6,5,6.25
71,4,3,2,3,1,5,5,6,6,6,2,5,5,5,6,6,6,6,6,5,60,60,1,1,5.5,5,5.5,60,2,6,5,6
72,1,1,3,3,1,5,4,4,5,4,3,5,6,7,6,6,5,6,5,4,20,60,1,0,4.5,6.5,4.5,40,3,6,4,5.5
72,2,2,3,3,1,5,4,4,5,4,3,5,7,7,6,6,5,7,6,4,10,50,1,0,4.5,7,4.5,30,3,6,4,6
72,3,3,1,3,1,5,4,5,5,4,3,5,7,7,6,7,5,7,5,4,30,40,1,0,4.5,7,5,35,3,7,4,5.75
72,4,3,2,3,1,5,4,4,5,4,2,5,7,7,6,7,6,7,6,4,30,50,1,0,4.5,7,4.5,40,2,7,4,6.25
73,1,1,3,3,1,5,4,5,4,5,5,3,5,5,6,6,6,6,6,3,30,50,1,1,4,5,5,40,5,6,3,6
73,2,2,3,3,1,5,3,4,2,3,4,2,5,3,6,5,6,6,6,3,10,60,1,1,2.5,4,4.5,35,4,5,3,6
73,3,3,1,3,1,3,3,3,3,6,3,3,3,3,6,6,5,6,5,3,35,20,1,1,3.75,3,3,27.5,3,6,3,5.5
73,4,3,2,3,1,5,4,4,3,6,2,2,3,4,6,6,6,6,6,3,60,60,1,1,3.75,3.5,4.5,60,2,6,3,6
74,1,1,3,3,1,5,4,4,6,5,3,3,6,6,7,6,7,7,7,4,40,65,1,1,4.5,6,4.5,52.5,3,6,4,7
74,2,2,3,3,1,5,4,4,6,5,3,3,6,6,7,6,6,6,6,4,15,80,1,1,4.5,6,4.5,47.5,3,6,4,6.25
74,3,3,1,3,1,5,4,3,5,6,2,4,4,3,6,6,5,6,6,3,15,30,1,1,4.75,3.5,4,22.5,2,6,3,5.75
74,4,3,2,3,1,5,4,3,5,6,2,3,4,3,6,6,6,6,6,3,20,40,1,1,4.5,3.5,4,30,2,6,3,6
75,1,1,3,3,1,5,3,3,2,3,2,2,3,4,6,5,5,6,6,3,30,65,1,1,2.5,3.5,4,47.5,2,5,3,5.75
75,2,2,3,3,1,5,3,3,3,3,2,2,5,4,6,6,5,6,6,3,10,70,1,1,2.75,4.5,4,40,2,6,3,5.75
75,3,3,1,3,1,2,3,2,3,3,1,3,4,5,6,6,5,6,6,3,40,50,1,1,3,4.5,2,45,1,6,3,5.75
75,4,3,2,3,1,2,3,2,3,3,1,3,4,5,6,6,5,6,6,3,60,50,1,1,3,4.5,2,55,1,6,3,5.75
76,1,1,3,3,1,6,4,4,3,4,3,3,5,5,5,6,5,6,5,3,20,50,1,1,3.5,5,5,35,3,6,3,5.25
76,2,2,3,3,1,5,4,4,4,4,2,3,4,5,6,6,5,6,5,3,5,60,1,1,3.75,4.5,4.5,32.5,2,6,3,5.5
76,3,3,1,3,1,6,4,4,3,3,2,3,4,4,6,6,5,6,5,3,50,50,1,1,3.25,4,5,50,2,6,3,5.5
76,4,3,2,3,1,6,3,4,4,4,2,3,5,5,6,6,6,6,6,3,60,60,1,1,3.5,5,5,60,2,6,3,6
77,1,1,3,3,1,5,4,3,5,4,1,5,6,6,6,6,5,5,6,4,30,30,1,1,4.5,6,4,30,1,6,4,5.5
77,2,2,3,3,1,5,4,3,5,4,2,4,5,5,6,6,5,6,6,4,10,40,1,1,4.25,5,4,25,2,6,4,5.75
77,3,3,1,3,1,5,4,2,5,5,1,4,4,5,6,6,5,5,5,4,60,60,1,1,4.5,4.5,3.5,60,1,6,4,5.25
77,4,3,2,3,1,5,4,2,5,4,1,4,4,4,6,6,5,5,5,4,50,50,1,1,4.25,4,3.5,50,1,6,4,5.25
78,1,1,3,3,1,6,5,4,5,4,5,4,6,6,6,6,5,6,5,4,40,30,2,1,4.5,6,5,35,5,6,4,5.5
78,2,2,3,3,1,5,4,5,5,4,4,4,6,6,5,6,5,6,5,3,10,25,2,1,4.25,6,5,17.5,4,6,3,5.25
78,3,3,1,3,1,3,3,3,4,4,3,4,5,6,5,6,5,6,5,3,25,30,2,1,3.75,5.5,3,27.5,3,6,3,5.25
78,4,3,2,3,1,3,3,2,3,5,2,3,3,3,5,6,5,6,5,3,20,20,2,1,3.5,3,2.5,20,2,6,3,5.25
79,1,1,3,3,1,2,2,2,2,3,1,2,4,2,3,3,3,5,3,2,10,15,1,1,2.25,3,2,12.5,1,3,2,3.5
79,2,2,3,3,1,3,3,2,3,6,1,2,5,3,3,3,3,4,3,3,5,40,1,1,3.5,4,2.5,22.5,1,3,3,3.25
79,3,3,1,3,1,5,4,4,4,6,1,3,3,3,6,6,6,6,6,4,35,40,1,1,4.25,3,4.5,37.5,1,6,4,6
79,4,3,2,3,1,5,4,5,3,6,1,3,3,3,6,5,6,6,6,4,35,45,1,1,4,3,5,40,1,5,4,6
80,1,1,3,3,1,2,3,2,3,4,2,3,5,5,5,6,5,5,6,3,20,50,2,1,3.25,5,2,35,2,6,3,5.25
80,2,2,3,3,1,5,4,5,4,5,2,5,3,5,5,6,6,6,6,3,15,50,2,1,4.5,4,5,32.5,2,6,3,5.75
80,3,3,1,3,1,2,5,2,5,5,1,4,5,6,6,6,6,6,6,3,35,40,2,1,4.75,5.5,2,37.5,1,6,3,6
80,4,3,2,3,1,3,5,3,5,4,1,3,5,5,6,6,6,6,6,3,25,25,2,1,4.25,5,3,25,1,6,3,6
1,1,1,3,5,1,5,3,3,5,4,1,5,5,5,7,3,6,6,6,5,40,70,1,1,4.25,5,4,55,1,3,5,6.25
1,2,2,3,5,1,5,3,2,2,5,1,5,3,6,7,5,7,5,6,6,75,50,1,1,3.75,4.5,3.5,62.5,1,5,6,6.25
1,3,3,1,5,1,5,3,2,5,6,1,3,3,3,7,5,7,5,6,4,40,38,1,1,4.25,3,3.5,39,1,5,4,6.25
1,4,3,2,5,1,5,3,3,5,5,1,3,5,6,7,5,7,5,6,5,50,60,1,1,4,5.5,4,55,1,5,5,6.25
2,1,1,3,5,1,5,3,3,4,5,1,3,3,6,5,6,5,6,5,3,48,50,1,1,3.75,4.5,4,49,1,6,3,5.25
2,2,2,3,5,1,5,3,3,3,3,1,3,4,3,6,6,5,6,4,5,50,60,1,1,3,3.5,4,55,1,6,5,5.25
2,3,3,1,5,1,3,3,3,5,5,1,3,3,4,6,6,6,6,6,3,50,50,1,1,4,3.5,3,50,1,6,3,6
2,4,3,2,5,1,3,3,4,3,3,1,2,2,3,5,7,6,6,5,3,35,30,1,1,2.75,2.5,3.5,32.5,1,7,3,5.5
3,1,1,3,5,1,4,5,3,5,2,3,3,5,5,5,6,4,5,4,3,70,25,1,1,3.75,5,3.5,47.5,3,6,3,4.5
3,2,2,3,5,1,5,3,5,3,2,1,3,5,3,5,5,5,6,5,4,65,50,1,1,2.75,4,5,57.5,1,5,4,5.25
3,3,3,1,5,1,5,5,3,5,3,1,4,5,2,6,3,5,6,6,5,65,70,1,1,4.25,3.5,4,67.5,1,3,5,5.75
3,4,3,2,5,1,5,5,3,2,3,1,4,5,2,6,3,5,6,5,6,70,68,1,1,3.5,3.5,4,69,1,3,6,5.5
4,1,1,3,5,1,5,3,3,3,3,2,3,4,6,5,6,5,5,5,3,60,30,1,1,3,5,4,45,2,6,3,5
4,2,2,3,5,1,3,3,3,4,4,1,2,3,5,6,5,6,6,6,3,75,50,1,1,3.25,4,3,62.5,1,5,3,6
4,3,3,1,5,1,4,3,2,4,5,1,2,3,4,5,6,5,6,6,3,45,40,1,1,3.5,3.5,3,42.5,1,6,3,5.5
4,4,3,2,5,1,6,3,4,5,5,1,5,5,4,5,5,5,6,5,4,40,50,1,1,4.5,4.5,5,45,1,5,4,5.25
5,1,1,3,5,1,5,3,3,5,6,1,2,5,3,6,7,6,6,7,4,50,53,1,1,4,4,4,51.5,1,7,4,6.25
5,2,2,3,5,1,5,3,2,5,3,1,2,4,5,6,7,6,7,6,3,40,35,1,1,3.25,4.5,3.5,37.5,1,7,3,6.25
5,3,3,1,5,1,5,3,5,5,5,1,3,3,4,6,6,6,5,6,4,40,30,1,1,4,3.5,5,35,1,6,4,5.75
5,4,3,2,5,1,5,3,5,5,5,1,3,5,3,6,6,6,6,6,5,75,55,1,1,4,4,5,65,1,6,5,6
6,1,1,3,5,1,6,6,3,6,7,1,5,4,6,7,3,7,5,6,6,55,65,1,0,6,5,4.5,60,1,3,6,6.25
6,2,2,3,5,1,6,3,5,6,7,1,5,4,6,7,4,7,5,7,5,60,75,1,0,5.25,5,5.5,67.5,1,4,5,6.5
6,3,3,1,5,1,5,5,4,5,7,1,6,4,6,6,5,6,6,4,3,30,35,1,0,5.75,5,4.5,32.5,1,5,3,5.5
6,4,3,2,5,1,5,3,4,6,7,1,6,4,6,6,4,6,5,4,6,55,63,1,0,5.5,5,4.5,59,1,4,6,5.25
7,1,1,3,5,1,5,3,3,3,3,1,2,3,6,3,6,5,4,5,4,55,40,1,1,2.75,4.5,4,47.5,1,6,4,4.25
7,2,2,3,5,1,5,4,3,3,5,1,5,3,6,5,3,6,6,5,5,50,60,1,1,4.25,4.5,4,55,1,3,5,5.5
7,3,3,1,5,1,4,5,3,6,3,1,5,3,3,5,5,5,4,4,5,65,50,1,1,4.75,3,3.5,57.5,1,5,5,4.5
7,4,3,2,5,1,4,3,3,5,3,1,5,4,3,5,5,5,5,5,4,60,40,1,1,4,3.5,3.5,50,1,5,4,5
8,1,1,3,5,1,3,4,3,5,4,1,3,3,4,6,5,6,6,6,5,50,60,1,0,4,3.5,3,55,1,5,5,6
8,2,2,3,5,1,3,4,3,4,5,1,2,3,5,6,6,6,6,5,5,72,70,1,0,3.75,4,3,71,1,6,5,5.75
8,3,3,1,5,1,3,5,4,5,5,1,4,3,5,6,5,6,5,6,3,40,40,1,0,4.75,4,3.5,40,1,5,3,5.75
8,4,3,2,5,1,3,4,5,4,5,1,3,3,5,6,5,6,5,6,3,40,45,1,0,4,4,4,42.5,1,5,3,5.75
9,1,1,3,5,1,5,5,5,6,3,5,5,5,6,6,3,5,4,6,6,70,60,2,1,4.75,5.5,5,65,5,3,6,5.25
9,2,2,3,5,1,5,6,5,6,3,5,5,5,6,6,4,5,5,3,6,60,68,1,1,5,5.5,5,64,5,4,6,4.75
9,3,3,1,5,1,5,6,5,6,3,5,5,5,6,6,4,5,4,4,6,80,80,1,1,5,5.5,5,80,5,4,6,4.75
9,4,3,2,5,1,5,6,5,6,3,6,5,5,6,6,4,5,4,4,6,70,80,1,1,5,5.5,5,75,6,4,6,4.75
10,1,1,3,5,1,5,5,3,5,3,1,3,3,4,3,6,5,5,5,3,40,50,1,1,4,3.5,4,45,1,6,3,4.5
10,2,2,3,5,1,5,3,3,5,3,1,3,3,6,3,6,6,6,5,4,40,61,1,1,3.5,4.5,4,50.5,1,6,4,5
10,3,3,1,5,1,5,3,3,3,5,1,3,4,4,3,6,4,5,4,3,15,20,1,1,3.5,4,4,17.5,1,6,3,4
10,4,3,2,5,1,4,3,4,3,4,1,3,3,4,3,6,3,5,3,2,30,30,1,1,3.25,3.5,4,30,1,6,2,3.5
11,1,1,3,5,1,5,2,3,5,3,1,2,5,6,6,6,5,6,6,4,45,33,1,1,3,5.5,4,39,1,6,4,5.75
11,2,2,3,5,1,5,2,3,5,5,1,3,5,3,5,6,6,5,4,6,30,60,1,1,3.75,4,4,45,1,6,6,5
11,3,3,1,5,1,5,3,3,5,4,1,3,3,3,6,6,5,6,4,3,30,30,1,1,3.75,3,4,30,1,6,3,5.25
11,4,3,2,5,1,5,2,3,3,3,1,3,3,4,6,5,5,6,4,5,45,40,1,1,2.75,3.5,4,42.5,1,5,5,5.25
12,1,1,3,5,1,5,5,3,3,5,1,3,3,6,6,6,6,5,5,5,67,70,1,1,4,4.5,4,68.5,1,6,5,5.5
12,2,2,3,5,1,5,3,5,5,3,3,3,5,6,6,5,6,5,6,5,75,80,1,1,3.5,5.5,5,77.5,3,5,5,5.75
12,3,3,1,5,1,3,4,3,4,5,1,3,3,6,6,6,6,6,4,4,40,45,1,1,4,4.5,3,42.5,1,6,4,5.5
12,4,3,2,5,1,3,5,3,5,4,1,3,4,5,6,6,6,6,4,5,60,60,1,1,4.25,4.5,3,60,1,6,5,5.5
13,1,1,3,5,1,3,3,3,5,4,3,3,4,6,6,6,5,6,6,3,45,50,1,1,3.75,5,3,47.5,3,6,3,5.75
13,2,2,3,5,1,5,3,4,5,4,1,3,5,6,6,6,5,6,5,5,65,50,1,1,3.75,5.5,4.5,57.5,1,6,5,5.5
13,3,3,1,5,1,3,4,3,4,4,1,3,3,6,6,6,5,6,6,3,50,50,1,1,3.75,4.5,3,50,1,6,3,5.75
13,4,3,2,5,1,5,3,5,2,3,1,2,2,6,6,3,6,6,4,5,50,70,1,1,2.5,4,5,60,1,3,5,5.5
14,1,1,3,5,1,5,3,5,4,5,2,3,3,6,6,6,6,5,6,5,55,50,1,1,3.75,4.5,5,52.5,2,6,5,5.75
14,2,2,3,5,1,5,4,5,5,5,2,5,5,6,6,3,6,5,4,6,75,50,2,1,4.75,5.5,5,62.5,2,3,6,5.25
14,3,3,1,5,1,6,5,6,5,5,1,6,5,6,6,3,6,3,6,4,50,60,1,1,5.25,5.5,6,55,1,3,4,5.25
14,4,3,2,5,1,6,3,6,6,5,1,6,5,3,6,4,6,5,6,6,70,50,1,1,5,4,6,60,1,4,6,5.75
15,1,1,3,5,1,3,3,3,5,3,1,3,5,5,5,6,6,6,6,3,63,50,1,1,3.5,5,3,56.5,1,6,3,5.75
15,2,2,3,5,1,5,3,3,3,3,1,2,4,6,3,6,5,6,4,5,50,68,1,1,2.75,5,4,59,1,6,5,4.5
15,3,3,1,5,1,5,5,3,3,4,1,3,3,6,5,6,6,6,6,4,35,50,1,1,3.75,4.5,4,42.5,1,6,4,5.75
15,4,3,2,5,1,5,3,3,3,3,1,2,3,5,5,7,4,4,4,4,50,50,1,1,2.75,4,4,50,1,7,4,4.25
16,1,1,3,5,1,5,5,3,5,5,1,3,5,6,6,6,6,6,7,4,80,50,1,1,4.5,5.5,4,65,1,6,4,6.25
16,2,2,3,5,1,6,5,3,5,5,1,3,4,3,6,7,6,5,7,6,86,80,1,1,4.5,3.5,4.5,83,1,7,6,6
16,3,3,1,5,1,6,5,5,5,6,1,3,3,6,6,7,7,6,7,4,40,50,1,1,4.75,4.5,5.5,45,1,7,4,6.5
16,4,3,2,5,1,5,6,3,6,5,1,5,5,4,7,7,7,5,7,6,65,65,1,1,5.5,4.5,4,65,1,7,6,6.5
17,1,1,3,5,1,5,3,5,5,4,5,3,5,6,6,6,6,7,5,3,40,50,1,1,3.75,5.5,5,45,5,6,3,6
17,2,2,3,5,1,5,3,4,3,3,1,2,6,6,6,6,6,7,6,5,70,71,1,1,2.75,6,4.5,70.5,1,6,5,6.25
17,3,3,1,5,1,5,5,5,5,3,1,5,6,6,6,6,6,7,4,5,60,60,2,1,4.5,6,5,60,1,6,5,5.75
17,4,3,2,5,1,5,5,5,5,3,1,3,6,3,6,7,6,6,7,5,80,75,1,1,4,4.5,5,77.5,1,7,5,6.25
18,1,1,3,5,1,4,3,1,5,5,1,3,3,6,5,6,6,6,6,5,48,55,1,0,4,4.5,2.5,51.5,1,6,5,5.75
18,2,2,3,5,1,3,3,1,3,4,1,5,3,6,3,6,6,6,6,4,80,80,1,0,3.75,4.5,2,80,1,6,4,5.25
18,3,3,1,5,1,3,3,1,3,5,1,3,3,3,6,6,6,6,4,4,30,45,1,0,3.5,3,2,37.5,1,6,4,5.5
18,4,3,2,5,1,3,4,1,5,4,1,3,3,3,6,6,6,6,4,4,30,50,1,0,4,3,2,40,1,6,4,5.5
19,1,1,3,5,1,5,3,6,4,5,1,3,4,6,6,3,6,6,4,6,70,70,1,1,3.75,5,5.5,70,1,3,6,5.5
19,2,2,3,5,1,5,5,6,5,5,1,5,5,3,6,4,6,3,6,6,70,68,1,1,5,4,5.5,69,1,4,6,5.25
19,3,3,1,5,1,5,5,6,5,5,1,5,5,5,6,4,6,3,6,5,60,50,1,1,5,5,5.5,55,1,4,5,5.25
19,4,3,2,5,1,3,5,6,5,5,1,5,5,3,6,3,6,5,6,6,70,60,1,1,5,4,4.5,65,1,3,6,5.75
20,1,1,3,5,1,5,3,4,3,3,1,3,3,6,4,4,5,6,5,3,60,50,1,1,3,4.5,4.5,55,1,4,3,5
20,2,2,3,5,1,5,2,4,3,3,1,2,3,6,5,4,5,6,6,3,50,40,1,1,2.5,4.5,4.5,45,1,4,3,5.5
20,3,3,1,5,1,5,3,5,5,4,1,5,3,4,3,4,3,4,5,3,55,35,1,1,4.25,3.5,5,45,1,4,3,3.75
20,4,3,2,5,1,5,5,5,5,3,1,3,3,3,5,5,3,3,3,3,30,20,1,1,4,3,5,25,1,5,3,3.5
21,1,1,3,5,1,5,3,4,3,3,1,3,5,6,5,6,5,7,6,3,60,40,1,1,3,5.5,4.5,50,1,6,3,5.75
21,2,2,3,5,1,5,3,3,5,3,1,3,5,6,6,5,6,6,6,5,60,50,1,1,3.5,5.5,4,55,1,5,5,6
21,3,3,1,5,1,5,3,4,3,3,1,3,5,3,6,6,6,6,4,3,35,30,1,1,3,4,4.5,32.5,1,6,3,5.5
21,4,3,2,5,1,6,5,5,5,5,1,3,5,3,6,6,5,6,6,3,30,30,1,1,4.5,4,5.5,30,1,6,3,5.75
22,1,1,3,5,1,4,3,2,5,3,1,5,3,4,5,3,6,3,4,6,75,75,1,0,4,3.5,3,75,1,3,6,4.5
22,2,2,3,5,1,4,4,3,5,6,1,6,3,6,6,6,6,1,4,6,85,80,1,0,5.25,4.5,3.5,82.5,1,6,6,4.25
22,3,3,1,5,1,5,5,3,5,5,1,5,2,4,6,6,6,5,5,3,50,40,1,0,5,3,4,45,1,6,3,5.5
22,4,3,2,5,1,3,3,3,4,3,1,4,3,5,6,6,6,5,5,3,40,35,1,0,3.5,4,3,37.5,1,6,3,5.5
23,1,1,3,5,1,6,5,5,5,3,5,4,5,6,6,6,6,6,4,3,60,63,1,1,4.25,5.5,5.5,61.5,5,6,3,5.5
23,2,2,3,5,1,5,3,3,5,4,1,3,5,6,6,3,6,6,5,4,53,50,1,1,3.75,5.5,4,51.5,1,3,4,5.75
23,3,3,1,5,1,5,3,3,3,3,1,3,5,6,6,5,6,6,5,5,35,40,1,1,3,5.5,4,37.5,1,5,5,5.75
23,4,3,2,5,1,6,6,3,5,3,1,5,4,4,6,6,6,5,5,3,35,40,1,1,4.75,4,4.5,37.5,1,6,3,5.5
24,1,1,3,5,1,5,4,4,5,4,1,3,5,6,6,5,6,6,6,4,67,55,1,0,4,5.5,4.5,61,1,5,4,6
24,2,2,3,5,1,5,5,4,5,4,1,3,4,6,6,5,6,6,6,6,75,70,1,0,4.25,5,4.5,72.5,1,5,6,6
24,3,3,1,5,1,3,3,3,3,4,1,3,4,6,6,6,6,6,5,3,40,40,1,0,3.25,5,3,40,1,6,3,5.75
24,4,3,2,5,1,3,3,3,3,4,1,3,4,6,6,6,5,6,4,3,30,30,1,0,3.25,5,3,30,1,6,3,5.25
25,1,1,3,5,1,3,3,3,5,5,1,3,5,5,5,6,3,6,6,3,45,30,1,1,4,5,3,37.5,1,6,3,5
25,2,2,3,5,1,4,4,3,5,3,1,3,4,3,5,6,6,6,6,5,60,50,1,1,3.75,3.5,3.5,55,1,6,5,5.75
25,3,3,1,5,1,5,3,5,3,3,1,4,5,5,5,6,3,4,6,5,40,50,2,1,3.25,5,5,45,1,6,5,4.5
25,4,3,2,5,1,5,4,5,5,5,1,5,3,3,6,3,6,4,6,3,40,45,1,1,4.75,3,5,42.5,1,3,3,5.5
26,1,1,3,5,1,5,5,5,5,5,1,3,3,6,6,5,6,3,5,5,45,40,2,1,4.5,4.5,5,42.5,1,5,5,5
26,2,2,3,5,1,5,4,5,5,4,1,5,3,6,3,6,6,7,4,6,45,65,2,1,4.5,4.5,5,55,1,6,6,5
26,3,3,1,5,1,5,6,5,5,5,1,6,3,4,6,4,6,5,6,3,52,46,1,1,5.5,3.5,5,49,1,4,3,5.75
26,4,3,2,5,1,5,6,6,6,3,1,5,5,6,6,4,6,6,7,3,67,50,1,1,5,5.5,5.5,58.5,1,4,3,6.25
27,1,1,3,5,1,5,3,5,2,2,1,2,2,6,5,4,4,4,3,2,25,30,1,0,2.25,4,5,27.5,1,4,2,4
27,2,2,3,5,1,3,2,3,1,3,1,1,3,6,5,5,3,5,2,2,51,5,1,0,1.75,4.5,3,28,1,5,2,3.75
27,3,3,1,5,1,3,3,3,2,2,1,1,3,3,4,4,5,5,5,3,50,40,1,0,2,3,3,45,1,4,3,4.75
27,4,3,2,5,1,5,3,3,2,3,1,2,3,6,5,5,5,5,5,3,35,45,1,0,2.5,4.5,4,40,1,5,3,5
28,1,1,3,5,1,4,5,3,4,3,2,5,5,3,5,6,6,5,6,5,50,50,1,1,4.25,4,3.5,50,2,6,5,5.5
28,2,2,3,5,1,5,4,3,4,4,1,5,3,3,6,6,6,5,4,6,77,65,1,1,4.25,3,4,71,1,6,6,5.25
28,3,3,1,5,1,3,5,3,3,4,1,3,4,4,6,5,6,6,4,3,25,25,1,1,3.75,4,3,25,1,5,3,5.5
28,4,3,2,5,1,5,5,3,5,4,1,3,5,6,5,5,6,5,6,3,35,30,1,1,4.25,5.5,4,32.5,1,5,3,5.5
29,1,1,3,5,1,5,3,1,4,3,1,3,3,6,3,6,5,6,6,3,40,39,1,1,3.25,4.5,3,39.5,1,6,3,5
29,2,2,3,5,1,4,3,1,2,3,1,2,3,6,3,7,5,6,5,2,35,30,1,1,2.5,4.5,2.5,32.5,1,7,2,4.75
29,3,3,1,5,1,5,3,1,5,6,1,5,5,3,6,6,6,5,6,5,70,55,1,1,4.75,4,3,62.5,1,6,5,5.75
29,4,3,2,5,1,5,6,2,6,3,1,5,3,4,6,6,6,5,6,5,65,50,1,1,5,3.5,3.5,57.5,1,6,5,5.75
30,1,1,3,5,1,5,3,3,3,3,3,3,3,6,6,5,7,6,7,4,50,60,1,0,3,4.5,4,55,3,5,4,6.5
30,2,2,3,5,1,5,3,3,4,4,1,3,5,6,6,6,7,6,7,6,70,50,1,0,3.5,5.5,4,60,1,6,6,6.5
30,3,3,1,5,1,5,5,4,5,5,1,3,4,3,6,6,7,6,7,4,40,35,1,0,4.5,3.5,4.5,37.5,1,6,4,6.5
30,4,3,2,5,1,5,4,3,3,4,1,3,4,4,6,5,7,6,7,3,40,50,1,0,3.5,4,4,45,1,5,3,6.5
31,1,1,3,5,1,3,1,4,1,3,1,1,1,2,2,4,1,3,3,1,30,13,2,1,1.5,1.5,3.5,21.5,1,4,1,2.25
31,2,2,3,5,1,4,1,4,4,4,2,6,3,3,2,5,2,2,5,2,25,30,1,1,3.75,3,4,27.5,2,5,2,2.75
31,3,3,1,5,1,1,1,4,1,3,1,1,1,1,1,6,3,3,4,2,80,40,1,1,1.5,1,2.5,60,1,6,2,2.75
31,4,3,2,5,1,1,1,4,3,1,1,1,1,3,1,6,1,3,5,1,50,25,1,1,1.5,2,2.5,37.5,1,6,1,2.5
32,1,1,3,5,1,5,3,6,4,5,1,5,5,6,6,3,6,6,6,3,39,50,1,1,4.25,5.5,5.5,44.5,1,3,3,6
32,2,2,3,5,1,5,5,5,5,5,1,3,3,3,6,3,6,7,5,3,55,45,1,1,4.5,3,5,50,1,3,3,6
32,3,3,1,5,1,6,5,5,5,5,1,5,3,3,7,3,6,6,6,4,30,30,1,1,5,3,5.5,30,1,3,4,6.25
32,4,3,2,5,1,6,5,5,5,5,1,5,3,3,6,4,6,6,6,3,50,40,1,1,5,3,5.5,45,1,4,3,6
33,1,1,3,5,1,5,3,3,4,4,5,3,5,6,5,6,6,6,5,4,66,50,1,1,3.5,5.5,4,58,5,6,4,5.5
33,2,2,3,5,1,5,3,3,5,3,5,3,5,6,5,6,6,6,5,6,60,85,1,1,3.5,5.5,4,72.5,5,6,6,5.5
33,3,3,1,5,1,5,5,3,5,5,1,5,5,3,6,6,6,6,5,4,56,50,1,1,5,4,4,53,1,6,4,5.75
33,4,3,2,5,1,5,3,3,3,5,1,5,4,3,6,6,7,6,6,4,65,50,1,1,4,3.5,4,57.5,1,6,4,6.25
34,1,1,3,5,1,5,6,3,6,5,1,3,5,6,6,4,6,6,6,6,50,65,1,1,5,5.5,4,57.5,1,4,6,6
34,2,2,3,5,1,5,3,4,6,5,2,5,5,6,6,6,6,6,4,6,80,75,1,1,4.75,5.5,4.5,77.5,2,6,6,5.5
34,3,3,1,5,1,3,5,3,5,5,1,5,3,5,6,5,6,6,6,5,60,50,1,1,5,4,3,55,1,5,5,6
34,4,3,2,5,1,3,4,3,5,5,1,3,4,4,6,6,6,6,4,4,30,45,1,1,4.25,4,3,37.5,1,6,4,5.5
35,1,1,3,5,1,6,4,3,5,4,1,3,5,6,6,3,6,6,6,3,65,50,1,0,4,5.5,4.5,57.5,1,3,3,6
35,2,2,3,5,1,5,5,3,5,4,1,3,5,6,6,5,6,6,6,5,78,55,1,0,4.25,5.5,4,66.5,1,5,5,6
35,3,3,1,5,1,5,5,3,5,4,1,3,5,4,6,6,6,6,6,6,65,65,1,0,4.25,4.5,4,65,1,6,6,6
35,4,3,2,5,1,5,5,3,5,4,1,3,5,6,6,6,6,6,6,5,60,50,1,0,4.25,5.5,4,55,1,6,5,6
36,1,1,3,5,1,5,5,5,5,3,1,3,5,6,6,6,6,6,6,3,60,40,1,1,4,5.5,5,50,1,6,3,6
36,2,2,3,5,1,5,3,4,3,3,1,5,5,6,6,4,6,6,6,3,60,50,1,1,3.5,5.5,4.5,55,1,4,3,6
36,3,3,1,5,1,5,3,5,3,3,1,3,4,3,5,5,5,6,5,3,30,35,1,1,3,3.5,5,32.5,1,5,3,5.25
36,4,3,2,5,1,5,5,5,5,4,1,4,4,3,6,6,6,6,5,3,50,40,1,1,4.5,3.5,5,45,1,6,3,5.75
37,1,1,3,5,1,5,5,3,5,3,5,6,5,3,6,3,7,3,6,5,70,50,1,1,4.75,4,4,60,5,3,5,5.5
37,2,2,3,5,1,6,5,3,6,6,4,6,5,6,4,4,7,3,4,6,85,52,1,1,5.75,5.5,4.5,68.5,4,4,6,4.5
37,3,3,1,5,1,5,5,5,3,3,4,3,3,4,7,4,7,5,7,3,40,31,1,1,3.5,3.5,5,35.5,4,4,3,6.5
37,4,3,2,5,1,7,5,5,3,3,4,5,4,3,6,6,7,6,6,3,50,50,1,1,4,3.5,6,50,4,6,3,6.25
38,1,1,3,5,1,5,5,4,3,5,1,5,3,5,6,4,6,6,5,4,45,50,1,0,4.5,4,4.5,47.5,1,4,4,5.75
38,2,2,3,5,1,5,3,3,3,4,1,3,3,6,5,3,5,6,5,3,65,50,1,0,3.25,4.5,4,57.5,1,3,3,5.25
38,3,3,1,5,1,5,3,5,5,5,1,3,4,3,6,4,6,5,5,5,60,60,1,0,4,3.5,5,60,1,4,5,5.5
38,4,3,2,5,1,4,3,4,3,3,1,3,4,3,6,6,6,5,4,6,60,55,1,0,3,3.5,4,57.5,1,6,6,5.25
39,1,1,3,5,1,3,3,3,2,3,1,2,5,6,3,5,3,3,5,2,40,18,2,1,2.5,5.5,3,29,1,5,2,3.5
39,2,2,3,5,1,4,4,5,3,3,1,3,4,6,3,5,3,6,6,3,60,30,1,1,3.25,5,4.5,45,1,5,3,4.5
39,3,3,1,5,1,4,3,4,3,3,1,3,5,6,5,5,5,6,4,3,25,30,1,1,3,5.5,4,27.5,1,5,3,5
39,4,3,2,5,1,5,5,5,6,4,1,4,5,4,6,5,6,5,6,5,50,55,1,1,4.75,4.5,5,52.5,1,5,5,5.75
40,1,1,3,5,1,3,2,5,5,4,1,3,3,6,5,3,6,6,6,2,43,52,1,1,3.5,4.5,4,47.5,1,3,2,5.75
40,2,2,3,5,1,3,2,5,5,3,1,3,3,4,4,3,6,7,5,4,50,53,1,1,3.25,3.5,4,51.5,1,3,4,5.5
40,3,3,1,5,1,3,3,3,3,5,1,3,2,3,4,3,5,6,4,2,15,15,1,1,3.5,2.5,3,15,1,3,2,4.75
40,4,3,2,5,1,3,5,4,5,5,1,3,4,3,5,6,5,6,6,5,70,59,1,1,4.5,3.5,3.5,64.5,1,6,5,5.5
41,1,1,3,5,1,4,3,2,5,4,1,4,5,6,6,6,7,5,7,5,65,50,1,1,4,5.5,3,57.5,1,6,5,6.25
41,2,2,3,5,1,6,3,2,5,4,4,3,3,6,6,3,6,6,4,6,70,83,1,1,3.75,4.5,4,76.5,4,3,6,5.5
41,3,3,1,5,1,5,3,2,3,3,1,3,3,4,6,6,6,6,4,6,35,60,1,1,3,3.5,3.5,47.5,1,6,6,5.5
41,4,3,2,5,1,5,5,2,5,5,1,3,4,3,6,6,5,6,6,5,40,50,1,1,4.5,3.5,3.5,45,1,6,5,5.75
42,1,1,3,5,1,3,4,1,5,5,1,3,3,6,3,4,5,5,6,4,45,40,1,0,4.25,4.5,2,42.5,1,4,4,4.75
42,2,2,3,5,1,2,4,1,5,5,1,3,2,4,5,3,5,6,6,4,45,60,1,0,4.25,3,1.5,52.5,1,3,4,5.5
42,3,3,1,5,1,4,5,1,5,3,1,5,2,3,5,4,6,6,5,3,60,40,1,0,4.5,2.5,2.5,50,1,4,3,5.5
42,4,3,2,5,1,3,4,1,5,5,1,5,1,3,5,6,6,6,5,5,65,65,1,0,4.75,2,2,65,1,6,5,5.5
43,1,1,3,5,1,5,5,3,5,4,1,3,3,3,6,6,6,6,7,2,65,34,1,1,4.25,3,4,49.5,1,6,2,6.25
43,2,2,3,5,1,5,3,5,3,5,1,4,3,3,6,7,6,5,6,4,57,75,1,1,3.75,3,5,66,1,7,4,5.75
43,3,3,1,5,1,5,5,5,4,4,1,4,5,6,7,6,7,6,5,3,40,48,1,1,4.25,5.5,5,44,1,6,3,6.25
43,4,3,2,5,1,6,5,3,5,4,1,5,5,6,6,7,7,5,6,3,30,45,1,1,4.75,5.5,4.5,37.5,1,7,3,6
44,1,1,3,5,1,5,3,5,3,5,1,3,3,6,6,4,6,4,4,6,55,70,1,0,3.5,4.5,5,62.5,1,4,6,5
44,2,2,3,5,1,5,3,4,5,4,1,3,3,6,6,3,6,5,4,5,75,77,1,0,3.75,4.5,4.5,76,1,3,5,5.25
44,3,3,1,5,1,5,4,5,5,4,1,3,3,3,6,3,6,6,6,3,55,45,1,0,4,3,5,50,1,3,3,6
44,4,3,2,5,1,6,4,5,3,3,1,3,3,5,3,4,5,6,3,3,35,50,1,0,3.25,4,5.5,42.5,1,4,3,4.25
45,1,1,3,5,1,5,3,3,4,3,5,2,4,3,7,6,6,6,6,3,51,50,1,1,3,3.5,4,50.5,5,6,3,6.25
45,2,2,3,5,1,4,3,4,3,3,1,3,3,5,5,6,6,6,7,4,50,85,1,1,3,4,4,67.5,1,6,4,6
45,3,3,1,5,1,6,5,3,5,5,1,5,3,3,7,6,7,5,6,4,50,50,1,1,5,3,4.5,50,1,6,4,6.25
45,4,3,2,5,1,5,3,4,3,5,1,3,3,3,5,5,5,5,5,6,70,75,1,1,3.5,3,4.5,72.5,1,5,6,5
46,1,1,3,5,1,5,3,4,3,4,1,3,4,6,5,6,6,7,6,5,50,30,1,1,3.25,5,4.5,40,1,6,5,6
46,2,2,3,5,1,3,3,5,3,3,1,2,5,7,5,5,6,6,7,3,60,80,1,1,2.75,6,4,70,1,5,3,6
46,3,3,1,5,1,3,3,2,5,3,1,3,3,3,7,6,7,6,6,4,40,60,1,1,3.5,3,2.5,50,1,6,4,6.5
46,4,3,2,5,1,5,5,3,3,3,1,5,3,3,7,6,7,7,6,4,40,40,1,1,4,3,4,40,1,6,4,6.75
47,1,1,3,5,1,6,3,5,5,3,4,3,3,5,7,5,7,6,6,3,70,31,1,1,3.5,4,5.5,50.5,4,5,3,6.5
47,2,2,3,5,1,5,3,4,3,4,1,3,3,3,5,6,7,7,7,5,85,50,1,1,3.25,3,4.5,67.5,1,6,5,6.5
47,3,3,1,5,1,5,5,3,5,4,1,5,3,4,7,7,7,7,7,4,40,60,1,1,4.75,3.5,4,50,1,7,4,7
47,4,3,2,5,1,5,3,5,3,5,1,3,3,3,3,7,6,6,6,3,49,50,1,1,3.5,3,5,49.5,1,7,3,5.25
48,1,1,3,5,1,6,3,6,5,3,1,5,5,3,6,5,7,5,3,5,59,51,1,1,4,4,6,55,1,5,5,5.25
48,2,2,3,5,1,5,3,5,3,2,3,3,5,5,6,6,6,4,6,4,60,90,1,1,2.75,5,5,75,3,6,4,5.5
48,3,3,1,5,1,5,3,4,3,2,1,2,3,3,3,6,5,4,5,3,40,25,1,1,2.5,3,4.5,32.5,1,6,3,4.25
48,4,3,2,5,1,3,3,3,3,3,1,3,3,3,4,5,5,5,4,3,35,25,1,1,3,3,3,30,1,5,3,4.5
49,1,1,3,5,1,5,3,5,5,3,1,3,4,6,6,6,6,6,6,5,50,50,1,0,3.5,5,5,50,1,6,5,6
49,2,2,3,5,1,5,4,6,5,5,1,3,5,5,6,6,6,6,6,5,68,68,1,0,4.25,5,5.5,68,1,6,5,6
49,3,3,1,5,1,3,3,5,5,3,1,3,4,5,6,6,6,6,6,3,30,50,1,0,3.5,4.5,4,40,1,6,3,6
49,4,3,2,5,1,5,3,6,5,4,1,3,3,6,6,6,6,6,6,5,55,50,1,0,3.75,4.5,5.5,52.5,1,6,5,6
50,1,1,3,5,1,5,4,5,3,4,1,5,3,6,5,3,6,5,3,4,38,50,1,0,4,4.5,5,44,1,3,4,4.75
50,2,2,3,5,1,5,3,5,3,5,1,5,3,6,6,3,6,4,3,6,60,50,2,0,4,4.5,5,55,1,3,6,4.75
50,3,3,1,5,1,5,3,5,3,3,1,3,2,3,6,6,5,6,5,5,66,50,1,0,3,2.5,5,58,1,6,5,5.5
50,4,3,2,5,1,3,2,5,3,3,1,3,2,6,3,5,3,6,4,3,40,50,1,0,2.75,4,4,45,1,5,3,4
51,1,1,3,5,1,5,3,6,5,5,1,3,3,5,5,7,7,7,7,6,50,60,1,1,4,4,5.5,55,1,7,6,6.5
51,2,2,3,5,1,6,3,5,3,3,1,4,3,5,7,6,7,7,6,5,65,50,2,1,3.25,4,5.5,57.5,1,6,5,6.75
51,3,3,1,5,1,5,5,6,5,3,1,3,4,3,7,7,7,7,6,4,40,60,2,1,4,3.5,5.5,50,1,7,4,6.75
51,4,3,2,5,1,5,5,6,5,5,1,5,5,6,7,6,7,5,7,6,50,45,1,1,5,5.5,5.5,47.5,1,6,6,6.5
52,1,1,3,5,1,5,3,3,6,6,1,3,3,3,7,7,7,5,5,6,60,90,1,1,4.5,3,4,75,1,7,6,6
52,2,2,3,5,1,5,2,3,3,3,1,5,3,3,5,7,7,5,4,6,55,90,1,1,3.25,3,4,72.5,1,7,6,5.25
52,3,3,1,5,1,5,4,3,5,3,1,3,3,3,6,7,7,6,7,4,40,40,1,1,3.75,3,4,40,1,7,4,6.5
52,4,3,2,5,1,5,3,3,3,3,1,2,2,3,5,4,6,6,4,5,50,63,1,1,2.75,2.5,4,56.5,1,4,5,5.25
53,1,1,3,5,1,5,3,5,3,3,2,2,4,3,6,3,6,7,6,6,50,70,1,1,2.75,3.5,5,60,2,3,6,6.25
53,2,2,3,5,1,4,3,6,3,3,1,3,5,6,6,6,7,7,7,6,60,50,1,1,3,5.5,5,55,1,6,6,6.75
53,3,3,1,5,1,5,3,5,4,5,1,5,4,6,7,6,7,6,7,4,50,40,1,1,4.25,5,5,45,1,6,4,6.75
53,4,3,2,5,1,5,3,4,5,6,1,5,4,3,6,6,7,6,6,4,50,40,1,1,4.75,3.5,4.5,45,1,6,4,6.25
54,1,1,3,5,1,6,4,3,5,3,1,3,4,6,6,6,6,6,5,3,30,50,1,0,3.75,5,4.5,40,1,6,3,5.75
54,2,2,3,5,1,5,4,3,5,3,1,3,3,6,6,5,6,5,4,6,70,55,1,0,3.75,4.5,4,62.5,1,5,6,5.25
54,3,3,1,5,1,4,4,3,3,1,5,3,3,3,6,5,6,5,5,4,40,50,1,0,2.75,3,3.5,45,5,5,4,5.5
54,4,3,2,5,1,5,3,3,3,3,1,5,3,4,5,3,5,6,4,5,65,60,1,0,3.5,3.5,4,62.5,1,3,5,5
55,1,1,3,5,1,5,3,2,3,3,1,3,3,6,3,3,5,4,2,3,66,50,1,0,3,4.5,3.5,58,1,3,3,3.5
55,2,2,3,5,1,3,4,3,5,2,1,4,3,3,6,3,6,3,4,6,75,75,1,0,3.75,3,3,75,1,3,6,4.75
55,3,3,1,5,1,4,4,3,3,3,1,3,3,5,3,5,5,5,4,4,36,35,1,0,3.25,4,3.5,35.5,1,5,4,4.25
55,4,3,2,5,1,5,5,3,3,3,1,3,3,3,3,5,5,5,4,4,40,30,1,0,3.5,3,4,35,1,5,4,4.25
56,1,1,3,5,1,5,3,4,5,4,1,3,4,3,6,6,6,6,6,6,60,50,1,0,3.75,3.5,4.5,55,1,6,6,6
56,2,2,3,5,1,5,3,3,5,4,1,3,3,6,6,6,5,6,7,4,45,60,1,0,3.75,4.5,4,52.5,1,6,4,6
56,3,3,1,5,1,5,3,3,5,3,1,3,4,3,6,6,6,6,5,4,30,40,1,0,3.5,3.5,4,35,1,6,4,5.75
56,4,3,2,5,1,5,3,3,4,4,1,3,3,6,6,6,6,6,6,5,50,55,1,0,3.5,4.5,4,52.5,1,6,5,6
57,1,1,3,5,1,5,4,4,3,3,3,3,5,6,6,5,6,7,6,5,50,75,1,1,3.25,5.5,4.5,62.5,3,5,5,6.25
57,2,2,3,5,1,5,5,4,3,3,2,4,5,6,6,6,6,6,6,6,60,75,1,1,3.75,5.5,4.5,67.5,2,6,6,6
57,3,3,1,5,1,5,4,4,4,3,1,1,4,3,6,6,6,6,4,3,35,45,1,1,3,3.5,4.5,40,1,6,3,5.5
57,4,3,2,5,1,6,4,4,3,3,1,2,5,6,6,6,6,6,4,6,40,45,1,1,3,5.5,5,42.5,1,6,6,5.5
58,1,1,3,5,1,3,5,3,5,3,1,5,3,3,5,3,3,3,3,4,50,35,1,1,4.5,3,3,42.5,1,3,4,3.5
58,2,2,3,5,1,3,2,3,5,3,1,5,4,5,6,6,4,5,6,5,60,67,1,1,3.75,4.5,3,63.5,1,6,5,5.25
58,3,3,1,5,1,3,3,3,3,2,1,2,3,4,5,6,5,6,6,3,30,44,1,1,2.5,3.5,3,37,1,6,3,5.5
58,4,3,2,5,1,5,3,4,3,3,1,4,3,3,6,5,6,5,6,3,40,40,1,1,3.25,3,4.5,40,1,5,3,5.75
59,1,1,3,5,1,3,2,3,3,3,1,2,4,6,5,3,5,6,6,5,75,60,1,1,2.5,5,3,67.5,1,3,5,5.5
59,2,2,3,5,1,2,2,3,1,2,1,4,3,6,6,6,6,7,5,5,80,75,1,1,2.25,4.5,2.5,77.5,1,6,5,6
59,3,3,1,5,1,4,3,3,3,4,1,2,2,4,5,6,5,6,3,2,15,10,1,1,3,3,3.5,12.5,1,6,2,4.75
59,4,3,2,5,1,4,3,3,4,3,1,4,3,6,5,6,6,5,6,3,25,30,2,1,3.5,4.5,3.5,27.5,1,6,3,5.5
60,1,1,3,5,1,5,4,2,5,5,1,4,3,6,6,5,6,5,6,6,60,68,1,0,4.5,4.5,3.5,64,1,5,6,5.75
60,2,2,3,5,1,5,5,2,5,5,1,5,4,6,6,6,6,6,5,6,50,45,1,0,5,5,3.5,47.5,1,6,6,5.75
60,3,3,1,5,1,5,3,2,5,4,1,5,4,3,6,6,6,6,6,4,50,50,1,0,4.25,3.5,3.5,50,1,6,4,6
60,4,3,2,5,1,3,4,2,5,5,1,3,3,5,6,6,6,6,6,4,60,55,1,0,4.25,4,2.5,57.5,1,6,4,6
61,1,1,3,5,1,6,3,5,5,5,1,4,4,4,6,5,7,6,6,4,60,50,1,1,4.25,4,5.5,55,1,5,4,6.25
61,2,2,3,5,1,5,3,5,3,5,1,1,3,3,6,7,6,7,6,5,40,60,1,1,3,3,5,50,1,7,5,6.25
61,3,3,1,5,1,5,5,5,5,6,1,5,2,3,7,7,7,4,7,5,40,40,1,1,5.25,2.5,5,40,1,7,5,6.25
61,4,3,2,5,1,5,3,5,6,6,1,6,3,3,7,7,7,6,7,5,50,50,1,1,5.25,3,5,50,1,7,5,6.75
62,1,1,3,5,1,5,5,4,5,6,1,5,3,6,6,5,6,6,6,5,55,50,1,0,5.25,4.5,4.5,52.5,1,5,5,6
62,2,2,3,5,1,5,6,5,5,6,1,5,3,6,7,5,7,6,7,6,90,65,1,0,5.5,4.5,5,77.5,1,5,6,6.75
62,3,3,1,5,1,5,5,4,5,5,1,5,3,3,6,5,7,4,7,4,45,40,1,0,5,3,4.5,42.5,1,5,4,6
62,4,3,2,5,1,4,5,5,5,6,1,3,3,6,6,5,6,5,7,5,50,50,1,0,4.75,4.5,4.5,50,1,5,5,6
63,1,1,3,5,1,5,5,3,5,3,1,3,3,6,6,7,7,6,6,6,60,50,1,1,4,4.5,4,55,1,7,6,6.25
63,2,2,3,5,1,3,5,2,5,3,1,3,3,5,6,7,7,7,7,5,68,65,1,1,4,4,2.5,66.5,1,7,5,6.75
63,3,3,1,5,1,3,3,3,4,4,1,3,3,6,6,6,6,6,7,3,30,25,1,1,3.5,4.5,3,27.5,1,6,3,6.25
63,4,3,2,5,1,5,3,3,3,5,1,3,3,6,7,6,6,6,7,4,40,45,1,1,3.5,4.5,4,42.5,1,6,4,6.5
64,1,1,3,5,1,5,5,3,5,3,1,3,4,6,3,5,5,4,6,3,40,25,1,1,4,5,4,32.5,1,5,3,4.5
64,2,2,3,5,1,5,3,5,5,3,1,2,3,3,3,6,3,5,5,3,40,25,1,1,3.25,3,5,32.5,1,6,3,4
64,3,3,1,5,1,4,5,3,5,5,1,5,3,2,6,6,6,3,7,4,45,40,1,1,5,2.5,3.5,42.5,1,6,4,5.5
64,4,3,2,5,1,4,5,5,6,3,1,6,3,6,6,6,6,5,6,5,45,35,1,1,5,4.5,4.5,40,1,6,5,5.75
65,1,1,3,5,1,5,3,5,3,5,1,3,3,5,7,7,7,6,7,4,55,79,1,1,3.5,4,5,67,1,7,4,6.75
65,2,2,3,5,1,6,3,4,5,5,1,5,3,6,7,7,7,5,7,5,83,68,1,1,4.5,4.5,5,75.5,1,7,5,6.5
65,3,3,1,5,1,6,4,3,5,5,1,5,5,6,7,7,7,6,7,3,30,39,1,1,4.75,5.5,4.5,34.5,1,7,3,6.75
65,4,3,2,5,1,5,3,4,3,5,1,3,3,6,7,6,7,6,6,3,29,20,1,1,3.5,4.5,4.5,24.5,1,6,3,6.5
66,1,1,3,5,1,3,3,4,5,3,1,3,5,6,3,3,6,3,3,4,40,45,1,1,3.5,5.5,3.5,42.5,1,3,4,3.75
66,2,2,3,5,1,4,3,3,3,3,1,2,5,4,6,6,6,3,5,6,51,77,1,1,2.75,4.5,3.5,64,1,6,6,5
66,3,3,1,5,1,3,3,4,5,3,1,3,5,4,5,6,6,5,4,3,20,20,1,1,3.5,4.5,3.5,20,1,6,3,5
66,4,3,2,5,1,3,2,2,2,3,1,2,2,2,3,6,6,5,3,3,30,15,1,1,2.25,2,2.5,22.5,1,6,3,4.25
67,1,1,3,5,1,5,3,3,5,2,5,3,5,6,5,6,7,6,6,4,37,45,1,1,3.25,5.5,4,41,5,6,4,6
67,2,2,3,5,1,5,3,5,5,5,2,3,3,6,6,6,6,6,6,4,50,70,1,1,4,4.5,5,60,2,6,4,6
67,3,3,1,5,1,3,3,5,3,3,1,2,2,4,5,6,4,6,4,2,10,10,1,1,2.75,3,4,10,1,6,2,4.75
67,4,3,2,5,1,3,2,3,3,3,1,2,2,3,5,5,5,6,6,3,30,30,1,1,2.5,2.5,3,30,1,5,3,5.5
68,1,1,3,5,1,5,2,5,2,2,1,3,3,3,5,6,6,6,3,2,45,50,1,1,2.25,3,5,47.5,1,6,2,5
68,2,2,3,5,1,3,2,4,4,2,1,3,4,3,5,5,6,6,6,6,71,50,1,1,2.75,3.5,3.5,60.5,1,5,6,5.75
68,3,3,1,5,1,3,3,5,4,3,1,2,3,4,3,6,5,6,5,3,25,30,1,1,3,3.5,4,27.5,1,6,3,4.75
68,4,3,2,5,1,3,3,5,5,3,1,5,3,3,6,6,5,6,5,3,20,35,1,1,4,3,4,27.5,1,6,3,5.5
69,1,1,3,5,1,3,3,3,5,5,1,2,3,7,6,6,6,6,6,3,50,44,1,1,3.75,5,3,47,1,6,3,6
69,2,2,3,5,1,5,5,3,5,5,1,3,4,6,6,6,5,6,6,2,53,49,1,1,4.5,5,4,51,1,6,2,5.75
69,3,3,1,5,1,5,4,3,5,5,1,3,5,6,6,6,5,6,6,3,60,50,1,1,4.25,5.5,4,55,1,6,3,5.75
69,4,3,2,5,1,4,3,3,4,3,1,3,4,3,4,5,3,6,2,2,29,35,1,1,3.25,3.5,3.5,32,1,5,2,3.75
70,1,1,3,5,1,6,3,3,4,5,1,5,4,3,6,3,7,3,2,4,65,50,1,1,4.25,3.5,4.5,57.5,1,3,4,4.5
70,2,2,3,5,1,5,3,4,6,4,2,4,5,6,6,5,6,4,5,5,70,85,1,1,4.25,5.5,4.5,77.5,2,5,5,5.25
70,3,3,1,5,1,6,3,4,5,4,1,5,5,5,6,7,6,6,7,5,55,60,1,1,4.25,5,5,57.5,1,7,5,6.25
70,4,3,2,5,1,5,5,5,6,3,1,3,5,3,4,3,5,5,4,3,20,25,1,1,4.25,4,5,22.5,1,3,3,4.5
71,1,1,3,5,1,5,5,5,6,4,2,4,5,6,6,4,5,6,6,6,50,55,1,1,4.75,5.5,5,52.5,2,4,6,5.75
71,2,2,3,5,1,5,5,4,6,3,2,3,5,6,5,5,6,5,6,6,50,85,2,1,4.25,5.5,4.5,67.5,2,5,6,5.5
71,3,3,1,5,1,6,6,5,6,3,1,5,6,6,6,6,6,6,6,5,45,35,1,1,5,6,5.5,40,1,6,5,6
71,4,3,2,5,1,5,4,5,4,4,1,3,6,6,5,6,6,6,6,4,25,25,1,1,3.75,6,5,25,1,6,4,5.75
72,1,1,3,5,1,5,3,4,5,4,1,2,4,5,6,6,6,6,6,3,50,65,1,0,3.5,4.5,4.5,57.5,1,6,3,6
72,2,2,3,5,1,5,3,4,5,4,1,3,5,6,6,6,6,6,6,4,68,55,1,0,3.75,5.5,4.5,61.5,1,6,4,6
72,3,3,1,5,1,5,3,5,4,3,1,2,4,6,6,6,6,6,6,3,30,30,1,0,3,5,5,30,1,6,3,6
72,4,3,2,5,1,5,4,4,5,4,1,5,4,3,6,5,6,5,6,4,40,55,1,0,4.5,3.5,4.5,47.5,1,5,4,5.75
73,1,1,3,5,1,5,2,5,2,3,1,3,3,3,4,3,4,5,5,2,50,20,1,1,2.5,3,5,35,1,3,2,4.5
73,2,2,3,5,1,5,2,3,2,5,2,3,4,5,5,5,5,6,5,5,45,55,1,1,3,4.5,4,50,2,5,5,5.25
73,3,3,1,5,1,3,4,5,5,5,1,4,4,5,5,5,4,6,5,3,25,40,1,1,4.5,4.5,4,32.5,1,5,3,5
73,4,3,2,5,1,5,3,4,5,4,1,2,3,6,5,5,5,5,6,4,40,55,1,1,3.5,4.5,4.5,47.5,1,5,4,5.25
74,1,1,3,5,1,5,5,3,7,5,1,4,3,6,6,5,7,6,6,6,70,85,1,1,5.25,4.5,4,77.5,1,5,6,6.25
74,2,2,3,5,1,5,4,3,5,4,1,3,4,3,6,5,6,6,6,6,85,70,1,1,4,3.5,4,77.5,1,5,6,6
74,3,3,1,5,1,6,5,3,5,6,1,3,3,5,6,6,6,6,4,3,30,25,1,1,4.75,4,4.5,27.5,1,6,3,5.5
74,4,3,2,5,1,5,4,3,6,5,1,5,3,3,7,6,6,6,7,3,35,45,1,1,5,3,4,40,1,6,3,6.5
75,1,1,3,5,1,3,5,5,5,3,5,5,3,5,5,5,3,6,6,6,65,78,1,1,4.5,4,4,71.5,5,5,6,5
75,2,2,3,5,1,5,1,5,3,3,6,4,5,2,5,5,5,4,6,6,70,70,1,1,2.75,3.5,5,70,6,5,6,5
75,3,3,1,5,1,3,5,3,3,3,1,2,3,3,3,3,5,6,3,3,25,20,1,1,3.25,3,3,22.5,1,3,3,4.25
75,4,3,2,5,1,5,5,5,5,2,1,3,5,3,5,3,5,3,5,3,40,35,2,1,3.75,4,5,37.5,1,3,3,4.5
76,1,1,3,5,1,2,2,3,2,3,5,3,5,5,5,3,6,6,6,6,40,70,2,1,2.5,5,2.5,55,5,3,6,5.75
76,2,2,3,5,1,4,3,3,5,3,5,3,3,3,5,3,5,5,5,6,50,80,2,1,3.5,3,3.5,65,5,3,6,5
76,3,3,1,5,1,2,2,3,3,3,4,2,4,3,4,4,5,6,6,3,20,10,1,1,2.5,3.5,2.5,15,4,4,3,5.25
76,4,3,2,5,1,2,2,3,5,2,1,3,4,3,5,5,3,5,5,6,60,70,1,1,3,3.5,2.5,65,1,5,6,4.5
77,1,1,3,5,1,5,5,3,5,3,2,5,2,5,5,5,2,3,6,3,45,60,2,1,4.5,3.5,4,52.5,2,5,3,4
77,2,2,3,5,1,3,3,5,2,2,1,2,5,3,5,5,4,3,5,3,60,50,1,1,2.25,4,4,55,1,5,3,4.25
77,3,3,1,5,1,5,3,5,3,5,1,5,3,3,5,5,3,4,6,5,60,40,2,1,4,3,5,50,1,5,5,4.5
77,4,3,2,5,1,3,3,5,5,3,1,2,3,2,5,5,3,6,6,5,55,60,1,1,3.25,2.5,4,57.5,1,5,5,5
78,1,1,3,5,1,5,4,5,5,5,1,5,5,2,5,4,5,4,5,5,70,50,1,1,4.75,3.5,5,60,1,4,5,4.75
78,2,2,3,5,1,5,3,5,5,5,2,4,6,6,3,5,6,5,3,3,60,50,1,1,4.25,6,5,55,2,5,3,4.25
78,3,3,1,5,1,5,3,5,3,5,1,1,3,4,3,5,6,6,3,4,35,25,1,1,3,3.5,5,30,1,5,4,4.5
78,4,3,2,5,1,3,3,5,3,3,1,1,3,6,3,5,5,6,6,4,50,75,1,1,2.5,4.5,4,62.5,1,5,4,5
79,1,1,3,5,1,2,1,4,2,2,1,2,2,5,2,6,3,6,3,3,40,30,1,1,1.75,3.5,3,35,1,6,3,3.5
79,2,2,3,5,1,5,2,4,2,3,1,3,2,6,5,6,6,6,6,5,60,75,3,1,2.5,4,4.5,67.5,1,6,5,5.75
79,3,3,1,5,1,3,3,4,2,2,1,1,2,6,3,3,5,6,2,2,30,5,1,1,2,4,3.5,17.5,1,3,2,4
79,4,3,2,5,1,5,3,4,3,3,1,3,3,3,6,6,6,4,4,3,40,50,1,1,3,3,4.5,45,1,6,3,5
80,1,1,3,5,1,3,4,4,6,6,1,3,3,3,5,6,7,5,5,2,60,35,1,1,4.75,3,3.5,47.5,1,6,2,5.5
80,2,2,3,5,1,2,3,3,3,6,2,3,3,5,3,6,3,7,6,2,50,20,1,1,3.75,4,2.5,35,2,6,2,4.75
80,3,3,1,5,1,5,4,3,3,3,1,3,4,5,5,6,3,6,5,2,40,50,2,1,3.25,4.5,4,45,1,6,2,4.75
80,4,3,2,5,1,4,2,4,3,3,1,1,3,3,3,4,4,6,3,2,30,25,1,1,2.25,3,4,27.5,1,4,2,4
