hdyad,hawkid,hterm,htechint,hcond,hprocadd,hage,hsex,hengspeak,hethnic,hyearosu,hyearsus,hkeyexp,hxboxexp,hhogan,hboredom,hsdesirability,shogan,sboredom,ssdesirability,hpanavigation1,hpaenjoyment1,hpauneasiness1,hpafrustration1,hpadistractedguilt1,hpagoodacc1,hpabadacc1,hpagood1,hpabad1,hpanavigation2,hpaenjoyment2,hpauneasiness2,hpafrustration2,hpadistractedguilt2,hpagoodacc2,hpabadacc2,hpagood2,hpabad2,hpaaverageacc1,hpaaverageacc2,hpaaverage1,hpaaverage2,hpagoodacc,hpabadacc,hpaaverageacc,hpagood,hpabad,hpaaverage,hpanavigation,hpaenjoyment,hpauneasiness,hpafrustration,hpadistractedguilt,spaovercome1,spaoverwhelm1,sparoleful1,spastruggle1,spacomm1,spagoodacc1,spabadacc1,spagood1,spabad1,spaovercome2,spaoverwhelm2,sparoleful2,spastruggle2,spacomm2,spagoodacc2,spabadacc2,spagood2,spabad2,spaaverageacc1,spaaverageacc2,spaaverage1,spaaverage2,spagoodacc,spabadacc,spaaverageacc,spagood,spabad,spaaverage,spaovercome,hpa1comp,rapcomp1,hpa2comp,rapcomp2,speechave1,speechave2,outcome1,outcome2,spersonality,speechave4,speechave3,outcomeave,speechave,hpacompave,rapcompave
1,1,1,1,0,1,19,1,1,3,2,15,4,2,43,11,16,0.194350945,10,18,0.724,-0.422,0.625,0.956,1.225,0.238,0.871,0.271,0.86,-0.01,-0.819,-0.552,0.742,0.37,-0.216,0.298,-0.201,0.467,-0.3165,-0.257,-0.2945,-0.334,0.011,0.5845,-0.28675,0.035,0.6635,-0.31425,0.357,-0.6205,0.0365,0.849,0.7975,0.745,-0.718,0.447,-1.101,-0.024,0.611,-0.816,0.487,-0.797,0.006,-0.515,-0.057,0.364,-0.998,-0.127,-0.337,-0.2,-0.408,0.7135,0.105,0.642,0.104,0.242,-0.5765,0.40925,0.1435,-0.6025,0.373,0.3755,-9.041297783,-4.319048667,-6.165725372,-19.23405949,0.294776259,1.006297837,-13.36034645,-25.39978486,,0.325713367,-0.248186716,-19.38006566,0.650537048,-7.603511578,-11.77655408
2,3,1,0,0,1,19,1,1,3,2,15,5,2,34,14,16,-1.955914825,8,13,-0.875,-0.109,1.399,-0.175,0.919,-0.344,1.337,-0.479,1.245,-0.682,-0.426,0.733,0.45,1.158,-0.513,0.85,-0.552,1.019,-0.8405,-0.6815,-0.862,-0.7855,-0.4285,1.0935,-0.761,-0.5155,1.132,-0.82375,-0.7785,-0.2675,1.066,0.1375,1.0385,0.533,-0.855,0.447,-0.196,0.014,0.388,-0.464,0.226,-0.608,-0.044,-0.289,-0.129,1.847,-0.912,-0.178,0.326,-0.315,0.259,0.426,-0.252,0.417,-0.287,0.105,-0.069,0.087,-0.0445,-0.1745,0.065,0.2445,-15.27299371,-15.46515459,-16.2068858,-29.90493231,-0.486729475,0.006335366,-30.7381483,-46.11181811,,-1.205642325,-0.806032373,-38.42498321,-0.240197055,-15.73993976,-22.68504345
3,5,1,1,0,1,20,0,0,4,3,20,5,3,35,17,12,1.352186359,5,19,-0.166,-1.196,-0.319,-0.674,-0.488,-0.896,-0.514,-0.887,-0.706,-0.253,-0.759,-0.412,-1.122,-1.341,-0.622,-0.624,-0.684,-0.796,-0.191,0.001,-0.0905,0.056,-0.759,-0.569,-0.095,-0.7855,-0.751,-0.01725,-0.2095,-0.9775,-0.3655,-0.898,-0.9145,0.371,0.773,0.407,0.104,0.907,0.519,0.603,0.38,0.459,0.023,1.267,0.215,1.052,0.857,0.188,1.184,0.235,1.212,-0.042,-0.498,-0.0395,-0.4885,0.3535,0.8935,-0.27,0.3075,0.8355,-0.264,0.197,-1.264273975,10.76090903,6.315560305,,0.473256072,0.593583012,9.496635058,,,1.031520501,1.099753948,9.496635058,0.533419542,2.525643165,10.76090903
4,7,1,0,0,1,20,1,1,3,3,20,5,2,48,5,24,0.194350945,12,7,-0.745,-0.232,-0.818,-0.786,-0.488,-0.444,-0.472,-0.413,-0.282,-0.322,-0.819,-0.897,0.866,-0.795,-0.629,-0.37,-0.508,-0.201,0.014,-0.1295,-0.0655,-0.1535,-0.5365,-0.421,-0.05775,-0.4605,-0.2415,-0.1095,-0.5335,-0.5255,-0.8575,0.04,-0.6415,0.883,-0.73,0.831,-0.735,-0.437,0.808,-0.795,0.839,-0.781,0.914,-0.617,0.831,-0.562,-1.046,0.83,-0.675,0.865,-0.575,0.8015,0.7525,0.81,0.72,0.819,-0.735,0.777,0.852,-0.678,0.765,0.8985,4.700834073,-13.70228668,-3.318463402,-11.79805251,-0.588370096,0.70670445,-9.001452608,-15.11651591,,-0.325637497,-0.255974896,-12.05898426,0.059167177,0.691185335,-12.75016959
5,9,1,1,0,1,20,1,1,3,3,20,5,3,49,4,23,-1.790509766,15,14,0.638,0.526,0.795,0.508,1.465,0.726,0.998,0.899,0.966,0.431,0.563,0.747,1.512,2.39,0.646,1.472,0.863,1.742,-0.136,-0.413,-0.0335,-0.4395,0.686,1.235,-0.2745,0.881,1.354,-0.2365,0.5345,0.5445,0.771,1.01,1.9275,0.12,-0.845,0.831,-1.101,-0.387,0.229,-0.811,0.338,-1.045,-0.689,-0.718,0.831,-0.928,-0.241,-0.515,-0.846,-0.233,-0.573,0.52,0.1655,0.6915,0.17,-0.143,-0.8285,0.34275,0.0525,-0.809,0.43075,-0.2845,-2.648842249,5.911006842,-11.46355535,-7.843819859,-0.210132701,-0.476419732,3.262164593,-19.30737521,,1.492071959,0.102686175,-8.022605309,-0.343276217,-7.0561988,-0.966406509
6,11,1,1,0,1,19,1,1,4,2,19,5,3,34,8,8,1.021376241,9,12,1.059,0.986,-1.007,-1.07,-0.488,1.056,-0.981,1.037,-1.132,1.059,0.628,-0.678,-0.818,-0.555,0.877,-0.73,0.891,-0.801,1.0185,0.8035,1.0845,0.846,0.9665,-0.8555,0.911,0.964,-0.9665,0.96525,1.059,0.807,-0.8425,-0.944,-0.5215,0.379,-0.015,0.596,0.297,0.2,0.325,0.188,0.334,-0.042,0.059,0.571,0.599,1.245,0.14,0.153,0.742,0.191,0.68,0.0685,-0.2945,0.188,-0.2445,0.239,0.465,-0.113,0.2625,0.319,-0.02825,0.219,27.46973527,11.92749708,21.82304222,-7.973091227,1.04645971,1.088715473,39.39723236,13.84995099,,0.986395362,0.020570002,26.62359168,1.067587591,24.64638875,1.977202929
7,13,1,1,0,1,19,0,1,5,1,19,5,4,40,5,24,-0.467269292,8,15,-0.02,0.514,0.29,-0.37,-0.488,0.234,-0.011,0.195,-0.203,-0.502,0.297,1.161,0.453,1.463,0.042,1.188,0.038,1.257,0.1225,-0.573,0.199,-0.6095,0.138,0.5885,-0.22525,0.1165,0.527,-0.20525,-0.261,0.4055,0.7255,0.0415,0.4875,-0.097,-0.12,0.639,0.426,0.73,0.306,0.164,0.192,0.02,-0.095,2.139,0.639,0.43,1.345,0.346,1.602,0.239,1.548,0.071,-0.628,0.086,-0.6545,0.326,0.883,-0.2785,0.2155,0.784,-0.28425,-0.096,6.457687159,13.01502454,-13.26950082,3.578442754,-0.182624573,0.415608206,19.4727117,-9.691058065,,0.057923089,0.577553643,4.890826819,0.116491816,-3.40590683,8.296733648
8,15,1,1,0,1,20,1,1,3,2,20,5,3,40,5,18,2.013806596,4,26,-1.909,-0.476,-0.818,-1.106,-1.035,-1.408,-0.868,-1.484,-0.839,-1.641,-0.762,-1.065,-0.766,-1.102,-1.417,-1.016,-1.495,-0.906,-0.27,-0.2005,-0.3225,-0.2945,-1.4125,-0.942,-0.23525,-1.4895,-0.8725,-0.3085,-1.775,-0.619,-0.9415,-0.936,-1.0685,-0.336,-0.353,-0.255,-0.499,-0.481,-0.545,-0.498,-0.442,-0.312,-0.337,0.015,0.129,-0.369,-0.166,-0.435,-0.238,-0.314,0.034,-0.0235,-0.0985,-0.065,-0.174,-0.49,-0.368,-0.061,-0.378,-0.139,-0.1195,-0.3365,-0.963903391,3.401751872,-1.478760325,-4.669316496,0.11670018,0.546004093,2.437848481,-6.148076821,,-0.375791261,-0.473894862,-1.85511417,0.331352136,-1.221331858,-0.633782312
9,17,1,0,0,1,20,0,0,4,2,2,5,3,32,12,8,-0.467269292,3,24,-0.459,0.505,0.283,0.133,0.367,0.068,0.39,0.121,0.298,-0.289,0.218,0.522,0.456,-0.248,0.009,0.44,-0.009,0.429,-0.161,-0.2155,-0.0885,-0.219,0.0385,0.415,-0.18825,0.056,0.3635,-0.15375,-0.374,0.3615,0.4025,0.2945,0.0595,-1.139,1.452,0.831,-0.196,-0.805,-0.737,0.676,-0.731,0.949,-1.457,0.545,-0.447,0.557,-0.828,-1.418,0.357,-1.59,0.458,-0.7065,-0.8875,-0.84,-1.024,-1.0775,0.5165,-0.797,-1.1605,0.7035,-0.932,-1.298,-1.510967189,23.0659203,-3.753985477,4.885737393,1.380488781,1.195901106,21.55495311,1.131751916,,1.849186059,1.916757379,11.34335252,1.288194943,-2.632476333,13.97582885
10,19,1,1,0,1,18,0,1,3,1,18,5,3,46,4,16,1.352186359,8,22,-0.431,-0.387,0.713,0.707,0.538,-0.422,0.529,-0.445,0.417,0.065,-0.354,0.26,0.65,0.845,-0.157,0.321,-0.136,0.289,-0.4755,-0.239,-0.431,-0.2125,-0.2895,0.425,-0.35725,-0.2905,0.353,-0.32175,-0.183,-0.3705,0.4865,0.6785,0.6915,0.307,0.235,0.599,0.187,0.16,0.451,0.305,0.539,0.161,0.622,0.11,0.599,0.489,0.445,0.594,0.321,0.582,0.177,0.073,0.1365,0.189,0.2025,0.5225,0.313,0.10475,0.5605,0.169,0.19575,0.4645,-13.52258213,-11.83660077,-8.241488023,-18.43649724,-0.377330185,-0.289854734,-25.3591829,-26.67798527,,-1.348215683,-1.292693282,-26.01858408,-0.33359246,-10.88203508,-15.13654901
11,21,1,0,0,1,19,1,1,3,2,19,5,2,33,11,8,1.1867813,15,9,-0.894,-1.34,-0.483,-0.766,-0.248,-1.333,-0.667,-1.397,-0.759,-1.623,-1.75,-0.412,-0.603,0.059,-1.902,-0.624,-1.935,-0.615,-0.333,-0.639,-0.319,-0.66,-1.6175,-0.6455,-0.486,-1.666,-0.687,-0.4895,-1.2585,-1.545,-0.4475,-0.6845,-0.0945,-0.177,0.377,-0.103,0.277,-0.136,-0.084,0.254,-0.144,0.359,-0.264,0.852,-0.335,0.277,-0.21,-0.185,0.539,-0.323,0.644,-0.169,-0.362,-0.2515,-0.4835,-0.1345,0.3965,-0.2655,-0.2335,0.5015,-0.3675,-0.2205,-6.275236626,-15.9990389,-15.74072135,-29.24277997,-0.49622217,-1.237478565,-22.27427553,-44.98350132,,-0.933843331,-0.886453404,-33.62888842,-0.866850368,-11.00797899,-22.62090944
12,23,1,1,0,1,20,1,1,3,3,20,5,2,36,17,15,0.194350945,12,10,0.275,0.486,0.528,-0.191,-0.795,0.314,0.057,0.288,-0.035,0.186,0.537,0.871,0.059,-0.248,0.456,0.604,0.391,0.512,0.1285,-0.074,0.1615,-0.0605,0.385,0.3305,0.02725,0.3395,0.2385,0.0505,0.2305,0.5115,0.6995,-0.066,-0.5215,0.477,-0.131,0.321,-0.282,-0.359,0.334,-0.3,0.344,-0.286,-0.662,-0.969,0.089,0.816,-0.608,-0.392,-0.391,-0.442,-0.2,0.317,-0.0005,0.315,-0.121,-0.029,-0.3455,0.15825,-0.049,-0.243,0.097,-0.0925,6.252391597,11.06243159,1.00965385,-9.71676513,0.607515049,0.175572494,17.31482319,-8.707111281,,0.879900664,0.204589955,4.303855952,0.391543772,3.631022724,0.672833229
13,25,1,1,0,1,20,1,1,4,2,20,5,2,41,5,16,-0.301864233,6,22,0.221,0.034,-0.404,0.131,-0.795,0.011,-0.332,0.055,-0.243,0.508,-0.087,-0.27,1.101,0.059,0.144,-0.01,0.215,0.059,0.1715,0.077,0.149,0.078,0.0775,-0.171,0.12425,0.135,-0.092,0.1135,0.3645,-0.0265,-0.337,0.616,-0.368,-0.091,0.248,-0.573,-0.715,0.358,-0.449,0.042,-0.511,0.07,-0.334,-0.73,-0.103,-0.908,-0.253,-0.345,-0.684,-0.268,-0.746,-0.2455,0.1695,-0.2905,0.239,-0.397,-0.321,-0.038,-0.3895,-0.338,-0.02575,-0.2125,6.803164433,4.2669728,-0.098401542,-12.13586409,-0.383099165,0.099308192,11.07013723,-12.23426563,,-0.737289397,0.211095436,-0.582064198,-0.141895486,3.352381445,-3.934445644
14,27,1,1,0,1,21,0,1,4,4,21,5,3,36,10,17,-1.128889529,19,9,-0.303,0.267,0.292,-0.263,0.538,-0.08,-0.127,-0.051,-0.138,-0.06,-0.089,-0.295,0.326,-0.008,-0.087,-0.021,-0.055,0.068,0.0235,-0.033,0.0435,-0.0615,-0.0835,-0.074,-0.00475,-0.053,-0.035,-0.009,-0.1815,0.089,-0.0015,0.0315,0.265,-0.316,-0.969,0.367,-1.101,-0.244,-0.071,-0.966,-0.07,-0.861,-1.136,-0.337,0.447,0.619,-0.795,-0.833,-0.153,-0.778,-0.052,0.4475,-0.34,0.3955,-0.363,-0.452,-0.5595,0.05375,-0.424,-0.4565,0.01625,-0.726,-0.988844692,0.819658969,0.088521942,-8.977235206,0.131918673,0.652251015,-0.169185723,-8.888713264,,1.265676546,1.214631305,-4.528949494,0.392084844,-0.450161375,-4.078788118
15,29,1,1,0,1,19,1,1,4,2,19,5,2,48,10,15,0.525161063,13,16,-0.414,-0.231,1.361,0.241,-0.008,-0.282,0.76,-0.344,0.649,-0.068,0.21,0.98,0.366,-0.248,0.161,0.594,0.115,0.482,-0.521,-0.2165,-0.4965,-0.1835,-0.0605,0.677,-0.36875,-0.1145,0.5655,-0.34,-0.241,-0.0105,1.1705,0.3035,-0.128,0.107,0.258,-0.568,1.611,0.032,-0.041,0.665,0.022,0.602,-0.7,0.128,-0.527,1.438,-0.245,-0.662,0.453,-0.582,0.558,-0.353,-0.5575,-0.29,-0.57,-0.3515,0.559,-0.45525,-0.28,0.58,-0.43,-0.2965,-12.29489743,-4.019679793,-4.682847008,-3.306867739,-0.502892397,-1.141779918,-16.31457722,-7.989714746,,-1.046910755,-0.801840343,-12.15214598,-0.822336158,-8.488872217,-3.663273766
16,31,1,1,0,1,19,1,1,3,2,19,5,3,40,6,24,-0.301864233,10,12,0.96,1.012,-0.848,-1.608,-1.341,0.969,-0.886,0.932,-0.937,1.059,1.422,-1.174,-1.429,-1.035,1.273,-1.081,1.292,-1.132,0.9275,1.177,0.9345,1.212,1.121,-0.9835,1.05225,1.112,-1.0345,1.07325,1.0095,1.217,-1.011,-1.5185,-1.188,0.578,-0.742,0.639,0.557,1.187,0.827,-0.17,0.738,-0.228,0.71,-0.969,0.831,0.171,1.35,0.976,-0.34,1.157,-0.48,0.4985,0.658,0.483,0.8185,0.9015,-0.255,0.57825,0.9475,-0.354,0.65075,0.644,31.01683201,26.26835786,34.70427073,33.01380771,0.749068677,0.76112842,57.28518987,67.71807844,,1.072282889,0.013110771,62.50163416,0.755098549,32.86055137,29.64108278
17,33,1,1,0,1,18,1,1,3,1,18,5,2,42,9,27,-1.294294588,13,13,0.853,-0.038,-0.669,-0.763,-0.488,0.441,-0.778,0.32,-0.85,0.754,0.336,-1.174,0.259,-0.421,0.528,-0.894,0.543,-0.704,0.6095,0.711,0.585,0.6235,0.4845,-0.836,0.66025,0.4315,-0.777,0.60425,0.8035,0.149,-0.9215,-0.252,-0.4545,1.161,-0.009,0.831,-1.101,1.251,1.029,-0.228,1.093,-0.2,1.305,-0.37,0.831,-1.101,1.522,1.159,-0.362,1.187,-0.416,0.6285,0.7605,0.6465,0.8015,1.094,-0.295,0.6945,1.14,-0.308,0.724,1.233,15.716339,18.61517367,15.49204499,15.59310454,0.248304605,-0.274725198,34.33151267,31.08514953,,1.81529247,0.989619964,32.7083311,-0.013210297,15.60419199,17.1041391
18,35,1,1,0,1,19,1,1,5,2,19,5,3,44,7,21,-1.128889529,11,16,0.857,0.317,0.508,-0.782,-1.035,0.57,-0.072,0.592,-0.164,0.552,-0.586,0.309,-0.034,-1.035,-0.084,-0.083,-0.051,0.086,0.321,-0.0005,0.378,-0.0685,0.243,-0.0775,0.16025,0.2705,-0.039,0.15475,0.7045,-0.1345,0.4085,-0.408,-1.035,0.859,-0.73,0.639,-0.562,0.316,0.719,-0.58,0.671,-0.643,0.373,0.703,0.447,1.202,0.258,0.229,0.891,0.218,0.832,0.6495,-0.331,0.657,-0.307,0.474,0.1555,0.15925,0.4445,0.0945,0.175,0.616,12.83669146,9.798753739,1.651718289,-15.60587955,0.193558715,0.464156479,22.6354452,-13.95416126,,-0.586435146,-0.365658713,4.34064197,0.328857597,7.244204875,-2.903562906
19,37,1,1,0,1,18,0,1,3,1,18,5,4,32,8,14,-0.632674351,7,24,0.341,0.765,-0.036,-0.926,-0.181,0.487,-0.399,0.49,-0.57,0.543,0.24,0.122,0.114,1.463,0.432,0.373,0.551,0.302,0.443,0.0295,0.53,0.1245,0.4595,-0.013,0.23625,0.5205,-0.134,0.32725,0.442,0.5025,0.043,-0.406,0.641,-0.207,0.74,-0.339,-0.369,0.381,-0.222,0.36,-0.247,0.383,-0.156,0.985,-0.335,0.364,1.097,-0.174,0.808,-0.262,0.836,-0.291,-0.491,-0.315,-0.549,-0.198,0.584,-0.391,-0.2545,0.6095,-0.432,-0.1815,14.03253046,10.32626391,0.494111457,-6.478635297,0.626462811,0.577404141,24.35879437,-5.984523841,,1.371685629,1.34367828,9.187135263,0.601933476,7.263320957,1.923814306
20,39,1,1,0,1,19,0,1,5,2,19,5,3,41,11,24,-1.625104707,18,19,-0.612,-0.995,0.721,-0.553,-0.555,-0.862,0.314,-0.843,0.504,-0.451,-0.937,-0.058,-0.515,-0.795,-0.703,0.026,-0.652,-0.046,-0.588,-0.3645,-0.6735,-0.303,-0.7825,0.17,-0.47625,-0.7475,0.229,-0.48825,-0.5315,-0.966,0.3315,-0.534,-0.675,-0.153,-0.47,-1.27,0.104,-0.202,-0.378,-0.387,-0.306,-0.115,0.036,-0.718,0.135,-0.735,-0.462,0.219,-0.788,0.39,-0.859,0.0045,0.5035,-0.0955,0.6245,-0.0795,-0.5875,0.254,0.042,-0.487,0.2645,-0.0585,-10.37163898,-7.497510871,-3.488112362,-12.08834146,-0.364060119,-1.157569056,-17.86914985,-15.57645383,,-1.001957107,-1.064672912,-16.72280184,-0.760814587,-6.929875672,-9.792926168
21,41,1,1,0,1,19,1,1,3,1,19,5,2,40,10,18,0.028945885,9,14,0.232,0.39,-0.009,-0.603,0.128,0.294,-0.29,0.207,-0.381,0.124,-0.231,0.32,0.366,0.676,-0.017,0.308,-0.093,0.297,0.292,-0.1625,0.294,-0.195,0.1385,0.009,0.06475,0.057,-0.042,0.0495,0.178,0.0795,0.1555,-0.1185,0.402,1.274,-0.855,0.831,-0.928,-0.33,1.22,-0.928,1.196,-0.827,0.419,-0.255,0.831,-0.002,0.591,0.708,-0.127,0.845,-0.018,1.074,0.4175,1.0115,0.4315,0.964,-0.5275,0.74575,1.0205,-0.4225,0.7215,0.8465,8.311719678,11.14120625,-5.079198421,-8.124005084,-0.411448326,-0.955019039,19.45292593,-13.2032035,,-0.172192772,0.122470594,3.124861213,-0.683233683,1.616260628,1.508600584
22,43,1,0,0,1,18,1,1,3,1,18,5,2,28,12,13,0.359756004,7,11,0.42,1.003,1.171,0.51,-0.115,0.745,0.558,0.612,0.527,0.436,-0.179,0.778,1.46,0.605,0.223,0.844,0.37,0.913,0.0935,-0.3105,0.0425,-0.2715,0.484,0.701,-0.1085,0.491,0.72,-0.1145,0.428,0.412,0.9745,0.985,0.245,-0.65,0.485,-1.862,0.686,0.116,-0.98,0.605,-0.892,0.547,-1.095,1.006,-1.785,0.899,-0.379,-1.475,0.981,-1.469,0.923,-0.7925,-1.228,-0.7195,-1.196,-1.2275,0.793,-1.01025,-1.1805,0.735,-0.95775,-0.8725,2.031758219,-2.383953376,-11.36197401,-25.71945295,0.190356343,0.722181999,-0.352195157,-37.08142695,,0.190948299,0.01528689,-18.71681105,0.456269171,-4.665107893,-14.05170316
23,45,1,1,0,1,21,1,1,3,4,21,5,1,40,8,15,-0.96348447,19,4,0.223,0.24,0.607,0.257,0.059,0.318,0.233,0.302,0.221,0.043,-1.011,0.871,0.939,1.154,-0.5,0.597,-0.532,0.665,0.0425,-0.5485,0.0405,-0.5985,-0.091,0.415,-0.253,-0.115,0.443,-0.279,0.133,-0.3855,0.739,0.598,0.6065,1.055,0.393,-0.098,-1.101,1.359,0.981,0.014,0.979,0.042,0.894,0.63,0.367,0.041,1.173,0.987,0.58,0.925,0.44,0.4835,0.2035,0.4685,0.2425,0.984,0.297,0.3435,0.952,0.241,0.3555,0.9745,-0.652737581,-16.29321159,-18.58390241,-30.97675186,0.248994381,-0.163034731,-16.94594917,-49.56065428,,-0.774559916,-0.083050768,-33.25330172,0.042979825,-9.618319996,-23.63498173
24,47,1,1,0,1,18,1,0,5,2,8,5,4,45,6,18,0.690566122,13,11,0.16,0.153,-0.039,0.992,-0.008,0.247,0.216,0.214,0.285,-0.001,0.631,-0.319,1.154,0.61,0.352,0.15,0.212,0.118,0.0155,0.101,-0.0355,0.047,0.2995,0.183,0.05825,0.213,0.2015,0.00575,0.0795,0.392,-0.179,1.073,0.301,0.436,1.736,-0.335,0.6,1,0.221,1.329,0.21,1.357,-0.12,1.997,-0.295,1.911,0.583,-0.132,1.879,-0.08,1.821,-0.554,-1.0055,-0.5735,-0.9505,0.0445,1.604,-0.77975,0.065,1.589,-0.762,0.158,-1.404115623,1.994279895,0.287505413,-7.169127032,1.194784639,1.11098731,0.590164272,-6.881621619,,-0.276601725,-0.104660958,-3.145728673,1.152885975,-0.558305105,-2.587423568
25,49,1,1,0,1,18,1,1,3,1,18,5,2,41,6,13,0.525161063,19,11,0.029,0.025,-0.669,-0.763,-0.555,-0.039,-0.778,-0.124,-0.749,0.232,-0.231,-0.977,-0.924,-0.008,-0.017,-0.963,-0.218,-1.014,0.3695,0.473,0.3125,0.398,-0.028,-0.8705,0.42125,-0.171,-0.8815,0.35525,0.1305,-0.103,-0.823,-0.8435,-0.2815,0.386,0.629,-0.103,0.45,0.018,0.208,0.62,0.193,0.476,-0.816,-0.011,-1.189,1.009,0.204,-1.011,0.323,-0.986,0.346,-0.206,-0.667,-0.1415,-0.666,-0.4015,0.4715,-0.4365,-0.3965,0.411,-0.40375,-0.215,10.63977898,3.318548707,11.53399735,0.851140179,-0.199873829,-0.293585035,13.95832768,12.38513753,,0.043425421,-0.428181557,13.17173261,-0.246729432,11.08688816,2.084844443
26,51,1,1,0,1,20,0,1,3,1,20,5,2,44,11,25,-1.459699648,11,24,-0.074,-0.266,0.833,0.256,-0.488,-0.233,0.539,-0.167,0.528,-0.28,-1.214,0.35,-0.193,-1.102,-0.863,0.291,-0.84,0.299,-0.386,-0.577,-0.3475,-0.5695,-0.548,0.415,-0.4815,-0.5035,0.4135,-0.4585,-0.177,-0.74,0.5915,0.0315,-0.795,0.983,-0.21,-0.063,0.537,0.572,0.608,0.143,0.54,0.171,0.316,0.559,0.639,1.198,0.951,0.419,0.885,0.379,0.831,0.2325,-0.233,0.1845,-0.226,0.5135,0.514,-0.00025,0.4595,0.501,-0.02075,0.6495,-6.081922212,-3.020774639,-7.203529589,-21.68424772,0.087416639,0.326962616,-9.102696851,-28.88777731,,0.593377236,0.737168747,-18.99523708,0.207189628,-6.6427259,-12.35251118
27,53,1,1,0,1,20,1,1,4,3,20,5,2,35,11,23,-1.128889529,9,21,-0.805,-0.121,1.31,0.205,0.849,-0.414,1.066,-0.383,1.034,-0.917,-1.005,0.734,0.261,0.234,-1.069,0.826,-1.026,0.755,-0.74,-0.9475,-0.7085,-0.8905,-0.7415,0.946,-0.84375,-0.7045,0.8945,-0.7995,-0.861,-0.563,1.022,0.233,0.5415,-0.581,1.256,-2.442,0.297,0.096,-1.223,0.869,-1.298,0.892,-0.901,0.016,-1.74,0.32,0.041,-1.152,0.051,-1.154,0.156,-1.046,-0.6015,-1.095,-0.655,-1.1875,0.46,-0.82375,-1.226,0.524,-0.875,-0.741,-16.17863849,-15.61966569,-17.99631159,-25.041683,-1.701305966,-1.681276738,-31.79830418,-43.03799459,,-0.593520454,-1.24690254,-37.41814938,-1.691291352,-17.08747504,-20.33067434
28,55,1,1,0,1,19,1,1,3,2,19,5,4,46,1,22,0.359756004,13,13,0.405,-0.556,-1.068,-0.603,0.845,-0.142,-1.017,-0.119,-0.908,0.047,-1.249,-0.641,0.665,0.845,-0.667,-0.125,-0.669,0.145,0.4375,-0.271,0.3945,-0.407,-0.4045,-0.571,0.08325,-0.394,-0.3815,-0.00625,0.226,-0.9025,-0.8545,0.031,0.845,1.351,-0.843,0.831,-0.692,-1.135,1.115,-0.85,1.074,-0.922,-1.173,-0.593,-0.447,0.018,-1.115,-0.976,-0.487,-1.062,-0.387,0.9825,-0.2445,0.998,-0.3375,0.0695,-0.6685,0.369,0.006,-0.6545,0.33025,0.089,6.583943291,16.55014125,-9.335474516,-27.41852444,0.235933411,0.184652697,23.13408454,-36.75399895,,-0.073809578,-0.629054006,-6.809957204,0.210293054,-1.375765612,-5.434191591
29,57,1,1,0,1,19,1,1,3,1,19,5,2,29,10,14,-2.286724944,12,7,-1.037,-1.025,0.356,0.076,-0.008,-0.986,0.241,-1.045,0.31,-1.959,-1.572,-0.335,-0.103,-0.248,-1.82,-0.012,-1.84,0.178,-0.6135,-0.904,-0.6775,-1.009,-1.403,0.1145,-0.75875,-1.4425,0.244,-0.84325,-1.498,-1.2985,0.0105,-0.0135,-0.128,-1.093,-0.257,-2.444,-0.216,0.66,-1.319,-0.192,-1.287,-0.083,-1.361,-0.363,-2.44,-0.152,0.316,-1.476,-0.319,-1.529,-0.128,-0.5635,-0.5785,-0.602,-0.7005,-1.3975,-0.2555,-0.571,-1.408,-0.1055,-0.65125,-1.227,-15.36126088,-13.26546932,-19.35525397,-21.70713089,-0.575830704,-1.380851386,-28.6267302,-41.06238486,,0.461100516,1.078710592,-34.84455753,-0.978341045,-17.35825743,-17.4863001
30,59,2,1,0,3,26,1,1,3,4,26,5,3,31,6,16,-0.798079411,9,12,1.059,1.609,-0.478,-0.603,-0.421,1.367,-0.664,1.338,-0.655,0.952,1.346,-0.786,-0.081,-0.421,1.235,-0.432,1.185,-0.403,1.0155,0.8335,0.9965,0.794,1.301,-0.548,0.9245,1.2615,-0.529,0.89525,1.0055,1.4775,-0.632,-0.342,-0.421,0.443,-0.73,0.089,-1.101,-0.313,0.392,-0.823,0.534,-0.718,-0.356,-0.969,-0.103,-1.101,-1.192,-0.389,-0.966,-0.206,-1.033,0.6075,0.2885,0.626,0.4135,0.0015,-0.8945,0.448,0.164,-0.8755,0.51975,0.0435,26.25531227,21.64304488,22.91783142,13.44513211,0.492950916,1.044316175,47.89835714,36.36296352,-0.158662289,0.149597306,0.303377786,42.13066033,0.768633545,24.58657184,17.54408849
31,61,2,1,0,3,18,1,1,3,1,18,4,4,51,19,22,-1.128889529,21,10,-1.754,-0.757,1.097,0.276,0.059,-1.203,0.953,-1.307,1.022,0.728,0.319,-0.552,1.067,0.605,0.56,-0.301,0.643,-0.131,-1.078,0.4305,-1.1645,0.387,-0.3215,0.326,-0.32375,-0.332,0.4455,-0.38875,-0.513,-0.219,0.2725,0.6715,0.332,-0.629,0.372,-1.23,-0.132,0.803,-0.784,0.21,-0.783,0.319,-1.296,0.123,-2.906,0.513,0.424,-1.613,0.173,-1.691,0.364,-0.497,-0.893,-0.551,-1.0275,-1.1985,0.1915,-0.695,-1.237,0.3415,-0.78925,-0.9625,-23.52365396,-17.90606041,4.348695595,-8.382051905,-2.065613488,-2.030240528,-41.42971437,-4.03335631,-2.109858654,-2.189761764,-1.625692429,-22.73153534,-2.047927008,-9.587479182,-13.14405616
32,63,2,1,0,3,28,0,1,3,5,28,5,3,41,9,9,-0.467269292,12,19,0.537,0.83,0.897,-0.747,-0.181,0.518,0.161,0.579,-0.011,0.07,0.156,-0.79,-0.282,-0.248,-0.152,-0.689,-0.024,-0.6,0.1785,0.2685,0.295,0.288,0.183,-0.264,0.2235,0.2775,-0.3055,0.2915,0.3035,0.493,0.0535,-0.5145,-0.2145,-0.505,-0.492,0.215,-1.101,-0.235,-0.392,-0.762,-0.384,-0.575,-1.585,-0.265,-0.057,-0.329,-0.063,-1.198,-0.394,-1.088,-0.122,0.185,-0.402,0.0955,-0.483,-0.795,-0.578,-0.1085,-0.736,-0.3485,-0.19375,-1.045,9.346916245,18.7860115,9.335594807,9.759709185,-0.39734813,-0.223398816,28.13292774,19.09530399,-1.448238417,-0.122930595,-0.251277103,23.61411587,-0.310373473,9.341255526,14.27286034
33,65,2,1,0,3,18,1,1,3,1,18,5,3,49,7,14,-1.128889529,13,16,-0.495,-0.064,-0.116,-0.406,1.532,-0.239,0.153,-0.231,0.081,-1.333,-1.198,-0.505,-0.676,1.772,-1.324,0.036,-1.319,-0.116,-0.196,-0.68,-0.156,-0.6015,-0.7815,0.0945,-0.438,-0.775,-0.0175,-0.37875,-0.914,-0.631,-0.3105,-0.541,1.652,0.178,-0.855,-0.103,-1.101,-0.589,-0.085,-0.98,0.026,-0.793,0.104,-0.855,-0.063,-1.101,-0.79,-0.203,-0.98,-0.231,-0.965,0.4475,0.3885,0.4095,0.367,-0.144,-0.98,0.418,-0.1025,-0.879,0.38825,0.141,-4.24320219,-26.59370498,-14.49069401,-28.98089369,0.538077512,-0.17936693,-30.83690717,-43.47158769,-2.109858654,0.493594418,1.232980968,-37.15424743,0.179355291,-9.366948098,-27.78729933
34,67,2,1,0,4,18,1,1,3,1,18,5,2,34,7,16,0.194350945,8,13,0.232,1.149,-0.966,-1.122,-0.488,0.674,-0.956,0.65,-0.927,0.503,1.149,-1.075,-0.622,0.298,0.76,-0.96,0.871,-0.93,0.815,0.86,0.7885,0.9005,0.717,-0.958,0.8375,0.7605,-0.9285,0.8445,0.3675,1.149,-1.0205,-0.872,-0.095,-0.796,0.983,-0.255,-0.112,0.183,-0.647,0.501,-0.62,0.606,-1.677,1.724,-0.487,0.191,-0.121,-1.266,1.118,-1.284,1.228,-0.574,-1.192,-0.613,-1.256,-0.9565,0.8095,-0.883,-0.952,0.917,-0.9345,-1.2365,23.17266145,25.16957061,20.7205223,21.98163754,0.848766442,0.740495526,48.34223207,42.70215984,2.049057751,0.024413075,0.689697348,45.52219595,0.794630984,21.94659188,23.57560408
35,69,2,1,0,4,21,1,1,3,3,21,5,4,36,11,16,0.028945885,18,25,-0.837,0.611,-0.392,-0.747,-0.421,0.031,-0.387,-0.1,-0.659,-0.808,0.485,-1.174,0.307,-0.115,-0.063,-0.502,0.032,-0.233,0.209,0.2195,0.2795,0.1325,-0.016,-0.4445,0.21425,-0.034,-0.446,0.206,-0.8225,0.548,-0.783,-0.22,-0.268,-0.302,-0.487,-0.955,-0.755,-0.533,-0.499,-0.492,-0.57,-0.641,-0.499,-0.492,-1.038,0.537,0.272,-0.598,-0.108,-0.627,0.002,-0.0035,-0.245,0.0355,-0.3145,-0.5485,-0.3,-0.12425,-0.5985,-0.3195,-0.1395,-0.4005,7.633668043,9.650570798,4.954096177,-0.383245422,1.1573508,1.171460746,17.28423884,4.570850754,0.668363007,1.308683231,1.862020427,10.9275448,1.164405773,6.29388211,4.633662688
36,71,2,1,0,5,20,0,1,3,1,20,5,5,30,12,18,1.021376241,2,20,0.762,-0.201,0.097,-0.926,0.298,0.164,-0.319,0.108,-0.39,-0.743,-1.649,0.372,-0.606,0.538,-1.358,-0.079,-1.301,0.01,0.2415,-0.6395,0.249,-0.6555,-0.597,-0.199,-0.199,-0.5965,-0.19,-0.20325,0.0095,-0.925,0.2345,-0.766,0.418,0.073,0.242,-0.253,-1.101,0.175,-0.042,-0.159,-0.039,-0.221,-0.303,-0.11,-0.637,0.537,-0.111,-0.42,0.121,-0.419,0.059,0.0585,-0.2705,0.091,-0.239,-0.231,-0.019,-0.106,-0.229,-0.081,-0.074,-0.115,7.498623023,3.651482586,-16.26336628,-15.91180048,0.349572911,0.35475191,11.15010561,-32.17516675,1.05314852,-0.501164593,-0.959974223,-10.51253057,0.352162411,-4.382371627,-6.130158946
37,73,2,1,0,5,18,1,0,6,1,18,5,2,40,6,13,0.028945885,3,15.46875,-0.789,-0.647,-0.483,-0.298,0.605,-0.677,-0.113,-0.681,-0.184,-1.991,-1.07,-0.122,0.416,0.301,-1.585,0.451,-1.566,0.56,-0.282,-1.018,-0.2485,-1.063,-1.131,0.169,-0.65,-1.1235,0.188,-0.65575,-1.39,-0.8585,-0.3025,0.059,0.453,0.455,1.475,0.447,0.537,0.461,0.404,1.236,0.49,1.096,-1.587,2.738,-0.792,0.903,-0.035,-1.316,2.103,-1.342,1.964,-0.416,-1.7095,-0.303,-1.653,-0.456,1.6695,-1.06275,-0.426,1.53,-0.978,-0.566,-5.76624535,0.715107188,-21.61452684,-19.182635,0.364382662,0.535310171,-5.051138162,-40.79716184,1.073459569,0.250127689,-0.062104411,-22.92415,0.449846416,-13.69038609,-9.233763906
38,75,2,1,0,5,27,0,0,5,3,25,5,2,35,12,20,-0.467269292,8,11,0.762,0.263,-1.174,-1.087,0.365,0.396,-1.081,0.442,-1.132,0.861,0.51,-1.174,-0.907,0.605,0.619,-1.081,0.707,-1.132,0.7385,0.85,0.787,0.9195,0.5075,-1.081,0.79425,0.5745,-1.132,0.85325,0.8115,0.3865,-1.174,-0.997,0.485,0.18,0.127,-0.061,-0.455,-0.016,0.117,0.047,0.088,-0.097,0.259,-0.353,0.407,-0.325,0.091,0.279,-0.202,0.277,-0.346,0.035,0.2405,0.0925,0.3115,0.198,-0.0775,0.13775,0.1825,-0.2215,0.202,0.2195,19.1034053,12.07079304,19.82196073,15.24166943,0.162805396,0.390547733,31.17419833,35.06363016,0.37469611,0.616444203,1.426942072,33.11891425,0.276676565,19.46268301,13.65623124
39,77,2,0,0,4,20,1,1,3,2,20,4,2,39,8,13,1.021376241,6,15,-0.225,-0.365,0.317,-0.785,-0.181,-0.362,-0.187,-0.437,-0.198,0.4,-0.642,-0.157,-0.818,-0.181,-0.187,-0.417,-0.109,-0.589,-0.0875,0.115,-0.1195,0.24,-0.2745,-0.302,0.01375,-0.273,-0.3935,0.06025,0.0875,-0.5035,0.08,-0.8015,-0.181,0.662,-0.742,0.599,-1.101,-0.084,0.656,-0.912,0.658,-0.811,-0.706,-0.39,-1.507,0.344,-0.412,-0.919,-0.267,-1.056,-0.081,0.784,-0.326,0.7345,-0.4875,-0.1315,-0.5895,0.229,-0.199,-0.446,0.1235,-0.022,-0.14933655,6.375392699,5.012074026,-4.15203158,-0.660263595,-0.6916067,6.226056149,0.860042445,0.648051959,0.070644636,-0.802214744,3.543049297,-0.675935147,2.431368738,1.111680559
40,79,2,0,0,4,20,1,1,3,3,20,5,2,37,14,23,0.855971181,3,26,-0.763,-0.348,-0.168,-0.335,-1.035,-0.618,-0.349,-0.804,-0.36,-0.91,-0.619,-0.187,0.381,-0.728,-0.773,0.065,-0.86,0.053,-0.1345,-0.419,-0.222,-0.4565,-0.6955,-0.142,-0.27675,-0.832,-0.1535,-0.33925,-0.8365,-0.4835,-0.1775,0.023,-0.8815,0.92,-0.363,0.831,-0.389,-0.265,1.005,-0.39,1.008,-0.457,0.966,-0.629,0.639,0.191,-0.919,0.983,-0.457,0.921,-0.528,0.6975,0.72,0.7325,0.7245,0.994,-0.4235,0.70875,0.9645,-0.4925,0.7285,0.943,-0.508823936,2.052130395,-7.453131997,-10.91523021,-0.576582928,-1.219735131,1.543306459,-18.3683622,0.68519518,0.485585367,-1.194691367,-8.412527872,-0.898159029,-3.980977966,-4.431549906
41,81,2,1,0,5,22,1,0,4,4,4,5,2,39,9,23,0.359756004,4,15,0.005,0.622,-0.787,-0.75,-0.181,0.362,-0.37,0.398,-0.361,0.508,-0.431,-0.757,-0.513,0.845,-0.028,-0.607,0.014,-0.497,0.366,0.2895,0.3795,0.2555,0.167,-0.4885,0.32775,0.206,-0.429,0.3175,0.2565,0.0955,-0.772,-0.6315,0.332,-0.234,-0.715,0.129,-0.196,0.257,-0.163,-0.543,-0.236,-0.524,-0.333,-0.602,-0.103,-0.196,-0.03,-0.361,-0.312,-0.231,-0.284,0.19,-0.0245,0.144,0.0265,-0.262,-0.4275,0.08275,-0.2335,-0.404,0.08525,-0.2835,14.00764133,17.51651729,5.792620284,-9.579821716,-0.062432852,-0.283106911,31.52415862,-3.787201432,0.796624845,0.647400631,0.13338059,13.8684786,-0.172769882,9.900130807,3.968347789
42,83,2,1,0,5,20,0,1,5,3,20,5,5,38,11,18,-1.128889529,14,15,0.5,-0.344,0.675,-0.318,0.298,0.061,0.091,0.123,0.18,0.521,-0.733,0.228,0.544,-0.008,-0.065,0.161,0.034,0.43,-0.015,-0.113,-0.0285,-0.198,-0.002,0.126,-0.064,0.0785,0.305,-0.11325,0.5105,-0.5385,0.4515,0.113,0.145,-0.293,0.876,-1.038,0.104,0.032,-0.588,0.583,-0.554,0.521,-0.08,0.401,-0.803,0.104,0.032,-0.303,0.298,-0.283,0.236,-0.5855,-0.3005,-0.5375,-0.2595,-0.4455,0.4405,-0.443,-0.4185,0.3785,-0.3985,-0.1865,-1.245678715,3.623930698,-4.830294726,-12.83412057,-0.529465311,-1.076903206,2.378251983,-17.66441529,-0.894568969,0.412427744,0.677814231,-7.643081655,-0.803184259,-3.03798672,-4.605094934
43,85,2,1,0,5,18,1,1,3,1,18,5,3,35,5,19,0.855971181,11,15,-0.226,0.418,-0.453,-0.602,-0.728,0.137,-0.328,0.081,-0.399,-0.281,-0.82,-0.168,0.042,-0.555,-0.613,0.01,-0.61,-0.082,0.2325,-0.3115,0.24,-0.264,-0.238,-0.159,-0.0395,-0.2645,-0.2405,-0.012,-0.2535,-0.201,-0.3105,-0.28,-0.6415,-0.03,-0.061,0.831,1.481,1.173,0.447,0.597,0.357,0.458,-0.493,0.319,0.831,1.375,0.931,0.067,0.712,-0.09,0.74,-0.075,-0.3225,-0.0505,-0.415,0.257,0.6545,-0.19875,0.1335,0.599,-0.23275,-0.2615,10.52677437,11.01801291,-3.889825411,-10.12579353,0.380345024,-0.451050428,21.54478728,-14.01561894,-0.327546224,0.114275002,0.116176612,3.764584168,-0.035352702,3.318474479,0.446109689
44,87,2,1,0,5,18,1,1,3,1,18,5,3,36,10,21,0.690566122,6,18,-0.088,-0.312,-0.326,-0.603,-0.728,-0.263,-0.336,-0.264,-0.507,-0.495,-0.224,-0.71,0.707,-0.488,-0.368,-0.249,-0.388,-0.16,0.0365,-0.0595,0.1215,-0.114,-0.3155,-0.2925,-0.0115,-0.326,-0.3335,0.00375,-0.2915,-0.268,-0.518,0.052,-0.608,0.103,-0.112,0.131,0.084,0.367,0.079,0.066,0.043,0.008,-0.401,-0.125,0.089,0.277,0.135,-0.36,0.035,-0.23,0.058,0.0065,-0.1975,0.0175,-0.144,-0.1405,0.0505,-0.0955,-0.0935,0.033,-0.06325,-0.149,5.601458374,6.44314548,-1.525571158,4.701998926,0.638580386,0.889942197,12.04460385,3.176427769,0.519790121,-0.03164329,-0.347227602,7.610515811,0.764261291,2.037943608,5.572572203
45,89,2,1,0,5,19,1,1,3,3,19,5,3,46,8,15,1.021376241,7,14,0.43,-0.567,-0.136,-0.424,-0.248,-0.184,-0.458,-0.173,-0.45,0.172,-0.303,-0.502,-0.082,-0.008,-0.132,-0.499,-0.232,-0.59,0.137,0.1835,0.1385,0.179,-0.158,-0.4785,0.16025,-0.2025,-0.52,0.15875,0.301,-0.435,-0.319,-0.253,-0.128,0.249,-0.839,0.447,1.481,0.211,0.487,-0.195,0.584,-0.181,0.651,-0.122,0.831,1.847,0.675,0.934,0.508,0.925,0.445,0.341,0.213,0.3825,0.24,0.7105,0.1565,0.277,0.7545,0.132,0.31125,0.45,3.690214905,2.84118369,3.765952435,-5.306948065,0.075297491,-0.374232632,6.531398595,-1.54099563,1.660793362,1.513653382,1.123279743,2.495201482,-0.14946757,3.72808367,-1.232882188
46,91,2,0,0,5,20,1,1,3,3,20,5,2,42,3,18,-0.632674351,12,18,0.96,0.642,0.709,0.598,0.37,0.784,0.421,0.779,0.49,0.728,0.131,0.399,0.775,0.985,0.466,0.565,0.596,0.835,0.1815,-0.0495,0.1445,-0.1195,0.625,0.493,0.066,0.6875,0.6625,0.0125,0.844,0.3865,0.554,0.6865,0.6775,0.253,0.01,0.367,-0.735,0.23,0.275,-0.107,0.272,-0.251,0.102,0.226,0.599,0.73,-0.163,0.179,0.463,0.101,0.319,0.191,-0.142,0.2615,-0.109,0.227,0.178,0.0245,0.1865,0.034,0.07625,0.1775,3.635271975,,-2.604574708,-13.24966222,-0.108202054,-0.244872159,,-15.85423693,-1.411095195,-0.119320071,-0.160283833,-15.85423693,-0.176537107,0.515348634,-13.24966222
47,93,2,1,0,5,18,1,1,3,2,18,5,3,27,11,18,-1.128889529,3,23,0.96,1.138,-0.634,-0.427,-0.181,1.032,-0.578,1.131,-0.589,0.549,0.904,-0.9,-0.173,-0.421,0.71,-0.451,0.692,-0.522,0.805,0.5805,0.86,0.607,0.871,-0.5145,0.69275,0.9115,-0.5555,0.7335,0.7545,1.021,-0.767,-0.3,-0.301,0.703,-0.969,0.599,-1.101,0.096,0.646,-0.885,0.708,-0.861,0.858,-0.969,0.599,-0.928,0.131,0.708,-0.833,0.722,-0.809,0.7655,0.7705,0.7845,0.7655,0.677,-0.859,0.768,0.715,-0.835,0.775,0.7805,21.5775108,9.502827056,18.65212351,-6.321131994,0.660085949,0.142899441,31.08033785,12.33099151,0.523268996,-0.302918588,0.043199564,21.70566468,0.401492695,20.11481715,1.590847531
48,95,2,1,0,5,19,1,1,3,2,19,5,2,33,8,6,0.855971181,5,22,0.128,0.492,-0.184,-0.818,-0.728,0.293,-0.433,0.269,-0.706,-0.745,-0.34,-0.679,0.615,-1.035,-0.552,-0.284,-0.539,-0.095,0.363,-0.134,0.4875,-0.222,-0.1295,-0.3585,0.1145,-0.135,-0.4005,0.13275,-0.3085,0.076,-0.4315,-0.1015,-0.8815,0.725,-0.605,0.639,-0.002,-0.696,0.717,-0.419,0.61,-0.486,-0.813,0.508,-1.11,0.73,-0.21,-1.031,0.469,-1.07,0.574,0.568,-0.75,0.548,-0.822,-0.157,0.025,-0.091,-0.23,0.044,-0.137,-0.044,12.93206091,-1.405690169,-2.034827989,-17.16116154,0.393717495,-0.117217715,11.52637074,-19.19598953,-0.124997943,-0.227156187,-0.07396312,-3.834809396,0.13824989,5.448616458,-9.283425855
49,97,2,1,0,5,18,1,1,3,1,18,5,4,35,7,13,0.194350945,6,16,0.581,0.594,1.077,0.67,0.301,0.674,0.733,0.53,0.621,0.021,-0.23,1.022,0.956,1.463,-0.068,0.855,-0.027,1.024,-0.0295,-0.4615,-0.0455,-0.5255,0.303,0.794,-0.2455,0.2515,0.8225,-0.2855,0.301,0.182,1.0495,0.813,0.882,0.008,1.137,0.831,0.104,-0.647,0.249,0.577,0.306,0.678,0.528,0.537,0.831,-0.132,-0.023,0.658,0.227,0.723,0.246,-0.164,0.2155,-0.186,0.2385,0.4535,0.402,0.02575,0.5145,0.462,0.02625,0.268,-1.817341035,11.71797534,-15.49263961,-10.54790142,0.552741287,0.635655815,9.900634301,-26.04054103,-0.584069899,0.735299764,-0.029401599,-8.069953365,0.594198551,-8.654990321,0.585036956
50,99,2,1,0,5,19,1,1,3,1,19,5,3,41,4,15,-0.632674351,13,17,-0.789,-0.615,0.14,0.76,-0.177,-0.715,0.147,-0.787,0.417,-0.638,-0.357,0.228,0.938,-0.795,-0.56,0.185,-0.674,0.254,-0.431,-0.3725,-0.602,-0.464,-0.6375,0.166,-0.40175,-0.7305,0.3355,-0.533,-0.7135,-0.486,0.184,0.849,-0.486,0.057,-0.097,-0.335,0.533,0.406,0.16,0.21,0.08,0.152,-0.349,0.49,-0.997,1.009,-0.154,-0.534,0.705,-0.611,0.474,-0.025,-0.6195,-0.036,-0.5425,-0.187,0.4575,-0.32225,-0.2655,0.313,-0.28925,-0.146,-12.17140331,-5.745355761,-8.985625001,-18.69712771,-0.818616614,-0.601710321,-17.91675907,-27.68275271,-1.005998634,-1.059765986,-0.328580488,-22.79975589,-0.710163468,-10.57851416,-12.22124173
51,101,2,1,0,5,23,1,1,4,4,4,5,2,46,8,14,0.855971181,4,24,-0.198,0.414,0.128,0.062,-1.341,0.306,0.001,0.221,-0.111,0.37,0.245,-0.007,-0.262,-1.341,0.345,-0.135,0.391,-0.227,0.1525,0.24,0.166,0.309,0.3255,-0.067,0.19625,0.306,-0.169,0.2375,0.086,0.3295,0.0605,-0.1,-1.341,0.588,0.145,0.089,-0.132,0.303,0.435,0.155,0.462,0.011,0.272,0.382,-0.992,0.643,0.618,0.099,0.53,0.132,0.472,0.14,-0.2155,0.2255,-0.17,0.267,0.3425,-0.03775,0.297,0.2415,0.02775,0.43,5.725564593,16.50966084,10.52018679,14.99072599,-0.084151696,-0.599025456,22.23522544,25.51091278,0.280098619,0.480026001,-0.258259082,23.87306911,-0.341588576,8.122875692,15.75019342
52,103,2,1,0,5,18,1,1,3,1,18,5,2,44,8,10,-0.301864233,9,15,-0.019,0.359,-0.611,0.313,-0.181,0.153,-0.457,0.042,-0.448,0.272,-0.36,-0.505,1.279,-0.488,-0.061,-0.159,-0.02,0.01,0.305,0.049,0.245,-0.015,0.046,-0.308,0.177,0.011,-0.219,0.115,0.1265,-0.0005,-0.558,0.796,-0.3345,0.422,0.337,0.831,-1.101,-0.589,0.197,-0.265,0.181,-0.078,-0.692,0.477,0.063,0.71,-1.567,-0.686,0.363,-0.668,0.291,0.231,-0.5245,0.1295,-0.4795,-0.2445,0.049,-0.14675,-0.2435,0.1065,-0.175,-0.135,6.306653136,10.34464896,-1.527084658,-17.14797352,0.578255708,-0.327037011,16.6513021,-18.67505818,1.350294292,-0.110609574,-0.043063334,-1.011878039,0.125609348,2.389784239,-3.401662278
53,105,2,1,0,5,20,1,1,3,2,20,1,2,42,6,18,0.690566122,14,15,0.249,0.804,-0.036,-0.193,-0.112,0.617,-0.039,0.584,-0.051,-0.496,0.084,0.46,0.595,0.301,-0.157,0.633,-0.02,0.702,0.328,-0.395,0.3175,-0.361,0.23,0.297,-0.0335,0.282,0.3255,-0.02175,-0.1235,0.444,0.212,0.201,0.0945,-0.082,-0.369,0.831,0.171,-0.972,0.118,-0.307,0.273,-0.206,-0.004,-0.505,0.447,0.903,-0.631,-0.035,-0.087,-0.151,-0.068,0.2125,0.026,0.2395,-0.0415,0.0415,-0.197,0.11925,0.061,-0.137,0.099,-0.043,9.838166505,0.585798132,-8.471810238,-3.795255965,-0.15493775,-0.526742208,10.42396464,-12.2670662,-0.695499564,0.370484184,0.789700606,-0.921550783,-0.340839979,0.683178134,-1.604728917
54,107,2,1,0,5,20,1,1,4,3,19,5,2,40,8,20,0.359756004,6,11,0.724,0.743,0.134,-0.514,0.128,0.82,-0.012,0.763,-0.184,0.33,0.745,-0.077,0.401,0.541,0.678,0.232,0.659,0.04,0.416,0.223,0.4735,0.3095,0.749,0.11,0.3195,0.711,-0.072,0.3915,0.527,0.744,0.0285,-0.0565,0.3345,0.538,-0.227,0.407,-1.101,-0.545,0.6,-0.521,0.59,-0.674,0.993,-0.228,-0.017,-1.101,0.424,0.809,-0.441,0.834,-0.503,0.5605,0.625,0.632,0.6685,0.7045,-0.481,0.59275,0.712,-0.5885,0.65025,0.7655,12.44270666,7.654356124,5.519211917,-2.721577699,-0.395396286,0.33198874,20.09706278,2.797634218,0.796624845,0.31767045,-0.015787923,11.4473485,-0.031703773,8.980959288,2.466389213
55,109,2,1,0,5,29,1,1,3,5,29,5,2,41,5,17,2.013806596,10,3,0.857,1.032,0.792,0.312,-0.488,0.928,0.215,1.071,0.103,0.952,0.206,1.703,0.953,2.39,0.666,1.704,0.77,1.672,0.3565,-0.519,0.484,-0.451,0.797,0.9595,-0.08125,0.9205,0.8875,0.0165,0.9045,0.619,1.2475,0.6325,0.951,0.505,0.696,0.831,0.407,0.089,0.67,0.403,0.555,0.676,0.036,-0.365,0.404,0.32,-0.568,0.157,-0.178,0.135,0.013,0.1335,0.1675,-0.0605,0.061,0.4135,0.1125,0.1505,0.345,0.3445,0.00025,0.2705,8.906943476,11.53749569,-12.91957609,7.410572973,-0.647396918,0.497567877,20.44443917,-5.509003115,2.653223718,-0.106015077,0.233549742,7.467718026,-0.074914521,-2.006316306,9.474034333
56,111,2,1,0,5,19,1,1,3,1,19,5,2,37,9,18,0.690566122,4,28,0.861,0.784,-0.412,-1.087,-0.421,0.756,-0.624,0.741,-0.876,0.861,-1.124,-0.961,-0.1,-1.035,-0.198,-0.953,-0.121,-0.764,0.69,0.3775,0.8085,0.3215,0.279,-0.7885,0.53375,0.31,-0.82,0.565,0.861,-0.17,-0.6865,-0.5935,-0.728,0.308,1.214,-0.061,-0.219,0.248,0.308,0.689,0.311,0.626,-0.417,1.108,-0.253,1.674,-0.18,-0.07,1.193,-0.065,1.131,-0.1905,-0.6315,-0.1575,-0.598,0.119,0.941,-0.411,0.123,0.8785,-0.37775,-0.0545,21.27168575,12.52232623,8.145003222,-8.441655297,0.048428793,0.217809315,33.79401198,-0.296652075,1.735079805,0.496249635,-0.033246982,16.74867995,0.133119054,14.70834449,2.040335466
57,113,2,1,0,6,19,0,0,4,2,9,5,4,37,14,24,-1.128889529,9,17,-1.2,-0.563,0.052,-0.099,0.607,-0.828,0.293,-0.683,0.202,-1.082,-0.272,0.972,0.6,1.156,-0.574,1.288,-0.444,1.095,-0.5605,-0.931,-0.4425,-0.7695,-0.701,0.7905,-0.74575,-0.5635,0.6485,-0.606,-1.141,-0.4175,0.512,0.2505,0.8815,-0.06,-0.101,0.089,0.104,0.325,0.153,-0.085,0.195,0.02,-0.02,-0.098,-0.577,0.041,-0.73,-0.251,-0.102,-0.284,-0.169,0.119,-0.0745,0.0875,-0.0575,-0.049,-0.0935,0.02225,-0.0445,-0.0745,0.015,-0.04,-12.069085,-12.99212462,-19.74767627,-27.82099253,0.272424257,0.371742189,-25.06120963,-47.5686688,-1.704762092,-0.073787616,-0.950889815,-36.31493921,0.322083223,-15.90838064,-20.40655858
58,115,2,1,0,6,19,1,1,1,1,19,5,2,39,19,13,0.194350945,12,14,0.496,0.853,-0.069,0.348,0.365,0.761,-0.281,0.756,-0.313,0.509,0.292,0.284,0.258,-0.248,0.595,0.36,0.562,0.168,0.521,0.1175,0.5345,0.197,0.678,0.0395,0.31925,0.659,-0.0725,0.36575,0.5025,0.5725,0.1075,0.303,0.0585,0.185,-0.595,0.321,-1.101,-0.889,0.246,-0.824,0.18,-0.809,-0.395,-0.482,0.321,-1.101,-0.507,-0.047,-0.756,-0.04,-0.655,0.535,0.3545,0.4945,0.3075,0.0995,-0.79,0.44475,0.07,-0.732,0.401,-0.105,8.084195809,10.21553739,4.143719796,-0.517612872,-0.641578512,-0.431395979,18.2997332,3.626106925,0.631219785,-0.860812948,-0.718548617,10.96292006,-0.536487245,6.113957803,4.848962258
59,117,2,1,0,6,19,1,0,5,1,19,5,2,37,4,15,-0.632674351,17,18,-0.001,0.71,-0.113,-0.332,-0.728,0.391,-0.316,0.32,-0.407,-0.767,-0.052,0.604,0.994,-0.726,-0.419,0.686,-0.383,0.775,0.3535,-0.5525,0.3635,-0.579,-0.014,0.185,-0.0995,-0.0315,0.184,-0.10775,-0.384,0.329,0.2455,0.331,-0.727,-1.056,0.469,0.129,-0.172,-0.332,-0.9,0.256,-1.043,0.279,-1.351,0.362,-0.529,0.237,-1.11,-1.277,0.151,-1.484,0.166,-0.578,-0.714,-0.661,-0.825,-1.0885,0.2035,-0.646,-1.2635,0.2225,-0.743,-1.2035,10.79960831,1.586220774,-10.52404315,-17.53108294,-0.407650737,-0.269977646,12.38582908,-28.05512609,-1.816191757,-0.584834978,-1.140745471,-7.834648503,-0.338814192,0.137782579,-7.972431082
60,119,2,1,0,6,19,1,0,4,1,19,5,2,34,3,27,1.1867813,9,23,-0.596,0.784,-0.839,-0.763,-0.181,0.027,-0.88,-0.109,-1.052,-1.474,-0.092,-0.504,-0.103,0.298,-0.792,-0.529,-1.006,-0.661,0.4535,-0.1315,0.4715,-0.1725,-0.3825,-0.7045,0.161,-0.5575,-0.8565,0.1495,-1.035,0.346,-0.6715,-0.433,0.0585,0.506,-0.468,0.129,-1.101,-0.051,0.194,-0.503,0.178,-0.733,-0.671,1.027,-1.462,0.836,-0.06,-0.891,0.975,-1.03,0.917,0.3485,-0.933,0.4555,-0.9735,-0.3485,0.236,-0.29225,-0.426,0.092,-0.259,-0.0825,12.40871655,20.24600266,-5.985855019,-0.177715597,0.573099642,0.542843744,32.6547192,-6.163570615,1.016005298,0.232122221,-0.05862817,13.24557429,0.557971693,3.211430765,10.03414353
61,121,2,0,0,6,18,1,1,3,1,18,5,2,32,9,15,-0.96348447,15,14,1.059,1.15,-1.007,-0.606,-0.181,1.137,-0.981,1.133,-0.892,1.059,0.563,-1.007,-1.25,-0.248,0.844,-0.981,0.979,-1.132,1.059,0.9125,1.0125,1.0555,0.9905,-0.981,0.98575,1.056,-1.012,1.034,1.059,0.8565,-1.007,-0.928,-0.2145,1.034,-0.969,0.599,-1.101,0.725,1.048,-0.803,1.058,-0.861,0.987,-0.332,0.135,-0.908,0.605,0.904,-0.527,0.948,-0.336,0.9255,0.7155,0.9595,0.642,0.976,-0.665,0.8205,1.003,-0.5985,0.80075,1.0105,25.3481129,23.49343588,24.6785844,-6.499438113,0.488966736,-0.108071827,48.84154878,18.17914629,-1.539357033,0.701024692,0.623374597,33.51034753,0.190447455,25.01334865,8.496998883
62,123,2,1,0,6,19,1,1,3,2,19,5,2,40,13,14,0.690566122,5,19,0.402,-0.04,-0.692,0.289,-0.488,0.164,-0.442,0.055,-0.353,-0.351,-0.398,-0.363,1.55,-1.341,-0.333,0.129,-0.467,0.299,0.303,-0.231,0.204,-0.383,-0.0845,-0.1565,0.036,-0.206,-0.027,-0.0895,0.0255,-0.219,-0.5275,0.9195,-0.9145,0.575,0.146,0.599,0.061,-0.425,0.544,0.132,0.524,-0.016,0.487,-0.227,-0.017,0.73,-0.245,0.31,0.028,0.436,0.133,0.206,0.141,0.27,0.1515,0.427,0.08,0.1735,0.48,0.0585,0.21075,0.531,7.472824316,-3.498376526,-5.490230632,-17.14008089,0.508252477,1.645129134,3.974447791,-22.63031152,0.722338402,-0.521302334,-0.215405651,-9.327931864,1.076690806,0.991296842,-10.31922871
63,125,2,1,0,6,19,1,1,3,1,19,5,3,42,8,22,0.028945885,9,21,0.216,1.24,-1.174,-1.287,-0.728,0.711,-1.081,0.694,-0.972,1.059,0.407,-1.174,-0.239,0.845,0.766,-1.081,0.888,-1.132,0.896,0.9235,0.833,1.01,0.7385,-1.081,0.90975,0.791,-1.052,0.9215,0.6375,0.8235,-1.174,-0.763,0.0585,0.028,-0.605,-0.063,-1.101,0.394,-0.042,-0.748,-0.037,-0.643,-0.791,-0.73,-0.805,-0.692,0.062,-0.861,-0.619,-0.873,-0.596,0.353,-0.121,0.303,-0.1385,-0.4515,-0.6835,0.116,-0.455,-0.6195,0.08225,-0.3815,26.2567201,13.06378421,16.58190867,-10.42224048,0.34735471,0.221716676,39.32050432,6.159668198,0.060718165,-0.091856937,-0.497547144,22.74008626,0.284535693,21.41931439,1.320771869
64,127,2,1,0,6,18,0,1,3,1,18,5,4,40,4,12,-1.625104707,8,17,-0.754,-0.041,0.873,-0.316,0.061,-0.299,0.773,-0.243,0.581,-0.078,0.326,0.152,-0.316,-0.315,0.111,0.023,0.051,0.032,-0.536,0.044,-0.412,0.0095,-0.094,0.398,-0.246,-0.096,0.3065,-0.20125,-0.416,0.1425,0.5125,-0.316,-0.127,0.177,0.582,0.129,-1.101,1.242,0.186,0.208,0.11,0.069,0.414,0.448,0.599,0.557,0.356,0.583,0.462,0.577,0.4,-0.011,0.0605,0.0205,0.0885,0.3845,0.335,0.02475,0.3435,0.2345,0.0545,0.2955,-7.561338651,0.473520186,4.247960472,3.027662333,-0.467787913,0.163656107,-7.087818464,7.275622805,-2.20097727,1.027637365,0.084025541,0.09390217,-0.152065903,-1.65668909,1.75059126
65,129,2,1,0,6,18,1,1,4,2,18,5,3,35,13,9,-0.632674351,5,7,0.857,0.348,-0.404,-0.785,-0.008,0.586,-0.557,0.547,-0.628,0.651,0.023,-0.511,0.47,0.298,0.32,-0.163,0.362,-0.155,0.5715,0.2415,0.5875,0.2585,0.453,-0.36,0.4065,0.4545,-0.3915,0.423,0.754,0.1855,-0.4575,-0.1575,0.145,0.341,-0.969,0.129,-0.132,-0.851,0.242,-0.757,0.175,-0.829,-1.33,-0.969,-0.103,1.202,-0.86,-0.98,-0.357,-0.892,-0.257,0.4995,-0.3115,0.502,-0.3175,-0.369,-0.557,0.094,-0.3585,-0.543,0.09225,-0.4945,15.30596554,3.970867332,5.311791732,-13.00305619,0.396325288,0.5799876,19.27683287,-7.691264459,-0.195805511,-0.157887634,-0.19564409,5.792784206,0.488156444,10.30887864,-4.51609443
66,131,2,1,0,6,19,1,1,3,2,19,5,2,40,6,14,-0.632674351,18,5,0.374,0.525,0.591,0.328,-0.728,0.54,0.424,0.557,0.412,0.633,0.012,0.64,1.46,-0.008,0.256,0.536,0.346,0.705,0.058,-0.14,0.0725,-0.1795,0.398,0.48,-0.041,0.4515,0.5585,-0.0535,0.5035,0.2685,0.6155,0.894,-0.368,0.679,1.615,0.831,-0.349,1.019,0.712,0.891,0.85,1,0.786,1.858,0.599,1.202,1.005,0.788,1.583,0.939,1.611,-0.0895,-0.3975,-0.075,-0.336,0.75,1.237,-0.2435,0.8945,1.3055,-0.2055,0.7325,4.164684387,-12.38868056,-6.022331274,-26.81911597,-0.856554455,-1.231977491,-8.223996174,-32.84144724,-2.82893316,-0.971983197,-0.08310281,-20.53272171,-1.044265973,-0.928823444,-19.60389827
67,133,2,1,0,6,22,1,1,3,4,22,5,2,25,16,12,0.690566122,9,18,0.581,0.769,-0.621,-0.514,-0.488,0.761,-0.558,0.694,-0.629,-0.251,-0.012,-0.593,-0.064,-0.555,-0.041,-0.233,-0.184,-0.405,0.6595,0.096,0.6615,0.1105,0.36,-0.3955,0.37775,0.255,-0.517,0.386,0.165,0.3785,-0.607,-0.289,-0.5215,-1.058,-0.718,-0.487,-1.101,0.08,-0.951,-0.816,-0.858,-0.797,-1.053,-0.73,-0.997,0.623,-0.933,-1.032,-0.388,-1.191,-0.373,-0.0675,-0.322,-0.0305,-0.409,-0.9915,-0.602,-0.19475,-1.0245,-0.585,-0.21975,-1.0555,17.96855908,20.62498946,5.291531498,1.668743266,-0.137003962,-1.301224608,38.59354854,6.960274764,0.924886682,-1.266121622,-1.5718123,22.77691165,-0.719114285,11.63004529,11.14686636
68,135,2,1,0,6,19,1,1,3,1,19,5,3,47,3,25,-0.136459174,9,10,0.835,0.121,1.338,-0.443,-0.246,0.461,0.519,0.527,0.608,0.208,-0.347,0.81,0.418,0.234,-0.082,0.456,0.014,0.625,-0.029,-0.269,-0.0405,-0.3055,0.1895,0.4875,-0.149,0.2705,0.6165,-0.173,0.5215,-0.113,1.074,-0.0125,-0.006,0.278,0.989,0.599,0.47,0.764,0.292,0.761,0.231,0.871,-0.163,0.223,0.831,1.611,-0.484,-0.178,0.481,-0.085,0.753,-0.2345,-0.3295,-0.32,-0.419,0.057,0.621,-0.282,0.073,0.812,-0.3695,0.0575,2.174350886,9.244523124,-7.603639589,-14.45077348,-1.095201197,-0.735470731,11.41887401,-22.05441307,-2.130169702,-1.533241676,-1.678741317,-5.317769529,-0.915335964,-2.714644351,-2.603125178
69,137,2,1,0,6,20,1,1,3,3,20,5,2,32,11,16,1.1867813,6,16,-0.189,-0.45,-0.462,-0.227,-0.728,-0.229,-0.396,-0.216,-0.206,-1.463,-0.883,0.714,1.008,1.463,-1.227,0.928,-1.148,1.098,0.0835,-1.0775,-0.005,-1.123,-0.728,0.266,-0.497,-0.682,0.446,-0.564,-0.826,-0.6665,0.126,0.3905,0.3675,1.007,-0.59,0.831,-1.101,0.168,1.067,-0.739,1.019,-0.892,0.514,-0.969,0.831,-0.562,0.549,0.737,-0.642,0.817,-0.7,0.903,0.6895,0.9555,0.7585,0.902,-0.6905,0.79625,0.918,-0.796,0.857,0.7605,2.780374731,-14.33331601,-27.79808818,-21.39331066,-0.253907565,-0.45870643,-11.55294128,-49.19139883,2.636391545,-0.409036827,0.516321513,-30.37217005,-0.356306998,-12.50885672,-17.86331333
70,139,2,1,0,6,19,1,1,3,3,19,5,2,41,12,15,2.510021774,2,23,-0.924,-0.334,-0.127,-0.44,-0.795,-0.745,-0.453,-0.764,-0.444,-1.304,-0.443,-0.643,-0.422,-1.035,-0.936,-0.517,-0.924,-0.488,-0.146,-0.2095,-0.16,-0.218,-0.8405,-0.485,-0.17775,-0.844,-0.466,-0.189,-1.114,-0.3885,-0.385,-0.431,-0.915,1.215,-0.378,0.599,-0.715,-1.188,1.001,-0.496,1.003,-0.649,1.026,-0.73,0.831,-0.562,-1.527,0.927,-0.743,0.978,-0.815,0.7485,0.835,0.826,0.8965,0.964,-0.6195,0.79175,0.9905,-0.732,0.86125,1.1205,-1.836754167,0.730404028,-1.411208285,-16.95791793,0.275278276,0.121992899,-1.106350139,-18.36912621,2.136697491,0.433882069,0.889522406,-9.737738175,0.198635588,-1.623981226,-8.113756949
71,141,2,1,0,6,19,1,1,3,1,19,5,2,36,3,14,0.855971181,6,16,0.845,-0.18,0.325,1.334,0.059,0.473,0.435,0.482,0.604,0.535,-0.792,0.114,1.675,-0.421,0.012,0.479,-0.055,0.447,0.019,-0.2335,-0.061,-0.251,0.2425,0.457,-0.10725,0.2135,0.5255,-0.156,0.69,-0.486,0.2195,1.5045,-0.181,0.165,-0.714,0.831,-1.101,-0.184,0.295,-0.732,0.356,-0.794,-0.816,0.062,0.639,-0.176,-0.598,-0.611,-0.071,-0.526,-0.052,0.5135,-0.27,0.575,-0.237,-0.158,-0.4015,0.12175,-0.085,-0.423,0.169,-0.3255,-3.501389015,-8.325297783,-8.2779758,-27.88610896,0.749550034,0.213229015,-11.8266868,-36.16408476,1.900484865,0.745045692,0.965723235,-23.99538578,0.481389525,-5.889682408,-18.10570337
72,143,2,1,0,6,18,1,1,4,1,18,4,3,36,11,14,0.855971181,7,12,-0.354,0.512,1.211,0.132,0.983,0.169,0.793,0.061,0.681,-0.086,0.396,0.982,0.778,0.674,0.245,0.805,0.275,0.894,-0.312,-0.28,-0.31,-0.3095,0.207,0.799,-0.296,0.168,0.7875,-0.30975,-0.22,0.454,1.0965,0.455,0.8285,0.134,-0.477,-0.103,-0.499,0.381,0.088,-0.409,0.054,-0.386,0.291,0.139,-0.172,0.407,0.45,0.153,0.314,0.129,0.084,0.2485,-0.0805,0.22,0.0225,0.1205,-0.0475,0.084,0.0915,-0.151,0.12125,0.2125,-7.978334471,3.485105671,-8.233066257,1.344738968,0.329415173,0.026576101,-4.4932288,-6.888327289,2.913226268,0.495400951,-0.253387826,-5.690778044,0.177995637,-8.105700364,2.41492232
73,145,2,1,0,6,20,1,1,3,2,20,5,2,42,15,16,-0.301864233,8,11,0.455,-0.59,0.805,-0.208,1.054,-0.031,0.839,-0.047,0.747,0.086,-0.661,0.526,0.672,1.227,-0.242,1.001,-0.115,0.909,-0.435,-0.6215,-0.397,-0.512,-0.1365,0.92,-0.52825,-0.081,0.828,-0.4545,0.2705,-0.6255,0.6655,0.232,1.1405,0.269,-0.607,0.407,-0.908,-0.372,0.359,-0.691,0.373,-0.758,-0.28,-0.477,0.172,-0.908,-0.8,-0.151,-0.613,-0.04,-0.68,0.525,0.231,0.5655,0.32,0.104,-0.652,0.378,0.1665,-0.719,0.44275,-0.0055,-6.601792682,-6.434597657,-13.03209981,-8.974675009,-0.228153885,-1.129887675,-13.03639034,-22.00677482,0.945197731,0.168200397,-0.406176223,-17.52158258,-0.67902078,-9.816946246,-7.704636333
74,147,2,1,0,6,20,1,1,3,2,20,5,2,39,7,9,0.194350945,5,22,0.499,0.898,0.786,-0.104,-1.032,0.789,0.571,0.847,0.379,-0.024,0.033,0.021,0.4,1.225,0.095,0.468,0.163,0.477,0.109,-0.1865,0.234,-0.157,0.442,0.5195,-0.03875,0.505,0.428,0.0385,0.2375,0.4655,0.4035,0.148,0.0965,-0.518,0.252,-0.106,0.427,-0.185,-0.522,0.306,-0.481,0.243,-1.042,0.24,-0.106,1.009,-0.657,-0.77,0.392,-0.766,0.325,-0.414,-0.581,-0.362,-0.5455,-0.646,0.349,-0.4975,-0.6235,0.284,-0.45375,-0.78,9.544576965,4.666267592,-4.421076533,-20.87748458,1.042846066,0.214010143,14.21084456,-25.29856111,0.023574943,-0.36265887,-0.338780428,-5.543858276,0.628428104,2.561750216,-8.105608492
75,149,2,1,0,6,19,1,1,3,2,19,5,2,44,8,16,2.179211655,5,16,0.732,0.71,-0.76,-0.747,-1.035,0.704,-0.833,0.685,-0.904,-0.235,-0.26,-0.59,0.385,-0.421,-0.364,-0.498,-0.445,-0.59,0.7685,0.067,0.7945,0.0725,0.17,-0.6655,0.41775,0.12,-0.747,0.4335,0.2485,0.225,-0.675,-0.181,-0.728,0.445,-0.455,0.831,-0.735,0.233,0.676,-0.386,0.744,-0.53,0.368,-0.335,0.831,-0.305,0.204,0.671,-0.185,0.741,-0.415,0.531,0.428,0.637,0.578,0.6735,-0.2855,0.4795,0.7425,-0.4725,0.6075,0.4065,21.95546867,12.59757265,1.273112218,-6.959057155,0.199147407,-0.45237936,34.55304132,-5.685944937,3.223725338,0.54461747,-0.647310616,14.43354819,-0.126615977,11.61429044,2.81925775
76,151,2,0,0,6,20,1,0,4,2,4,5,2,37.16129032,5,25,-0.96348447,7,9,0.658,0.782,0.091,0.188,0.059,0.604,-0.098,0.622,-0.19,0.555,-0.493,-0.296,1.371,-0.248,-0.081,0.095,0.131,0.264,0.351,-0.088,0.406,-0.0665,0.2615,-0.0015,0.1315,0.3765,0.037,0.16975,0.6065,0.1445,-0.1025,0.7795,-0.0945,0.328,0.859,-0.295,0.021,0.209,0.222,0.548,0.274,0.485,-0.994,0.729,-1.273,1.009,0.424,-0.963,0.685,-0.989,0.876,-0.163,-0.824,-0.1055,-0.9325,-0.3705,0.6165,-0.4935,-0.3575,0.6805,-0.519,-0.333,8.9041009,23.71406834,-3.283634404,-6.257527778,-0.418564656,-0.529166044,32.61816924,-9.541162181,0.081029213,1.375855529,0.01772212,11.53850353,-0.47386535,2.810233248,8.728270282
77,153,2,1,0,6,22,1,1,3,4,22,5,2,44,8,16,0.359756004,6,16,0.194,-0.084,1.01,0.487,0.985,-0.008,1.049,0.033,1.117,-0.414,-0.782,0.731,0.506,0.849,-0.553,0.939,-0.478,0.927,-0.5285,-0.746,-0.542,-0.7025,-0.2805,0.994,-0.63725,-0.2225,1.022,-0.62225,-0.11,-0.433,0.8705,0.4965,0.917,0.531,-0.127,0.367,-1.101,0.209,0.562,-0.38,0.549,-0.442,0.293,-0.59,0.367,-0.908,-0.012,0.375,-0.6,0.331,-0.576,0.471,0.4875,0.4955,0.4535,0.4685,-0.49,0.47925,0.44,-0.509,0.4745,0.412,-9.482897999,-3.553148249,-16.48616012,-13.78300783,0.373437658,-0.243966026,-13.03604625,-30.26916795,-0.013568278,0.376380788,1.295820719,-21.6526071,0.064735816,-12.98452906,-8.668078042
78,155,2,1,0,6,19,1,1,3,2,19,4,3,38,4,24,-0.467269292,8,10,0.791,1.248,-0.585,-0.818,0.298,1.053,-0.674,1.034,-0.745,0.033,-0.5,-0.448,0.938,1.463,-0.3,-0.111,-0.303,0.159,0.8635,-0.0945,0.8895,-0.231,0.3765,-0.3925,0.3845,0.3655,-0.293,0.32925,0.412,0.374,-0.5165,0.06,0.8805,0.239,-0.843,-0.527,-1.101,-0.007,0.021,-0.81,-0.021,-0.872,-0.033,-0.969,-0.719,-0.562,-0.327,-0.278,-0.723,-0.312,-0.786,0.4155,0.2225,0.4255,0.237,-0.1285,-0.7665,0.319,-0.1665,-0.829,0.33125,0.103,21.39501846,18.09580647,-8.050896036,-8.668638021,0.627930357,-0.204623792,39.49082493,-16.71953406,-0.638045294,-0.568088121,-0.707286323,11.38564544,0.211653282,6.672061214,4.713584222
79,157,2,1,0,6,18,1,1,3,1,18,5,2,42,8,18,-0.467269292,8,19,-0.708,-0.251,1.301,-0.141,-0.488,-0.389,0.957,-0.402,0.946,-1.063,0.209,0.808,0.683,-0.795,-0.432,0.799,-0.466,0.868,-0.673,-0.6155,-0.674,-0.667,-0.4105,0.878,-0.64425,-0.434,0.907,-0.6705,-0.8855,-0.021,1.0545,0.271,-0.6415,0.033,0.763,-0.568,0.32,0.72,-0.105,0.662,-0.109,0.604,0.216,0.514,-0.805,0.513,-0.417,-0.114,0.407,-0.182,0.426,-0.3835,-0.2605,-0.3565,-0.304,-0.1095,0.5345,-0.322,-0.1455,0.515,-0.33025,0.1245,-10.80729473,-7.565035466,-10.55136039,-17.05407318,-1.895995318,-0.897144119,-18.3723302,-27.60543356,-1.650786697,-0.645421233,-0.868493698,-22.98888188,-1.396569719,-10.67932756,-12.30955432
80,159,2,1,0,6,18,1,1,3,1,18,5,2,30,18,3,0.028945885,16,18,-0.436,0.51,1.232,-0.248,0.607,0.024,0.7,-0.112,0.789,0.017,-0.198,0.577,-0.514,0.847,0,0.49,-0.011,0.44,-0.338,-0.245,-0.4505,-0.2255,0.012,0.595,-0.2915,-0.0615,0.6145,-0.338,-0.2095,0.156,0.9045,-0.381,0.727,-0.325,0.028,-0.063,0.493,0.153,-0.206,0.109,-0.286,0.129,-0.815,-0.855,-0.805,1.288,0.149,-0.752,-0.182,-0.742,-0.077,-0.1575,-0.285,-0.2075,-0.3325,-0.479,-0.0365,-0.22125,-0.514,0.026,-0.27,-0.57,-6.233296139,-4.270010796,-3.761925372,-6.541001559,0.032085913,-0.227742232,-10.50330693,-10.30292693,-1.559668081,-0.581760312,-0.00609644,-10.40311693,-0.09782816,-4.997610756,-5.405506178
