"","Group.1","Duration","TalkType","S_Around_Overall_Time","S_Monitor_Overall_Time","S_Keyboard_Overall_Time","S_Face_Overall_Time","S_Around_Mean","S_Monitor_Mean","S_Keyboard_Mean","S_Face_Mean","S_NoFace_Mean","S_CompOnly_Mean","S_BodyOnly_Mean","S_Around_Median","S_Monitor_Median","S_Keyboard_Median","S_Face_Median","S_NoFace_Median","S_CompOnly_Median","S_BodyOnly_Median","S_Around_PopularSD","S_Monitor_PopularSD","S_Keyboard_PopularSD","S_Face_PopularSD","S_NoFace_PopularSD","S_CompOnly_PopularSD","S_BodyOnly_PopularSD","S_Around_Frequency","S_Monitor_Frequency","S_Keyboard_Frequency","S_Face_Frequency","S_NoFace_Frequency","S_CompOnly_Frequency","S_BodyOnly_Frequency","S_Around_Max","S_Monitor_Max","S_Keyboard_Max","S_Face_Max","S_NoFace_Max","S_CompOnly_Max","S_BodyOnly_Max","S_Around_Min","S_Monitor_Min","S_Keyboard_Min","S_Face_Min","S_NoFace_Min","S_CompOnly_Min","S_BodyOnly_Min","S_NoSpeak_Overall_Time","S_Typing_Overall_Time","S_Speaking_Overall_Time","S_SSS_Overall_Time","S_Hovering_Overall_Time","S_NoSpeak_Mean","S_Typing_Mean","S_Speaking_Mean","S_SSS_Mean","S_Hovering_Mean","S_Sound_Mean","S_NoSound_Mean","S_NoSpeak_Median","S_Typing_Median","S_Speaking_Median","S_SSS_Median","S_Hovering_Median","S_Sound_Median","S_NoSound_Median","S_NoSpeak_PopularSD","S_Typing_PopularSD","S_Speaking_PopularSD","S_SSS_PopularSD","S_Hovering_PopularSD","S_Sound_PopularSD","S_NoSound_PopularSD","S_NoSpeak_Frequency","S_Typing_Frequency","S_Speaking_Frequency","S_SSS_Frequency","S_Hovering_Frequency","S_Sound_Frequency","S_NoSound_Frequency","S_NoSpeak_Max","S_Typing_Max","S_Speaking_Max","S_SSS_Max","S_Hovering_Max","S_Sound_Max","S_NoSound_Max","S_NoSpeak_Min","S_Typing_Min","S_Speaking_Min","S_SSS_Min","S_Hovering_Min","S_Sound_Min","S_NoSound_Min","S_CompOnly_Overall_Time","S_NoFace_Overall_Time","S_BodyOnly_Overall_Time"
"1",1,2193.25,2,1252,68.75,61.75,810.75,153.532196969697,12.0277777777778,39.8125,75.3422619047619,139.595695970696,40.2192307692308,85.5266025641026,112,10,38.125,51.125,110.375,38.75,58.75,167.445951253566,5.25383586603815,5.52316832203826,65.3486434252792,154.929659775966,5.42102731539291,77.3523109710016,7.75,3.25,2,11.5,10.75,5.25,10.75,585,22,48.5,208.5,621,50.5,237,29.75,5.75,34.5,10.25,21.5,34,12.5,1895.25,0,298,0,0,671.458333333333,0,119.6875,0,0,119.6875,671.458333333333,357.625,0,117,0,0,117,357.625,748.798182741671,0,58.8798691101612,0,0,58.8798691101612,748.798182741671,3,0,2,0,0,2,3,1709.75,0,190.75,0,0,190.75,1709.75,85.5,0,54,0,0,54,85.5,130.5,1382.5,879.5
"2",3,982.125,2,382.5,459.625,42.5,97.5,64.4633432539682,89.3110795454545,24.4166666666667,28.7604166666667,220.202083333333,86.2370580808081,30.8821428571429,56.0625,71.625,23.75,27.0625,177.1875,70.8125,29,41.5058568678194,42.321406496948,2.39861217409578,12.8756101609662,156.698592230967,45.2528136839569,13.9801271038124,6.25,6.25,1.25,3.625,4.375,7,4.5,124,157.5,27.625,45.25,472.875,166,52.625,14.75,41.75,21.875,14.375,74.5,37.875,14.75,869.25,0,112.875,0,0,477,0,93.5,0,0,93.5,477,409.125,0,93.5,0,0,93.5,409.125,300.03395418502,0,9.125,0,0,9.125,300.03395418502,1.875,0,1.125,0,0,1.125,1.875,823.625,0,102.625,0,0,102.625,823.625,198.25,0,84.375,0,0,84.375,198.25,502.125,884.625,557.125
"3",5,1035.75,2,196.5,456.875,60,322.375,47.4777777777778,73.1910714285714,25.1041666666667,56.3133928571429,100.465178571429,80.3175595238095,68.5994543650794,35.5,57.1875,24.8125,32.8125,62.75,67,44.125,33.2680550296946,63.4642950593038,4.90613193989937,53.5629347128187,122.011931704046,66.3001024873739,57.8901557838123,3,5.875,2.375,6.25,6.75,6,6.875,126,207.75,30.75,155.75,385,210.375,169.875,25.25,16.5,19.75,13.5,11.625,15.875,15,924.125,0,111.625,0,0,679.9375,0,111.625,0,0,111.625,679.9375,679.9375,0,111.625,0,0,111.625,679.9375,191.6875,0,0,0,0,0,191.6875,1.5,0,0.625,0,0,0.625,1.5,871.625,0,111.625,0,0,111.625,871.625,488.25,0,111.625,0,0,111.625,488.25,516.875,713.375,779.25
"4",6,1058.16666666667,2,226.166666666667,225.833333333333,108.833333333333,497.333333333333,38.2402777777778,29.1325757575758,33.6166666666667,99.6941077441077,55.5134518259518,33.0608465608466,119.07380952381,35.8333333333333,23,31.0833333333333,81.9166666666667,33.4166666666667,24.25,86.4166666666667,24.0343138540026,21.9464556193517,16.8046810733279,51.5274658087599,65.5482288524306,25.3231303551252,77.167814017378,4.16666666666667,5.83333333333333,2.66666666666667,8.33333333333333,8.33333333333333,8,7.66666666666667,75.8333333333333,70.6666666666667,55.6666666666667,226.5,239.833333333333,88.5,294.833333333333,9.16666666666667,7.33333333333333,16.6666666666667,59,7.83333333333333,7.33333333333333,61.3333333333333,1005.33333333333,0,52.8333333333333,0,0,940.5,0,52.8333333333333,0,0,52.8333333333333,940.5,940.5,0,52.8333333333333,0,0,52.8333333333333,940.5,61.5,0,0,0,0,0,61.5,1.16666666666667,0,0.833333333333333,0,0,0.833333333333333,1.16666666666667,1002,0,52.8333333333333,0,0,52.8333333333333,1002,879,0,52.8333333333333,0,0,52.8333333333333,879,334.666666666667,560.833333333333,723.166666666667
"5",7,1626.6,2,513.6,8.2,559.4,545.4,185.616666666667,4.1,206.388888888889,86.7933333333333,307.243076923077,197.735555555556,278.402777777778,172.8,4.1,169.7,72.4,268.1,162.5,223.9,49.5129598969037,1.1,98.1511621374223,50.0947145474139,98.9935381717376,96.0799272424965,152.493233659454,4.4,0.4,3.6,6.8,7,4,5.2,278,5.2,350.8,182.6,519.6,350.8,579.2,134.2,3,114.2,37.2,223.8,110.8,135.8,1472.2,0,154.4,0,0,906.6,0,122.4,0,0,122.4,906.6,914,0,122.4,0,0,122.4,914,188.826010656443,0,9.6,0,0,9.6,188.826010656443,1.8,0,1,0,0,1,1.8,1118.2,0,132,0,0,132,1118.2,687.6,0,112.8,0,0,112.8,687.6,567.6,1081.2,553.6
"6",8,711.666666666667,2,49,329.111111111111,35.7777777777778,297.777777777778,24,53.5595238095238,15.6296296296296,69.0686507936508,83.5962962962963,60.7977954144621,75.1380952380952,24.1111111111111,48.6111111111111,15.3333333333333,70.2222222222222,65.4444444444444,54.3888888888889,70.5,0.841319754933374,25.4936594193899,6.28658722328774,43.721328564891,42.7121905558438,32.4106645138195,50.8509939104256,1,5.22222222222222,0.888888888888889,4.88888888888889,4.77777777777778,5.22222222222222,5.11111111111111,25,97.5555555555556,23.3333333333333,120.666666666667,150.888888888889,112.888888888889,140.777777777778,22.5555555555556,22.3333333333333,8.22222222222222,16.3333333333333,39.5555555555556,21.2222222222222,13.8888888888889,648.333333333333,0,63.3333333333333,0,0,400.722222222222,0,46.2222222222222,0,0,46.2222222222222,400.722222222222,400.722222222222,0,46.2222222222222,0,0,46.2222222222222,400.722222222222,227.388888888889,0,11,0,0,11,227.388888888889,1.77777777777778,0,1,0,0,1,1.77777777777778,628.111111111111,0,57.2222222222222,0,0,57.2222222222222,628.111111111111,173.333333333333,0,35.2222222222222,0,0,35.2222222222222,173.333333333333,364.888888888889,413.888888888889,626.888888888889
"7",12,1473.4,2,29,8.6,85,1350.8,13.1666666666667,5.9,27.1666666666667,366.437857142857,21.1071428571429,24.6166666666667,601.133333333333,12.9,5.9,27.2,326.2,20.7,25.1,607,4.46864307469779,0.7,8.61585703048387,146.27127079301,10.9475455554246,10.1946048870033,183.183133090906,1.6,0.6,2.4,5,4.6,3,3,18.2,6.6,37,597,37,37,847.8,8.4,5.2,16.2,205,6.8,11.2,407.6,1444.8,0,28.6,0,0,1231.5,0,17.4,0,0,17.4,1231.5,1231.5,0,17.4,0,0,17.4,1231.5,188.1,0,1,0,0,1,188.1,1.2,0,0.6,0,0,0.6,1.2,1419.6,0,18.4,0,0,18.4,1419.6,1043.4,0,16.4,0,0,16.4,1043.4,93.6,122.6,1359.4
"8",14,464.666666666667,2,58.8333333333333,88.5,108.5,208.833333333333,24.9375,39.6347222222222,25.9107142857143,52.7958333333333,55.3955687830688,46.7223214285714,89.5333333333333,24.0833333333333,39.5,25.4583333333333,52.4166666666667,48.7083333333333,44.6666666666667,73.875,12.1896303158013,13.2096875609466,10.0437836531899,27.687406435332,27.6711882612185,21.4327295229604,63.0697043647113,1.5,2.16666666666667,3,4.91666666666667,4.5,4.33333333333333,3.75,39.0833333333333,57.1666666666667,42.3333333333333,89.6666666666667,100.083333333333,77.9166666666667,180.083333333333,12.5,25.4166666666667,14.5833333333333,22.5833333333333,23.5,21.8333333333333,29.0833333333333,403.583333333333,0,61.0833333333333,0,0,274.833333333333,0,36.7916666666667,0,0,36.7916666666667,274.833333333333,274.833333333333,0,36.7916666666667,0,0,36.7916666666667,274.833333333333,93,0,5.95833333333333,0,0,5.95833333333333,93,1.5,0,0.916666666666667,0,0,0.916666666666667,1.5,367.833333333333,0,42.75,0,0,42.75,367.833333333333,181.833333333333,0,30.8333333333333,0,0,30.8333333333333,181.833333333333,197,255.833333333333,297.333333333333
"9",15,1362.16666666667,2,715.333333333333,293.833333333333,120,233,362.077380952381,95.9305555555556,76.5555555555556,48.7619047619048,303.683333333333,120.541666666667,108.4375,358.166666666667,79,76.1666666666667,41.0833333333333,290.166666666667,109.666666666667,88.6666666666667,70.4611164599744,53.1571131474179,18.0120153816277,27.6343233372749,205.247443258702,65.8180679586496,52.6883237688578,2.83333333333333,2.16666666666667,1.83333333333333,4.5,4.5,3.33333333333333,4.16666666666667,472.166666666667,170.5,95.5,97.8333333333333,567.5,198.666666666667,205.333333333333,285.166666666667,48.3333333333333,58,22.1666666666667,81.5,53,65,1324.83333333333,0,37.3333333333333,0,0,996.666666666667,0,37.3333333333333,0,0,37.3333333333333,996.666666666667,996.666666666667,0,37.3333333333333,0,0,37.3333333333333,996.666666666667,306.166666666667,0,0,0,0,0,306.166666666667,1.5,0,0.833333333333333,0,0,0.833333333333333,1.5,1302.83333333333,0,37.3333333333333,0,0,37.3333333333333,1302.83333333333,690.5,0,37.3333333333333,0,0,37.3333333333333,690.5,413.833333333333,1129.16666666667,526.833333333333
"10",16,1121.66666666667,2,503.5,96.1666666666667,126,396,79.8774891774892,35.875,34.4722222222222,60.8387464387464,100.862301587302,39.35,96.6339285714286,55.5,34.5,31.0833333333333,37.6666666666667,69.3333333333333,35.0833333333333,84.9166666666667,58.5138491659409,20.930929031519,18.097556974429,46.4818809393423,93.4505146243503,22.7331780088418,71.8265790025983,6.33333333333333,2.66666666666667,3.66666666666667,7.5,7.5,5.5,7,198.833333333333,59.6666666666667,59.8333333333333,141.333333333333,304,78.3333333333333,207.833333333333,25.5,13.6666666666667,14.1666666666667,16.3333333333333,20,13.3333333333333,22.8333333333333,759.833333333333,0,361.833333333333,0,0,443.5,0,202.361111111111,0,0,202.361111111111,443.5,443,0,197.083333333333,0,0,197.083333333333,443,212.669527337201,0,109.143676738082,0,0,109.143676738082,212.669527337201,2,0,1.66666666666667,0,0,1.66666666666667,2,667.666666666667,0,314.833333333333,0,0,314.833333333333,667.666666666667,219.833333333333,0,95.1666666666667,0,0,95.1666666666667,219.833333333333,222.166666666667,725.666666666667,492.166666666667
"11",17,807.111111111111,2,44.8888888888889,358.444444444444,142.111111111111,261.666666666667,10.7808641975309,45.6197893972404,25.4530303030303,31.3878767431399,64.7072261072261,51.181588835212,49.0225645813881,10.2222222222222,41.5555555555556,22.8888888888889,27.0555555555556,55.6111111111111,43,47.3888888888889,3.22775959363475,21.5896772068721,10.5655150598838,18.356956470188,42.7202931288961,29.4473266910554,30.4955518876224,2.44444444444444,8,4.77777777777778,9,8.88888888888889,9.66666666666667,8.66666666666667,16,84.5555555555556,46.4444444444444,66.1111111111111,130.888888888889,106.555555555556,115.666666666667,7.33333333333333,18.2222222222222,14.5555555555556,10.4444444444444,13.8888888888889,16.6666666666667,11.5555555555556,792,0,15.1111111111111,0,0,792,0,15.1111111111111,0,0,15.1111111111111,792,792,0,15.1111111111111,0,0,15.1111111111111,792,0,0,0,0,0,0,0,1,0,0.333333333333333,0,0,0.333333333333333,1,792,0,15.1111111111111,0,0,15.1111111111111,792,792,0,15.1111111111111,0,0,15.1111111111111,792,500.555555555556,545.444444444444,620.111111111111
"12",18,504.181818181818,2,300.181818181818,11.9090909090909,27,165.090909090909,130.068181818182,10.7272727272727,9.45454545454546,62.9393939393939,125.715151515152,18.9090909090909,76.6515151515152,122,10.7272727272727,9,55.7272727272727,106.954545454545,18.0909090909091,70.0454545454545,38.4409967814698,0.181818181818182,3.29533989777828,21.4175376855818,57.0671467156736,3.69378289942278,30.2486113672934,2.63636363636364,0.454545454545455,0.909090909090909,3.18181818181818,3.27272727272727,1.36363636363636,2.81818181818182,181.636363636364,10.9090909090909,14.0909090909091,94.2727272727273,224.181818181818,24.2727272727273,118.909090909091,89.3636363636364,10.5454545454545,6,40.3636363636364,79.2727272727273,15.1818181818182,45.1818181818182,335,0,169.181818181818,0,0,262.227272727273,0,131.30303030303,0,0,131.30303030303,262.227272727273,258.681818181818,0,116.454545454545,0,0,116.454545454545,258.681818181818,38.8733422307692,0,22.1007377229167,0,0,22.1007377229167,38.8733422307692,1.63636363636364,0,1.18181818181818,0,0,1.18181818181818,1.63636363636364,303.909090909091,0,162.545454545455,0,0,162.545454545455,303.909090909091,224.090909090909,0,114.909090909091,0,0,114.909090909091,224.090909090909,38.9090909090909,339.090909090909,177
"13",19,894.285714285714,2,14.4285714285714,57.1428571428571,55.7142857142857,767,8.92857142857143,34.4285714285714,44.4761904761905,375.77380952381,60.4523809523809,53.5238095238095,472.904761904762,8.92857142857143,34.4285714285714,44.4285714285714,386.285714285714,61.3571428571429,52.7142857142857,491.714285714286,3.92857142857143,6.85714285714286,2.97457098795075,133.794945796538,18.5670198643641,18.6187204737893,137.17781521043,0.428571428571429,1.28571428571429,1.14285714285714,2.28571428571429,1.85714285714286,1.85714285714286,2,12.8571428571429,41.2857142857143,48.1428571428571,518.142857142857,80.1428571428571,74.5714285714286,613.571428571429,5,27.5714285714286,40.8571428571429,234,39.8571428571429,33.2857142857143,313.428571428571,881.285714285714,0,13,0,0,840,0,13,0,0,13,840,840,0,13,0,0,13,840,36,0,0,0,0,0,36,1.14285714285714,0,0.428571428571429,0,0,0.428571428571429,1.14285714285714,876,0,13,0,0,13,876,804,0,13,0,0,13,804,112.857142857143,127.285714285714,824.142857142857
"14",21,852.777777777778,2,64.1111111111111,300.888888888889,368.333333333333,119.444444444444,45.7222222222222,101.113756613757,119.351851851852,35.8462962962963,214.95,179.979365079365,132.227777777778,45.3888888888889,96.3333333333333,108.611111111111,28.2222222222222,161.611111111111,137.555555555556,111.055555555556,2.66591577876744,41.8316064349938,61.9447744617138,18.3643592441699,149.828073320913,114.747225734878,70.138596415543,0.888888888888889,3.66666666666667,3.22222222222222,3.44444444444444,3.66666666666667,4.11111111111111,3.77777777777778,49,168.333333333333,197.888888888889,65.8888888888889,452.333333333333,376.111111111111,238.888888888889,42.7777777777778,56.2222222222222,54.6666666666667,18.8888888888889,75.6666666666667,69.2222222222222,54.8888888888889,797,0,55.7777777777778,0,0,776.185185185185,0,47.2777777777778,0,0,47.2777777777778,776.185185185185,769.888888888889,0,47.2777777777778,0,0,47.2777777777778,769.888888888889,10.1057508515869,0,6.27777777777778,0,0,6.27777777777778,10.1057508515869,1.22222222222222,0,0.666666666666667,0,0,0.666666666666667,1.22222222222222,790.444444444444,0,53.5555555555556,0,0,53.5555555555556,790.444444444444,768.222222222222,0,41,0,0,41,768.222222222222,669.222222222222,733.333333333333,420.333333333333
"15",23,1311.83333333333,2,988.333333333333,97.5,162.166666666667,63.8333333333333,611.861111111111,32.5,90.0416666666667,43.3888888888889,845.916666666667,141.25,120.808333333333,598.75,21.1666666666667,89.9166666666667,40.8333333333333,805.416666666667,141.25,114.75,312.510239033553,21.6760663371344,16.0664792695877,8.3625414059024,302.257844222901,27.1063360511041,29.2660131055839,1.83333333333333,0.5,1.83333333333333,1.33333333333333,1.66666666666667,1.5,2.33333333333333,936.833333333333,62.8333333333333,107.333333333333,54.6666666666667,1177.33333333333,169.166666666667,160.5,300,13.5,73,34.6666666666667,555,113.333333333333,93.1666666666667,1280,0,31.8333333333333,0,0,1046,0,31.8333333333333,0,0,31.8333333333333,1046,1046,0,31.8333333333333,0,0,31.8333333333333,1046,222.5,0,0,0,0,0,222.5,1.33333333333333,0,1,0,0,1,1.33333333333333,1268.5,0,31.8333333333333,0,0,31.8333333333333,1268.5,823.5,0,31.8333333333333,0,0,31.8333333333333,823.5,259.666666666667,1248,161.333333333333
"16",24,1170,2,69.6666666666667,65.6666666666667,418.166666666667,616.5,25.2285714285714,31.5277777777778,56.2189723320158,48.9324786324786,51.9938721878377,51.2136002886003,250.748148148148,24.8333333333333,27.0833333333333,48.8333333333333,29.6666666666667,34.6666666666667,29.4166666666667,207.333333333333,4.00310122439185,10.5608574765873,45.8093751588079,42.0014366997205,45.228920490068,47.866457923593,134.958463803362,2.83333333333333,1.83333333333333,10.1666666666667,13.8333333333333,13.5,11.3333333333333,5.16666666666667,32.3333333333333,47.6666666666667,144,137.833333333333,164.333333333333,164.333333333333,530.5,21.1666666666667,22.1666666666667,12.6666666666667,11.6666666666667,11.8333333333333,11.8333333333333,130.833333333333,769,0,401,0,0,374.027777777778,0,348.861111111111,0,0,348.861111111111,374.027777777778,358.25,0,338.083333333333,0,0,338.083333333333,358.25,298.575586664106,0,18.9907620754253,0,0,18.9907620754253,298.575586664106,2.16666666666667,0,1.5,0,0,1.5,2.16666666666667,686.833333333333,0,374.5,0,0,374.5,686.833333333333,77,0,334,0,0,334,77,483.833333333333,553.5,682.166666666667
"17",25,932.428571428571,2,44.1428571428571,286.714285714286,106,495.571428571429,17.9714285714286,49.5154761904762,38.8666666666667,131.475793650794,70.375,64.0895691609977,225.172619047619,17.8571428571429,47.9285714285714,36,108.571428571429,63.2857142857143,58.4285714285714,207.142857142857,4.32053744061387,32.4716871236208,18.444214611778,67.3728730853734,48.9387280474689,46.568699122328,84.7063372030116,1.28571428571429,3,2.14285714285714,4.71428571428571,4.28571428571429,4.14285714285714,3.85714285714286,23.8571428571429,110.714285714286,63.8571428571429,229,164.571428571429,153.285714285714,344.428571428571,12.5714285714286,11.8571428571429,19.8571428571429,60.1428571428571,13.1428571428571,13.1428571428571,136.428571428571,905.428571428571,0,27,0,0,542.785714285714,0,21.1428571428571,0,0,21.1428571428571,542.785714285714,542.785714285714,0,21.1428571428571,0,0,21.1428571428571,542.785714285714,354.785714285714,0,3.14285714285714,0,0,3.14285714285714,354.785714285714,1.57142857142857,0,0.857142857142857,0,0,0.857142857142857,1.57142857142857,897.571428571429,0,24.2857142857143,0,0,24.2857142857143,897.571428571429,188,0,18,0,0,18,188,392.714285714286,436.857142857143,782.285714285714
"18",26,1582.2,2,729,454,135.8,263.4,158.851428571429,107.167142857143,47.0095238095238,55.66,191.789285714286,108.216666666667,81.2106593406593,140.4,75.8,42,51,166.7,90.8,67.1,91.1820323364577,62.9607034631574,19.6775022016756,16.270807329845,116.787749492628,59.7905395637292,36.4160578140981,3.6,5.6,2.8,6.8,7,7,6,283.8,222.4,71.4,89.8,387.6,235.2,142.2,48,56.2,27.6,37,52,52,43.2,1464.8,0,117.4,0,0,609.566666666667,0,48.7666666666667,0,0,48.7666666666667,609.566666666667,520.1,0,47.5,0,0,47.5,520.1,264.155321252945,0,16.0964405412001,0,0,16.0964405412001,264.155321252945,2.4,0,1.8,0,0,1.8,2.4,965.4,0,67.6,0,0,67.6,965.4,343.2,0,31.2,0,0,31.2,343.2,589.8,1318.8,717.4
"19",27,1296.66666666667,2,737.333333333333,456.833333333333,18.3333333333333,84.1666666666667,209.027777777778,165.236111111111,18.3333333333333,45.8888888888889,443.527777777778,180.458333333333,59.6666666666667,154.75,140.25,18.3333333333333,46,448.25,158.583333333333,60,194.561543365106,79.179907951245,0,7.12248058522696,336.943155180406,78.6689471205476,6.66976122663677,2,3.16666666666667,0.333333333333333,1.83333333333333,2.33333333333333,3.16666666666667,2,481.5,299.666666666667,18.3333333333333,53.1666666666667,817.333333333333,313.333333333333,66.8333333333333,34.1666666666667,94.1666666666667,18.3333333333333,38.5,65,107.833333333333,52.1666666666667,1294,0,2.66666666666667,0,0,1160,0,2.66666666666667,0,0,2.66666666666667,1160,1160,0,2.66666666666667,0,0,2.66666666666667,1160,104.833333333333,0,0,0,0,0,104.833333333333,1.16666666666667,0,0.333333333333333,0,0,0.333333333333333,1.16666666666667,1264.83333333333,0,2.66666666666667,0,0,2.66666666666667,1264.83333333333,1055.16666666667,0,2.66666666666667,0,0,2.66666666666667,1055.16666666667,475.166666666667,1212.5,541
"20",28,692.6,2,72.7,113.9,82.2,423.8,37.8,44.5633333333333,26.0483333333333,105.746111111111,66.7733333333333,57.9138095238095,219.018333333333,37.3,41.65,21.3,77.05,62.1,53.1,189.05,6.04614970027944,21.0076427375209,15.2148939182648,76.9341047393744,35.0004094906239,28.3851766024007,85.6307035033303,1.2,1.5,2.2,4.4,4,3.1,3.2,44.9,73.9,47.5,218.1,116.2,98.7,329.6,31.2,23.7,10.5,31.3,28.1,27.6,138.8,531.7,0,160.9,0,0,233.745,0,66.2583333333333,0,0,66.2583333333333,233.745,217.25,0,64.9,0,0,64.9,217.25,100.131620648072,0,31.9164560260387,0,0,31.9164560260387,100.131620648072,2.8,0,2.2,0,0,2.2,2.8,364.2,0,103.1,0,0,103.1,364.2,134.9,0,32.5,0,0,32.5,134.9,196.1,268.8,537.7
"21",29,1694.8,2,1404.4,141.2,111,38.2,575.183333333333,56.6166666666667,37.0166666666667,11.1,887.804761904762,77.1066666666667,43.3119047619048,427.9,52.7,30.1,10.7,641.2,74,27,333.108233476966,17.5221927337131,23.4081677185526,5.90180938887286,391.013511473332,30.4704969246421,39.8779012749183,3,2.6,3.2,2.2,3.2,4.4,3.8,1124.6,80,71,18.6,1502.8,121.4,102.2,329.2,37.8,17.6,4.2,605,39.2,8.8,1643.8,0,51,0,0,1446.06666666667,0,43.7,0,0,43.7,1446.06666666667,1417.4,0,43.7,0,0,43.7,1417.4,152.59255699871,0,2.1,0,0,2.1,152.59255699871,1.6,0,0.6,0,0,0.6,1.6,1616.2,0,45.8,0,0,45.8,1616.2,1304.6,0,41.6,0,0,41.6,1304.6,252.2,1656.6,179.4
"22",30,1310,2,414.8,213.2,431.4,250.6,120.733333333333,70.4333333333333,195.65,47.9433333333333,237.186666666667,161.2,153.9,109.6,59.1,193.8,46.6,191.4,159.9,127.6,83.4424525932413,27.9080795179897,52.7658507891683,27.6074412888395,226.482399107766,101.154089635915,115.00432224343,3.6,2,3.2,5,5.2,4.6,4.4,231,123.2,263.6,83.8,613.6,306.4,350.4,32,46.4,140.6,14.6,27.6,55.8,43.6,1054.6,0,255.4,0,0,928.8,0,255.4,0,0,255.4,928.8,928.8,0,255.4,0,0,255.4,928.8,87.6,0,0,0,0,0,87.6,1,0,0.6,0,0,0.6,1,1016.4,0,255.4,0,0,255.4,1016.4,841.2,0,255.4,0,0,255.4,841.2,644.6,1059.4,463.8
"23",31,711.272727272727,2,413.545454545455,136.818181818182,38.2727272727273,122.636363636364,93.6292207792208,35.7681818181818,19.1136363636364,22.3660173160173,128.289069264069,41.0015151515152,27.7627514642221,40.9090909090909,26.9090909090909,18.9090909090909,18.8181818181818,85.8181818181818,31.2272727272727,23.0454545454545,97.2952755656541,25.4578621278456,4.20242515535391,12.8379642599134,109.330517181185,31.1536752590919,17.2878723096776,5.27272727272727,3.63636363636364,1.81818181818182,5,5.54545454545455,4.27272727272727,5.90909090909091,253.818181818182,74.3636363636364,24,43.6363636363636,304.181818181818,93.9090909090909,56.4545454545455,20.2727272727273,12.8181818181818,14.6363636363636,9.54545454545454,31.5454545454545,13.3636363636364,9.81818181818182,492.272727272727,0,219,0,0,296.954545454545,0,159.454545454545,0,0,159.454545454545,296.954545454545,291.772727272727,0,159.454545454545,0,0,159.454545454545,291.772727272727,126.920629018724,0,51.1818181818182,0,0,51.1818181818182,126.920629018724,1.90909090909091,0,1.09090909090909,0,0,1.09090909090909,1.90909090909091,427.363636363636,0,210.636363636364,0,0,210.636363636364,427.363636363636,171.727272727273,0,108.272727272727,0,0,108.272727272727,171.727272727273,175.090909090909,588.636363636364,259.454545454545
"24",32,1376.83333333333,2,660.5,317.833333333333,247.166666666667,151.333333333333,97.0380952380952,49.0988455988456,40.9194444444444,24.3003968253968,172.574621212121,65.746336996337,89.05,90.5,40.5,35.1666666666667,22.4166666666667,134,54.75,88.6666666666667,48.7467701277341,33.1481202102421,20.0223840267372,9.32064858246951,130.810585516487,43.5312875170167,43.9977781562718,5.5,5.83333333333333,5.66666666666667,6.33333333333333,7.16666666666667,8.83333333333333,5.83333333333333,180.5,119.666666666667,79.8333333333333,37.3333333333333,424.833333333333,162.833333333333,150.666666666667,36,17,19.6666666666667,12.1666666666667,36,20.5,43.8333333333333,1182.16666666667,0,194.666666666667,0,0,619.138888888889,0,180.166666666667,0,0,180.166666666667,619.138888888889,573.75,0,180.166666666667,0,0,180.166666666667,573.75,371.365145698415,0,0.666666666666667,0,0,0.666666666666667,371.365145698415,2,0,1,0,0,1,2,1041.66666666667,0,180.833333333333,0,0,180.833333333333,1041.66666666667,242,0,179.5,0,0,179.5,242,565,1225.5,469.166666666667
"25",33,787.9,2,212.6,95.3,288.4,191.6,51.0666666666667,32.2333333333333,53.1266666666667,41.0246031746032,96.6906746031746,69.7075,123.286547619048,40.85,30.3,48.95,32.95,72.5,56.9,96.25,34.0699278155847,14.9586357877,28.4078332903108,22.6894753576037,83.7284526965656,46.694188685302,71.7240802637355,3.6,2.1,6.2,5.5,5.8,6,4.9,102.9,52.9,100.5,84.2,253.9,158.2,268.8,17.1,16.7,20,21.3,15.5,24.9,64.8,743.9,0,44,0,0,551.1,0,44,0,0,44,551.1,551.1,0,44,0,0,44,551.1,158,0,0,0,0,0,158,1.5,0,0.8,0,0,0.8,1.5,709.1,0,44,0,0,44,709.1,393.1,0,44,0,0,44,393.1,383.7,596.3,286.9
"26",34,1010.28571428571,2,401.571428571429,59,201.571428571429,348.142857142857,69.3816326530612,31.8333333333333,28.1007492507492,33.0772394272394,63.9241496598639,32.3067765567766,67.6816326530612,56.7857142857143,27.6428571428571,22.2857142857143,25.5,46.5,25.6428571428571,55.8571428571429,37.1311918984405,8.26334861305798,18.2648467449191,22.6627357209459,52.9786073175054,22.2704458065517,48.1202032687839,5.14285714285714,1.57142857142857,6,9,9.14285714285714,7,7,146.857142857143,42.7142857142857,67.8571428571429,88.1428571428571,183.571428571429,80.7142857142857,152,31.5714285714286,25.1428571428571,9.14285714285714,9.85714285714286,10.1428571428571,9.14285714285714,12.2857142857143,952.142857142857,0,58.1428571428571,0,0,952.142857142857,0,58.1428571428571,0,0,58.1428571428571,952.142857142857,952.142857142857,0,58.1428571428571,0,0,58.1428571428571,952.142857142857,0,0,0,0,0,0,0,1,0,0.571428571428571,0,0,0.571428571428571,1,952.142857142857,0,58.1428571428571,0,0,58.1428571428571,952.142857142857,952.142857142857,0,58.1428571428571,0,0,58.1428571428571,952.142857142857,260.571428571429,662.142857142857,407.142857142857
"27",35,1087.42857142857,2,435.571428571429,414.285714285714,12.2857142857143,225.285714285714,107.790476190476,95.8309523809524,5.14285714285714,84.2272108843537,200.151700680272,99.1738095238095,85.293537414966,78.2142857142857,87.5,5.71428571428571,73.5,135,90.3571428571429,72.5714285714286,81.5241732849323,49.3935579273818,1.56926257650325,30.4488298598307,147.495290199357,53.3467954938343,34.1869377525844,4,4,0.571428571428571,4.42857142857143,4.28571428571429,3.85714285714286,4.57142857142857,246.857142857143,172.142857142857,6.71428571428571,139.571428571429,436.857142857143,181,151.285714285714,38.4285714285714,38.1428571428571,3,56.7142857142857,66.1428571428571,38.1428571428571,57.1428571428571,602.571428571429,0,484.857142857143,0,0,335,0,446.214285714286,0,0,446.214285714286,335,335,0,446.214285714286,0,0,446.214285714286,335,232.571428571429,0,33.7857142857143,0,0,33.7857142857143,232.571428571429,1.71428571428571,0,1.14285714285714,0,0,1.14285714285714,1.71428571428571,567.571428571429,0,480,0,0,480,567.571428571429,102.428571428571,0,412.428571428571,0,0,412.428571428571,102.428571428571,426.571428571429,862.142857142857,639.571428571429
"28",36,1334.66666666667,2,411.666666666667,395.166666666667,357.833333333333,170,69.0327380952381,56.6751984126984,63.046398046398,32.8194444444444,200.821164021164,112.3375,54.9150793650794,59.5833333333333,49.0833333333333,51.3333333333333,29.4166666666667,164,93.6666666666667,35.5833333333333,34.018729877271,25.599414756882,49.4147134363984,16.9041948869085,169.529124777439,72.1729611010765,46.2866416966492,6.33333333333333,7.16666666666667,6.66666666666667,5.66666666666667,6.16666666666667,8.16666666666667,10.5,146,95.3333333333333,143,63.3333333333333,532.5,252.333333333333,150.833333333333,32.8333333333333,25.8333333333333,15.5,14.6666666666667,43,42.5,12,1202,0,132.666666666667,0,0,654.833333333333,0,132.666666666667,0,0,132.666666666667,654.833333333333,654.833333333333,0,132.666666666667,0,0,132.666666666667,654.833333333333,517,0,0,0,0,0,517,1.83333333333333,0,1,0,0,1,1.83333333333333,1171.83333333333,0,132.666666666667,0,0,132.666666666667,1171.83333333333,137.833333333333,0,132.666666666667,0,0,132.666666666667,137.833333333333,753,1164.66666666667,565.166666666667
"29",37,888.333333333333,2,439.444444444444,114.555555555556,24.5555555555556,309.777777777778,63.2694444444444,33.3160493827161,11.5925925925926,46.7074074074074,75.9820987654321,37.1802469135802,52.8179232804233,47.0555555555556,26.0555555555556,10.2222222222222,36.2222222222222,56.5555555555556,29.6666666666667,34.8888888888889,53.0812249641459,22.595906508807,3.21177975040473,28.6921220409729,61.1507781107896,27.0684439425701,38.7493026323697,5.77777777777778,3.55555555555556,1.33333333333333,6.77777777777778,7.11111111111111,4.11111111111111,6.66666666666667,171.111111111111,65.1111111111111,16.7777777777778,94,197.888888888889,75.8888888888889,116.777777777778,12.8888888888889,13,9,16.7777777777778,12.8888888888889,11.5555555555556,16.5555555555556,699.777777777778,0,188.555555555556,0,0,161.610052910053,0,40.4515873015873,0,0,40.4515873015873,161.610052910053,128.722222222222,0,36.3333333333333,0,0,36.3333333333333,128.722222222222,141.274238221206,0,20.48779992078,0,0,20.48779992078,141.274238221206,4.77777777777778,0,4,0,0,4,4.77777777777778,366.888888888889,0,70,0,0,70,366.888888888889,23,0,16.6666666666667,0,0,16.6666666666667,23,139.111111111111,578.555555555556,424.333333333333
"30",38,865.428571428571,2,331.285714285714,366.285714285714,70.2857142857143,97.5714285714286,58.3487528344671,81.7261904761905,31.5,34.2785714285714,228.990476190476,82.4668367346939,46.0238095238095,44.5,66.2142857142857,30.9285714285714,31.5,205.857142857143,67.6428571428571,39.2857142857143,44.1285490625568,53.175729337447,9.31537869406332,10.1443021490706,160.067923198965,57.3132402512789,20.8097930652621,5.42857142857143,4.57142857142857,2,3.14285714285714,3.85714285714286,5.71428571428571,4.14285714285714,137.142857142857,165.571428571429,42.2857142857143,51.4285714285714,429.428571428571,176.428571428571,81.4285714285714,19.1428571428571,29.1428571428571,21.8571428571429,25.4285714285714,62.4285714285714,25.2857142857143,25.1428571428571,785.571428571429,0,79.8571428571429,0,0,689,0,79.8571428571429,0,0,79.8571428571429,689,689,0,79.8571428571429,0,0,79.8571428571429,689,79.5714285714286,0,0,0,0,0,79.5714285714286,1.28571428571429,0,0.714285714285714,0,0,0.714285714285714,1.28571428571429,768.571428571429,0,79.8571428571429,0,0,79.8571428571429,768.571428571429,609.428571428571,0,79.8571428571429,0,0,79.8571428571429,609.428571428571,436.571428571429,767.857142857143,463.857142857143
"31",41,698.363636363636,2,24.9090909090909,38.7272727272727,352.454545454545,282.272727272727,17.1818181818182,20.8030303030303,114.761904761905,63.8477272727273,108.975757575758,121.112878787879,299.909090909091,17.5454545454545,20.8636363636364,108.727272727273,52.5,100.227272727273,106.545454545455,255.363636363636,3.0794552612738,9.67469160788586,34.096662431849,48.8776400793077,52.9441367640973,41.4171238424112,160.641313721006,0.909090909090909,0.727272727272727,3.18181818181818,4.81818181818182,4.45454545454545,3.63636363636364,2.54545454545455,20.1818181818182,30.5454545454545,167.909090909091,131.272727272727,193.909090909091,191.545454545455,538.272727272727,13.8181818181818,11,80.0909090909091,14.3636363636364,52.6363636363636,82.0909090909091,162.909090909091,595.909090909091,0,102.454545454545,0,0,387.909090909091,0,80.7272727272727,0,0,80.7272727272727,387.909090909091,360.727272727273,0,80.7272727272727,0,0,80.7272727272727,360.727272727273,157.726960622174,0,13.3636363636364,0,0,13.3636363636364,157.726960622174,1.72727272727273,0,1.18181818181818,0,0,1.18181818181818,1.72727272727273,563.363636363636,0,94.0909090909091,0,0,94.0909090909091,563.363636363636,239.636363636364,0,67.3636363636364,0,0,67.3636363636364,239.636363636364,391.181818181818,416.090909090909,321
"32",42,985.125,2,476.125,290.875,127.625,90.5,120.68125,66.0479166666667,37.00625,22.2708333333333,348.614583333333,76.6264880952381,39.0452380952381,95.25,59.25,37,21.1875,309.625,59.3125,30.875,79.6529378350842,41.4909812710188,11.2826529223954,8.00667747892596,137.548470156143,53.8442531032694,25.7420111430131,4.125,4.375,3.75,3.75,4.25,5.5,5.5,243.375,130,53.25,33.375,563.5,168.125,87.5,41.875,22.25,23.125,12.5,231.5,22.25,13.875,738.25,0,246.875,0,0,487.875,0,246.875,0,0,246.875,487.875,487.875,0,246.875,0,0,246.875,487.875,215.625,0,0,0,0,0,215.625,1.75,0,0.875,0,0,0.875,1.75,703.5,0,246.875,0,0,246.875,703.5,272.25,0,246.875,0,0,246.875,272.25,418.5,894.625,381.375
"33",43,2002,2,1187.25,420,100.25,294.5,231.25625,59.235119047619,64.9166666666667,40.5400432900433,248.549918831169,71.0714285714286,53.1714015151515,129.75,37.875,60.5,36.375,108.875,48.125,43.375,207.631801810457,58.4027948662751,10.7709743704499,19.8071360179157,258.028125355094,66.3886891119733,35.5853081467499,5.5,7.25,1.5,6.75,7.5,7.5,7.25,616.5,189.75,79.75,68.75,695.25,225.5,118.5,81,19.25,54.5,13.75,35.25,19.25,13.75,1889.5,0,112.5,0,0,1182.25,0,56.25,0,0,56.25,1182.25,1182.25,0,56.25,0,0,56.25,1182.25,651.5,0,26,0,0,26,651.5,1.75,0,1.5,0,0,1.5,1.75,1833.75,0,82.25,0,0,82.25,1833.75,530.75,0,30.25,0,0,30.25,530.75,520.25,1707.5,714.5
"34",44,549.571428571429,2,186.571428571429,152,0,211,64.2666666666667,89.0714285714286,0,59.5666666666667,87.3595238095238,89.0714285714286,59.5666666666667,61.5714285714286,93.0714285714286,0,57.5,80.4285714285714,93.0714285714286,57.5,31.8275488365723,11.724514486366,0,19.3134794600004,43.18273817394,11.724514486366,19.3134794600004,2.28571428571429,1.71428571428571,0,3.71428571428571,3.71428571428571,1.71428571428571,3.71428571428571,109.571428571429,100.142857142857,0,87.1428571428571,152.571428571429,100.142857142857,87.1428571428571,29.8571428571429,74,0,38.2857142857143,39.7142857142857,74,38.2857142857143,465.714285714286,0,83.8571428571429,0,0,465.714285714286,0,83.8571428571429,0,0,83.8571428571429,465.714285714286,465.714285714286,0,83.8571428571429,0,0,83.8571428571429,465.714285714286,0,0,0,0,0,0,0,0.857142857142857,0,0.571428571428571,0,0,0.571428571428571,0.857142857142857,465.714285714286,0,83.8571428571429,0,0,83.8571428571429,465.714285714286,465.714285714286,0,83.8571428571429,0,0,83.8571428571429,465.714285714286,152,338.571428571429,363
"35",45,810.555555555556,2,138.444444444444,79.6666666666667,323.666666666667,268.777777777778,46.9365079365079,23.3555555555556,77.9685185185185,57.6462962962963,89.2997354497355,68.2512345679012,178.948412698413,45.7777777777778,23.3888888888889,54.2777777777778,51.1666666666667,56.2222222222222,45,152.722222222222,15.7716333886109,5.98350238134751,52.9278095572572,27.334337583767,75.1311355558994,53.6093259076751,65.6717388957577,2.66666666666667,1.77777777777778,3.77777777777778,5.22222222222222,5.55555555555556,4.88888888888889,4.88888888888889,69.7777777777778,31.6666666666667,158.444444444444,103.777777777778,219.555555555556,166.222222222222,304,27.5555555555556,15.6666666666667,29.8888888888889,28.2222222222222,16.1111111111111,20.5555555555556,117.333333333333,665.333333333333,0,145.222222222222,0,0,434.651851851852,0,72.0648148148148,0,0,72.0648148148148,434.651851851852,392.444444444444,0,67.1666666666667,0,0,67.1666666666667,392.444444444444,135.747256280099,0,23.3221365004628,0,0,23.3221365004628,135.747256280099,2,0,1.55555555555556,0,0,1.55555555555556,2,600.555555555556,0,105.111111111111,0,0,105.111111111111,600.555555555556,313.444444444444,0,49.5555555555556,0,0,49.5555555555556,313.444444444444,403.333333333333,541.777777777778,348.444444444444
"36",47,771.428571428571,2,71.8571428571429,49.4285714285714,333.714285714286,316.428571428571,39.9285714285714,27.0357142857143,70.5059523809524,62.5063492063492,98.2206349206349,83.8952380952381,210.080952380952,39.9285714285714,26.7142857142857,69.2857142857143,46.3571428571429,84.4285714285714,72.4285714285714,191.642857142857,14.3571428571429,3.37385041156365,32.7571811623491,39.4502975682649,62.5982459101628,45.5914309674623,127.396761554515,1.57142857142857,1.42857142857143,4.71428571428571,4.57142857142857,5.28571428571429,4.71428571428571,3.14285714285714,54.2857142857143,31.2857142857143,124,134.714285714286,203.714285714286,165.285714285714,374.571428571429,25.5714285714286,23.4285714285714,28.2857142857143,26.2857142857143,36.4285714285714,41.7142857142857,88.1428571428571,682.571428571429,0,88.8571428571429,0,0,594.428571428571,0,88.8571428571429,0,0,88.8571428571429,594.428571428571,594.428571428571,0,88.8571428571429,0,0,88.8571428571429,594.428571428571,87.5714285714286,0,0,0,0,0,87.5714285714286,1.14285714285714,0,0.571428571428571,0,0,0.571428571428571,1.14285714285714,682,0,88.8571428571429,0,0,88.8571428571429,682,506.857142857143,0,88.8571428571429,0,0,88.8571428571429,506.857142857143,383.142857142857,455,365.857142857143
"37",48,674.375,2,47.125,99.125,58,470.125,21.8541666666667,26.35625,17.6583333333333,80.0177083333333,34.1777777777778,28.0442640692641,129.561805555556,22.1875,23.3125,14.5625,69.0625,26.1875,23.8125,111.875,6.30971912892465,11.4051132047014,7.685242702136,58.4331156560481,21.3805921240465,13.9537153270339,80.176237164123,1.25,3.5,3,6.375,6.125,5.375,4.625,28.25,44.25,30.75,175.75,74,54,243.125,15.125,15.375,11.375,20.375,13.375,13.375,50.75,565.875,0,108.5,0,0,538.125,0,108.5,0,0,108.5,538.125,538.125,0,108.5,0,0,108.5,538.125,15.625,0,0,0,0,0,15.625,1.125,0,0.75,0,0,0.75,1.125,553.75,0,108.5,0,0,108.5,553.75,522.5,0,108.5,0,0,108.5,522.5,157.125,204.25,569.25
"38",49,975.857142857143,2,11.7142857142857,830.428571428571,12.1428571428571,121.571428571429,11.7142857142857,241.255952380952,7.42857142857143,34.9727891156463,246.720238095238,243.791666666667,37.5085034013605,11.7142857142857,202.5,7.42857142857143,32.3571428571429,203.857142857143,203.857142857143,33.7142857142857,0,161.524051775811,1,13.9371014833062,162.672174690773,158.810940076938,15.0728372388528,0.142857142857143,4.14285714285714,0.428571428571429,4,4.14285714285714,4.14285714285714,4,11.7142857142857,451.714285714286,8.42857142857143,55.8571428571429,463.428571428571,451.714285714286,64.1428571428571,11.7142857142857,77.8571428571429,6.42857142857143,21.1428571428571,84.2857142857143,84.2857142857143,23.8571428571429,950,0,25.8571428571429,0,0,875.642857142857,0,25.8571428571429,0,0,25.8571428571429,875.642857142857,875.642857142857,0,25.8571428571429,0,0,25.8571428571429,875.642857142857,68.6428571428571,0,0,0,0,0,68.6428571428571,1.14285714285714,0,0.571428571428571,0,0,0.571428571428571,1.14285714285714,944.285714285714,0,25.8571428571429,0,0,25.8571428571429,944.285714285714,807,0,25.8571428571429,0,0,25.8571428571429,807,842.571428571429,854.285714285714,952
"39",50,888.777777777778,2,589.777777777778,75.8888888888889,23.3333333333333,199.777777777778,176.012169312169,34.037037037037,15.1666666666667,73.8888888888889,172.230158730159,37.875,82.5481481481481,113.888888888889,33.8333333333333,15.1666666666667,65.4444444444444,78.7222222222222,36.1666666666667,78.7777777777778,131.266990660162,19.5892804249595,4.72222222222222,34.9954327557117,184.101955614715,22.2629524077065,35.877294954678,3.44444444444444,1.66666666666667,0.444444444444444,3.11111111111111,3.88888888888889,2.11111111111111,2.77777777777778,399.555555555556,54.5555555555556,19.8888888888889,120,465.222222222222,66.1111111111111,125.888888888889,77.2222222222222,14.4444444444444,10.4444444444444,40.6666666666667,34.1111111111111,16.6666666666667,44.5555555555556,794,0,94.7777777777778,0,0,508.444444444444,0,84.9444444444444,0,0,84.9444444444444,508.444444444444,458.444444444444,0,84.9444444444444,0,0,84.9444444444444,458.444444444444,202.00837700734,0,1.61111111111111,0,0,1.61111111111111,202.00837700734,1.55555555555556,0,1.11111111111111,0,0,1.11111111111111,1.55555555555556,744.777777777778,0,86.5555555555556,0,0,86.5555555555556,744.777777777778,322.111111111111,0,83.3333333333333,0,0,83.3333333333333,322.111111111111,99.2222222222222,689,275.666666666667
"40",51,888.888888888889,2,161.777777777778,124.555555555556,279.555555555556,323,44.6462962962963,44.2962962962963,52.4462081128748,65.1002645502646,105.502380952381,72.7767195767196,165.788888888889,41.9444444444444,42.2222222222222,46.6111111111111,57.6111111111111,75.7777777777778,50.7777777777778,125.944444444444,23.8706301724813,18.0144422376656,29.240572240775,50.9279201922098,85.0090114355933,57.0938193062469,108.052981825477,3.33333333333333,2.33333333333333,4.55555555555556,5.77777777777778,5.55555555555556,5.33333333333333,4.22222222222222,77.1111111111111,67.2222222222222,101.666666666667,146.222222222222,246.444444444444,172.444444444444,333.111111111111,19.2222222222222,23.5555555555556,19.2222222222222,14.3333333333333,21.5555555555556,18.5555555555556,64.3333333333333,705,0,183.888888888889,0,0,421.722222222222,0,183.888888888889,0,0,183.888888888889,421.722222222222,421.722222222222,0,183.888888888889,0,0,183.888888888889,421.722222222222,254.611111111111,0,0,0,0,0,254.611111111111,1.77777777777778,0,0.888888888888889,0,0,0.888888888888889,1.77777777777778,676.333333333333,0,183.888888888889,0,0,183.888888888889,676.333333333333,167.111111111111,0,183.888888888889,0,0,183.888888888889,167.111111111111,404.111111111111,565.888888888889,447.555555555556
"41",52,917.714285714286,2,188,130.142857142857,267,332.571428571429,96.7925170068027,40.0333333333333,46.9521645021645,39.7490842490842,72.5255102040816,58.569696969697,93.5063492063492,97.5,38.8571428571429,31.4285714285714,28.3571428571429,52.6428571428571,44,63.5,16.407859874404,16.9686745075205,39.0336089857171,30.9697008537016,53.0136619325926,42.0941669529691,87.4187999780616,2.57142857142857,3.14285714285714,5.14285714285714,8.42857142857143,8.28571428571429,6.71428571428571,6,117.857142857143,61.5714285714286,132,96.7142857142857,186.285714285714,152.714285714286,265.857142857143,76.1428571428571,20.5714285714286,18.4285714285714,8.42857142857143,23.8571428571429,21.5714285714286,17.5714285714286,758.714285714286,0,159,0,0,421.261904761905,0,77.7619047619048,0,0,77.7619047619048,421.261904761905,396.642857142857,0,78.2857142857143,0,0,78.2857142857143,396.642857142857,150.674865766823,0,28.4852193057886,0,0,28.4852193057886,150.674865766823,2.14285714285714,0,2.14285714285714,0,0,2.14285714285714,2.14285714285714,604.714285714286,0,108.285714285714,0,0,108.285714285714,604.714285714286,262.428571428571,0,46.7142857142857,0,0,46.7142857142857,262.428571428571,397.142857142857,585.142857142857,462.714285714286
"42",53,955.857142857143,2,175,388.428571428571,3.85714285714286,388.571428571429,47.0452380952381,84.5659340659341,1.92857142857143,83.3418367346939,112.681405895692,84.8626373626374,82.85,38.1428571428571,73.2142857142857,1.92857142857143,74.5,101.357142857143,73.2142857142857,70.1428571428571,40.1096286504718,28.9364386221751,0.214285714285714,27.8298501113553,50.1889407780215,28.8650024566388,27.8975850564198,2.14285714285714,5.42857142857143,0.285714285714286,5.57142857142857,5.42857142857143,5.42857142857143,5.71428571428571,114.857142857143,129.714285714286,2.14285714285714,138.142857142857,229.714285714286,129.714285714286,138.142857142857,15.5714285714286,54,1.71428571428571,54.2857142857143,67.4285714285714,54,53.8571428571429,753.285714285714,0,202.571428571429,0,0,466.452380952381,0,166.190476190476,0,0,166.190476190476,466.452380952381,466.785714285714,0,168.428571428571,0,0,168.428571428571,466.785714285714,53.8591704363368,0,10.0977085925898,0,0,10.0977085925898,53.8591704363368,1.42857142857143,0,1.28571428571429,0,0,1.28571428571429,1.42857142857143,520.857142857143,0,177.285714285714,0,0,177.285714285714,520.857142857143,411.714285714286,0,152.857142857143,0,0,152.857142857143,411.714285714286,392.285714285714,567.285714285714,777
"43",54,966.875,2,104.5,222,173.625,466.75,31.7604166666667,54.6770833333333,31.9813186813187,60.9501420454545,81.2147321428571,65.5810267857143,112.32987012987,24.125,47.5625,22.6875,47.5625,62.5,54.5625,97.375,16.5325674824915,28.0365000773991,24.2561285706816,42.0225320840013,60.5385989599359,42.4685343579492,67.7535126897626,2.125,3.875,5.625,7.5,7,6.75,5.875,55.25,98.25,76.125,140.125,189.75,137.75,218.75,17.75,28.875,9.75,17.5,23,20.25,37,859.5,0,107.375,0,0,728.166666666667,0,82.6875,0,0,82.6875,728.166666666667,727.625,0,82.6875,0,0,82.6875,727.625,79.6634925768334,0,10.1875,0,0,10.1875,79.6634925768334,1.375,0,1.125,0,0,1.125,1.375,809.5,0,92.875,0,0,92.875,809.5,647.375,0,72.5,0,0,72.5,647.375,395.625,500.125,688.75
"44",55,709.8,2,161.7,19.7,254.9,273.5,62.7416666666667,17.7666666666667,74.3522222222222,50.4313095238095,122.127579365079,102.065079365079,157.685476190476,58.35,17.7,50.65,43.65,107.3,76.7,147.6,22.7915624844865,0.0942809041582063,56.7284071891059,25.5798088864453,56.7450929105689,47.6971217268187,82.8705559108795,2.3,0.9,3.4,4.7,4.6,3.5,3.6,94.5,17.9,161.9,101.9,217.2,183.1,273.6,40,17.7,29.4,25.4,67.8,65.7,74.1,487.2,0,222.6,0,0,349.833333333333,0,122.96,0,0,122.96,349.833333333333,350.85,0,116.6,0,0,116.6,350.85,50.3763398216754,0,31.8826961760645,0,0,31.8826961760645,50.3763398216754,2,0,1.7,0,0,1.7,2,402,0,167.7,0,0,167.7,402,295.5,0,95.7,0,0,95.7,295.5,274.6,436.3,293.2
"45",56,2463.33333333333,2,867.666666666667,669.333333333333,404.666666666667,521.666666666667,58.9708812260536,61.5916666666667,32.9566666666667,28.2220801364024,91.4949074074074,71.5717171717172,41.9300831443689,43.3333333333333,50.8333333333333,21.5,18.3333333333333,71.5,56,20.6666666666667,41.1855077354544,31.0824206513001,27.2382382477916,21.4607649185163,81.4430292058874,37.4736987723232,38.4596033048544,15,11.3333333333333,11.3333333333333,22,21,16.3333333333333,23.3333333333333,186.666666666667,153.666666666667,111.333333333333,73,358.333333333333,168.333333333333,145.666666666667,23.6666666666667,33.3333333333333,12.3333333333333,9.66666666666667,23.6666666666667,36,11,2463.33333333333,0,0,0,0,2463.33333333333,0,0,0,0,0,2463.33333333333,2463.33333333333,0,0,0,0,0,2463.33333333333,0,0,0,0,0,0,0,1,0,0,0,0,0,1,2463.33333333333,0,0,0,0,0,2463.33333333333,2463.33333333333,0,0,0,0,0,2463.33333333333,1074,1941.66666666667,1191
"46",57,1141.57142857143,2,387.857142857143,112.857142857143,167.571428571429,473.285714285714,108.566666666667,66.9523809523809,41.8571428571429,131.497619047619,144.567176870748,51.3047619047619,164.880952380952,100.857142857143,61.8571428571429,30.2142857142857,118.214285714286,98.4285714285714,30.7857142857143,130.214285714286,67.1828578778489,17.259455741681,34.1722956609922,60.7914472917182,130.253357762,47.776167830677,98.4049213172116,3.71428571428571,1.14285714285714,2.71428571428571,4.14285714285714,4.57142857142857,3.42857142857143,4.14285714285714,203.571428571429,89.2857142857143,101.285714285714,220.285714285714,386,150.285714285714,310.142857142857,37.7142857142857,49.7142857142857,16,67.5714285714286,36.4285714285714,15.1428571428571,68.1428571428571,1089.14285714286,0,52.4285714285714,0,0,816.5,0,52.4285714285714,0,0,52.4285714285714,816.5,816.5,0,52.4285714285714,0,0,52.4285714285714,816.5,226.214285714286,0,0,0,0,0,226.214285714286,1.57142857142857,0,1,0,0,1,1.57142857142857,1042.71428571429,0,52.4285714285714,0,0,52.4285714285714,1042.71428571429,590.285714285714,0,52.4285714285714,0,0,52.4285714285714,590.285714285714,280.428571428571,668.285714285714,586.142857142857
"47",58,1286.4,2,424,223.4,35.4,603.6,125.993333333333,85.1666666666667,27.4,105.361471861472,134.243333333333,88.4933333333333,108.771666666667,124,78.3,27.4,79.2,122.4,83.2,86.9,40.5925293530379,29.2668758655695,5.4,68.0173008554652,79.4362898001323,30.0317545497683,71.362044445836,3.8,3.4,0.6,6.2,5.6,3.6,6.2,179,133.8,32.8,229.8,256,136.4,244.4,76.8,55.8,22,42,48.4,55.8,42,1229.8,0,56.6,0,0,1048.3,0,56.6,0,0,56.6,1048.3,1048.3,0,56.6,0,0,56.6,1048.3,171.7,0,0,0,0,0,171.7,1.2,0,0.8,0,0,0.8,1.2,1220,0,56.6,0,0,56.6,1220,876.6,0,56.6,0,0,56.6,876.6,258.8,682.8,827
"48",59,1093,2,160.4,151.4,66.4,714.8,75.15,42.0142857142857,27.84,162.575,74.1762770562771,47.1151515151515,180.246666666667,68,40.5,27.6,159.3,51.2,37,172,36.5907736993462,22.0406064244533,6.26455806409023,109.64833166922,51.2836198280138,24.0526492506451,122.676568521763,2.6,3,2.4,6.4,5.6,4.6,5.6,123,68,35.4,325.4,151.8,85.4,355,41.6,18.2,21,36.2,26,23.4,40,1079,0,14,0,0,1079,0,14,0,0,14,1079,1079,0,14,0,0,14,1079,0,0,0,0,0,0,0,1,0,0.2,0,0,0.2,1,1079,0,14,0,0,14,1079,1079,0,14,0,0,14,1079,217.8,378.2,866.2
"49",60,1242.83333333333,2,292,214.5,18.3333333333333,718,90.9944444444444,70.3333333333333,13.1111111111111,114.650793650794,93.3777777777778,69.4563492063492,138.227182539683,73.4166666666667,69.9166666666667,13.5,73.5833333333333,68.4166666666667,66.4166666666667,104.666666666667,56.5332402344582,35.2508770530225,1.05701653280225,101.979763697564,76.9082117088192,36.2908703054947,127.337859884621,3.16666666666667,2.5,0.833333333333333,6,5.5,3.33333333333333,5.33333333333333,169,114.333333333333,14.1666666666667,334.333333333333,245.666666666667,121,396.666666666667,36.5,29,11.6666666666667,34,28.8333333333333,28.8333333333333,35.8333333333333,1189.5,0,53.3333333333333,0,0,1112,0,53.3333333333333,0,0,53.3333333333333,1112,1112,0,53.3333333333333,0,0,53.3333333333333,1112,68.6666666666667,0,0,0,0,0,68.6666666666667,1.16666666666667,0,0.666666666666667,0,0,0.666666666666667,1.16666666666667,1180.66666666667,0,53.3333333333333,0,0,53.3333333333333,1180.66666666667,1043.33333333333,0,53.3333333333333,0,0,53.3333333333333,1043.33333333333,232.833333333333,524.833333333333,932.5
"50",61,2017,2,1103,300,73.75,540.25,120.556623931624,50.4333333333333,17.7380952380952,40.9006129104813,115.033040935673,43.4464912280702,48.7652777777778,67.5,44.5,14.25,28.25,59.5,31.25,32.125,143.039570466838,33.7337434226258,9.14633234988691,31.8117104125921,135.872960812407,33.1676127328731,37.192633076415,10.25,5.75,3,14.5,15,8.5,12.75,482,125.25,34.25,122.25,512.25,125.25,131.25,12.5,19.75,10.75,14,20.25,15,14,1841.75,0,175.25,0,0,1425.3125,0,75.125,0,0,75.125,1425.3125,1388.125,0,71.375,0,0,71.375,1388.125,120.17102071111,0,16.9212329633511,0,0,16.9212329633511,120.17102071111,1.75,0,1.5,0,0,1.5,1.75,1617.75,0,101.25,0,0,101.25,1617.75,1307.25,0,56.5,0,0,56.5,1307.25,373.75,1476.75,840.25
"51",62,515.75,2,6.16666666666667,311,6.16666666666667,192.416666666667,6.16666666666667,109.422222222222,4.33333333333333,51.7368055555556,109.325,110.658333333333,53.0951388888889,6.16666666666667,101.875,4.33333333333333,45.25,100.375,103.833333333333,45.4166666666667,0,41.7193367217288,0.416666666666667,22.7609171084809,40.3896898541823,41.2462755590925,23.6926155762362,0.25,3.83333333333333,0.25,3.75,4,3.83333333333333,3.75,6.16666666666667,171.416666666667,4.75,85.6666666666667,171.416666666667,171.416666666667,88.1666666666667,6.16666666666667,66.3333333333333,3.91666666666667,28.5,67.3333333333333,67.3333333333333,29.5,335.916666666667,0,179.833333333333,0,0,145.368055555556,0,85.0763888888889,0,0,85.0763888888889,145.368055555556,123.041666666667,0,75.9583333333333,0,0,75.9583333333333,123.041666666667,53.4779091191119,0,32.8788595454475,0,0,32.8788595454475,53.4779091191119,2.58333333333333,0,2.33333333333333,0,0,2.33333333333333,2.58333333333333,217,0,129.25,0,0,129.25,217,97.0833333333333,0,55.4166666666667,0,0,55.4166666666667,97.0833333333333,317.166666666667,323.333333333333,503.416666666667
"52",63,696.727272727273,2,164.727272727273,46.8181818181818,257.727272727273,227.454545454545,53.1045454545455,20.6818181818182,81.5348484848485,50.7287878787879,89.4034435261708,81.3343434343434,152.033116883117,49.1363636363636,17.9545454545455,68.5,41.3181818181818,80.0454545454545,66.7727272727273,115.318181818182,22.7542797078406,9.49280165483522,51.2171184876194,33.7917502546896,56.9664244782975,50.8038712031384,102.85233411889,2.81818181818182,0.636363636363636,3.18181818181818,4.72727272727273,5.09090909090909,3.81818181818182,3.54545454545455,84.0909090909091,34.6363636363636,152.272727272727,99.6363636363636,181.090909090909,156.181818181818,322.090909090909,27.0909090909091,12.1818181818182,30,16.1818181818182,24.2727272727273,29.7272727272727,66.4545454545455,509.454545454545,0,187.272727272727,0,0,358.727272727273,0,187.272727272727,0,0,187.272727272727,358.727272727273,358.727272727273,0,187.272727272727,0,0,187.272727272727,358.727272727273,130.727272727273,0,0,0,0,0,130.727272727273,1.63636363636364,0,0.909090909090909,0,0,0.909090909090909,1.63636363636364,489.454545454545,0,187.272727272727,0,0,187.272727272727,489.454545454545,228,0,187.272727272727,0,0,187.272727272727,228,304.545454545455,469.272727272727,274.272727272727
"53",64,1377,2,1099.66666666667,2.66666666666667,35.5,239.166666666667,226.311507936508,2.66666666666667,9.52777777777778,52.6972222222222,230.327380952381,9.26190476190476,59.3083333333333,166.833333333333,2.66666666666667,9.41666666666667,27.3333333333333,160.75,8.16666666666667,32.75,219.536172634582,0,3.70776547555707,54.1503832861559,227.596274937014,3.64523677395446,59.9365880764329,5,0.166666666666667,1.5,4.66666666666667,5.16666666666667,1.66666666666667,4.66666666666667,620.833333333333,2.66666666666667,14.6666666666667,151.166666666667,642.833333333333,14.6666666666667,170.5,22.6666666666667,2.66666666666667,5.66666666666667,13.8333333333333,21.5,5.66666666666667,13.8333333333333,1268.5,0,108.5,0,0,953.583333333333,0,90.0833333333333,0,0,90.0833333333333,953.583333333333,906.083333333333,0,90.0833333333333,0,0,90.0833333333333,906.083333333333,254.725384967196,0,12.4166666666667,0,0,12.4166666666667,254.725384967196,1.66666666666667,0,1,0,0,1,1.66666666666667,1237.33333333333,0,102.5,0,0,102.5,1237.33333333333,717.333333333333,0,77.6666666666667,0,0,77.6666666666667,717.333333333333,38.1666666666667,1137.83333333333,241.833333333333
"54",65,899.5,2,186.625,22,55.875,635,79.8666666666667,12.9375,17.6428571428571,155.177655677656,85.6316391941392,20.828125,239.6875,77.5625,12.3125,17.5,126.375,77.125,19.9375,206.5625,25.9723291144448,2.37667937970335,5.18422594525027,92.2211506316554,28.6529415313713,7.52468009529181,107.153134761918,2.625,0.875,1.625,4.75,4.5,2.375,3.25,116.125,16,25,291.375,129.375,32.375,408.625,52.375,10.5,11.625,64.5,56.75,12.125,133,700.5,0,199,0,0,245.880357142857,0,103.583333333333,0,0,103.583333333333,245.880357142857,221.4375,0,102.375,0,0,102.375,221.4375,98.2509157758226,0,14.0981606780776,0,0,14.0981606780776,98.2509157758226,3,0,2.25,0,0,2.25,3,381,0,123,0,0,123,381,144.5,0,87.25,0,0,87.25,144.5,77.875,264.5,657
"55",66,1088,2,203.714285714286,475.714285714286,44.2857142857143,364.285714285714,30.3959183673469,67.4433673469388,14.2380952380952,33.0400412602459,76.5220779220779,65.5516106442577,36.1781179138322,26.7857142857143,59.2142857142857,13.5,26.3571428571429,55.8571428571429,57.1428571428571,27.2857142857143,16.2133172261169,47.6239354366488,3.57087704717142,23.832375306078,68.3506837752213,48.3019367781494,24.5923394397373,6.28571428571429,7.42857142857143,2,10.4285714285714,10.5714285714286,8.42857142857143,10.7142857142857,60.1428571428571,162,20.7142857142857,89,224.571428571429,162,91.1428571428571,12.5714285714286,15.1428571428571,10.4285714285714,8,9.42857142857143,11.7142857142857,9.42857142857143,1001.85714285714,0,86.1428571428571,0,0,693.02380952381,0,71.7857142857143,0,0,71.7857142857143,693.02380952381,643.642857142857,0,71.7857142857143,0,0,71.7857142857143,643.642857142857,211.781583357113,0,9.21428571428571,0,0,9.21428571428571,211.781583357113,1.71428571428571,0,1,0,0,1,1.71428571428571,942.428571428571,0,81,0,0,81,942.428571428571,493,0,62.5714285714286,0,0,62.5714285714286,493,520,723.714285714286,840
"56",67,1640,2,463.4,231.4,646.4,298.8,71.3444444444444,52.7157142857143,80.1066666666667,31.9674458874459,139.618354978355,85.939010989011,133.752272727273,54.7,50.9,59.9,27.6,81.7,65.2,117.1,44.4207604762242,28.9444726891179,51.9700452309421,21.275705816424,117.452094160483,64.0215545823048,104.692467309759,5.8,3.8,8.2,9,9.2,9.8,8.2,176.6,96.8,186,85,356.8,211.2,350.2,33.8,17.8,26,11.4,26.2,15,28.2,1637.8,0,2.2,0,0,1637.8,0,2.2,0,0,2.2,1637.8,1637.8,0,2.2,0,0,2.2,1637.8,0,0,0,0,0,0,0,1,0,0.2,0,0,0.2,1,1637.8,0,2.2,0,0,2.2,1637.8,1637.8,0,2.2,0,0,2.2,1637.8,877.8,1341.2,530.2
"57",68,1160.83333333333,2,475.166666666667,173.833333333333,214.833333333333,297,76.1674242424242,40.8472222222222,133.011111111111,55.1722222222222,162.724747474747,101.708333333333,111.5,66.5833333333333,37.75,134.5,45.8333333333333,100.083333333333,97.4166666666667,69.6666666666667,50.8316833164015,21.992737099677,16.093620394141,35.9998250907829,143.206994498977,76.8698465651737,102.028500457915,5,4,2.16666666666667,5.83333333333333,6,5.16666666666667,6.5,172.666666666667,71.1666666666667,151.666666666667,119.166666666667,384.333333333333,195,273.833333333333,22.1666666666667,17.3333333333333,112.666666666667,19.5,26,19,25.5,1014.33333333333,0,146.5,0,0,798.166666666667,0,146.5,0,0,146.5,798.166666666667,798.166666666667,0,146.5,0,0,146.5,798.166666666667,199.833333333333,0,0,0,0,0,199.833333333333,1.5,0,0.833333333333333,0,0,0.833333333333333,1.5,998,0,146.5,0,0,146.5,998,598.333333333333,0,146.5,0,0,146.5,598.333333333333,388.666666666667,863.833333333333,470.833333333333
"58",69,641.5,2,194.166666666667,64.4166666666667,332.833333333333,50.0833333333333,35.5291666666667,35.8888888888889,68.4676587301587,18.3032407407407,269.784259259259,77.9055194805195,86.3261183261183,28.2916666666667,36.0833333333333,52.8333333333333,16.2916666666667,240.25,61.5833333333333,67.5,23.8798922694949,9.81179968263323,46.9838529695321,9.2744361805317,123.413144438051,53.9747754777083,59.2143531244309,4.66666666666667,1.58333333333333,5.08333333333333,2.83333333333333,3.41666666666667,5.33333333333333,4.83333333333333,83.0833333333333,46.3333333333333,150,29.8333333333333,436.916666666667,167.166666666667,184.666666666667,13.25,25.25,22.3333333333333,9.58333333333333,151.833333333333,23.0833333333333,27.0833333333333,584.25,0,57.25,0,0,288.25,0,43.4583333333333,0,0,43.4583333333333,288.25,214.916666666667,0,43.4583333333333,0,0,43.4583333333333,214.916666666667,201.667657563381,0,7.625,0,0,7.625,201.667657563381,2.25,0,1.33333333333333,0,0,1.33333333333333,2.25,534.666666666667,0,51.0833333333333,0,0,51.0833333333333,534.666666666667,115.166666666667,0,35.8333333333333,0,0,35.8333333333333,115.166666666667,397.25,591.416666666667,114.5
"59",70,952,2,53.75,34.5,606.875,256.875,25.6875,22.8125,101.132692307692,35.3544117647059,111.011521464646,104.320833333333,405.333333333333,26.5,22.8125,84.6875,29.6875,95.6875,85.5,383.4375,3.13582271328606,4.5625,68.4765519827257,23.5331564864182,74.9654379094256,72.0848430342571,180.665120435596,1,0.625,6.875,6.625,6.75,6.875,2.5,29.125,27.375,219.75,80.625,234.75,229.125,648.5,20.625,18.25,28.5,12.25,26.375,27.5,210.875,861.625,0,90.375,0,0,595.5,0,67.5625,0,0,67.5625,595.5,586.125,0,67.5625,0,0,67.5625,586.125,207.861317766933,0,3.8125,0,0,3.8125,207.861317766933,1.75,0,1.25,0,0,1.25,1.75,812.5,0,71.375,0,0,71.375,812.5,387.875,0,63.75,0,0,63.75,387.875,641.375,695.125,291.375
"60",71,1482.4,2,48.4,289.2,536.8,608,13.3,58.35,43.9404761904762,51.2789592760181,69.2623680241327,65.4405982905983,238.126666666667,13.6,52.5,31.6,39.9,44.9,46.3,205.7,5.98915686887562,36.1565581499363,34.1330082910021,33.505301284401,67.4666554208773,54.1094872910641,157.774311551623,1,4.8,11.6,12.2,12.2,12.4,5.2,21.4,112.2,123.8,132.8,245.2,180.4,488.6,4.6,20.6,10.2,18.4,11.2,12.2,67.2,1464.6,0,17.8,0,0,1464.6,0,17.8,0,0,17.8,1464.6,1464.6,0,17.8,0,0,17.8,1464.6,0,0,0,0,0,0,0,1,0,0.6,0,0,0.6,1,1464.6,0,17.8,0,0,17.8,1464.6,1464.6,0,17.8,0,0,17.8,1464.6,826,874.4,897.2
"61",72,1022,2,263.5,298.375,15.625,444.5,55.2802083333333,74.9583333333333,9.54166666666667,71.2425213675214,90.289155982906,74.5222853535354,71.6131868131868,51.1875,75.125,9.125,64.4375,83.6875,77.875,62.6875,23.1932222531568,29.9341823916693,0.772801541291309,45.700004471154,52.5225000725494,31.710936882148,46.1373091576212,4,4.625,0.75,7.125,7,4.875,7.25,89.625,116,10.625,151.5,183.5,116,154.125,27.625,39,8.875,22.5,35.5,36.75,22.5,917,0,105,0,0,635.375,0,96.9375,0,0,96.9375,635.375,635.375,0,96.9375,0,0,96.9375,635.375,238.625,0,3.1875,0,0,3.1875,238.625,1.5,0,0.75,0,0,0.75,1.5,874,0,100.125,0,0,100.125,874,396.75,0,93.75,0,0,93.75,396.75,314,577.5,742.875
"62",73,1482,2,138.8,11,519.4,812.8,22.325,8.8,98.1452380952381,80.9219444444444,78.5255952380952,91.7688888888889,217.896666666667,18.8,8.8,76.7,50.3,52.2,66.1,127.2,8.76659434206676,0.2,65.4195977915452,72.200916155647,71.2573146695387,69.2401580955227,213.387594774671,5.4,1,7,10.6,10.6,7.4,7.2,37.4,9,205.4,232.4,225.2,205.4,569,12.2,8.6,30,11.6,11.8,14.6,23.8,1474.8,0,7.2,0,0,1474.8,0,7.2,0,0,7.2,1474.8,1474.8,0,7.2,0,0,7.2,1474.8,0,0,0,0,0,0,0,1,0,0.4,0,0,0.4,1,1474.8,0,7.2,0,0,7.2,1474.8,1474.8,0,7.2,0,0,7.2,1474.8,530.4,669.2,823.8
"63",74,801.6,2,28.2,55.6,52.7,665.1,12.85,29.3333333333333,22.1833333333333,242.872222222222,40.9,42.0616666666667,352.783333333333,12.6,28.1,21.15,204.85,41.2,41.45,304.85,2.90124921972504,5.29682600433371,9.86809219670593,112.260836314097,16.2050431864147,13.0854201254672,115.377586305108,1,1.2,1.7,3.8,3.2,2.5,2.9,16.2,36.3,34.4,408.4,63.8,58.3,521.8,9.7,23.6,11.9,147.1,21.3,26.1,252.7,680.5,0,121.1,0,0,272.625,0,74.9666666666667,0,0,74.9666666666667,272.625,188.8,0,74.9,0,0,74.9,188.8,233.369112310675,0,20.3081198561234,0,0,20.3081198561234,233.369112310675,2.6,0,1.7,0,0,1.7,2.6,595.9,0,96.4,0,0,96.4,595.9,80.8,0,53.6,0,0,53.6,80.8,108.3,136.5,720.7
"64",75,995.428571428571,2,159.714285714286,149.142857142857,324.285714285714,362.285714285714,52.0666666666667,65.5047619047619,50.9059523809524,52.7065759637188,104.737755102041,80.9625850340136,130.419387755102,48.5714285714286,54.7142857142857,29.4285714285714,44.7857142857143,88.8571428571429,70.8571428571429,92.8571428571429,16.1695924652571,20.1302242137619,37.9125801684903,34.0131849449588,62.0229407338756,54.0281377592192,113.38996960729,2.57142857142857,2.57142857142857,4.85714285714286,6.14285714285714,6.28571428571429,5.42857142857143,4.71428571428571,74.1428571428571,96,128.428571428571,115,211.428571428571,175.428571428571,328.285714285714,35.4285714285714,48.1428571428571,21,17,33.2857142857143,23.7142857142857,23.5714285714286,785.714285714286,0,209.714285714286,0,0,714.142857142857,0,183.857142857143,0,0,183.857142857143,714.142857142857,714.142857142857,0,183.857142857143,0,0,183.857142857143,714.142857142857,58.8571428571429,0,2.71428571428571,0,0,2.71428571428571,58.8571428571429,1.14285714285714,0,1,0,0,1,1.14285714285714,773,0,186.571428571429,0,0,186.571428571429,773,655.285714285714,0,181.142857142857,0,0,181.142857142857,655.285714285714,473.428571428571,633.142857142857,511.428571428571
"65",77,1006.57142857143,2,84.2857142857143,243.285714285714,34.7142857142857,644.285714285714,42.9523809523809,43.6393939393939,19.6428571428571,168.097041847042,60.6314677386106,47.6036796536797,183.521645021645,43.0714285714286,43,19.6428571428571,155.928571428571,58.1428571428571,42.4285714285714,177,4.91372374983268,24.4748965621918,5.92857142857143,57.3914553210701,35.7885793582166,26.9666098320443,65.0431822188556,2,4.71428571428571,1.14285714285714,5.57142857142857,6,5.14285714285714,5.28571428571429,48.8571428571429,80.8571428571429,25.5714285714286,270.428571428571,113.428571428571,90.4285714285714,293,37,13.4285714285714,13.7142857142857,109.428571428571,18.5714285714286,15.4285714285714,111.428571428571,978.142857142857,0,28.4285714285714,0,0,763,0,26,0,0,26,763,763,0,26,0,0,26,763,199.714285714286,0,1.85714285714286,0,0,1.85714285714286,199.714285714286,1.42857142857143,0,0.714285714285714,0,0,0.714285714285714,1.42857142857143,962.714285714286,0,27.8571428571429,0,0,27.8571428571429,962.714285714286,563.285714285714,0,24.1428571428571,0,0,24.1428571428571,563.285714285714,278,362.285714285714,887.571428571429
"66",78,705.090909090909,2,139.545454545455,99.5454545454545,21.4545454545455,444.545454545455,43.5909090909091,42.4242424242424,15.6969696969697,107.875,57.5922799422799,43.3636363636364,109.3420995671,37.2272727272727,37.0454545454545,15.1818181818182,79.5454545454545,48.5909090909091,37.6363636363636,80.9090909090909,22.7199831695116,21.1766818235617,1.17859904263021,68.129686536473,33.423361343851,20.8836604044965,71.2698143840565,3,2.09090909090909,1,4.72727272727273,4.27272727272727,2.45454545454545,4.90909090909091,74.6363636363636,69.1818181818182,17.2727272727273,229.272727272727,113.090909090909,73.6363636363636,241,20.5454545454545,23.1818181818182,14.6363636363636,48,24.0909090909091,23.3636363636364,46.4545454545455,634.363636363636,0,70.7272727272727,0,0,534.318181818182,0,70.7272727272727,0,0,70.7272727272727,534.318181818182,534.318181818182,0,70.7272727272727,0,0,70.7272727272727,534.318181818182,95.7727272727273,0,0,0,0,0,95.7727272727273,1.27272727272727,0,0.818181818181818,0,0,0.818181818181818,1.27272727272727,630.090909090909,0,70.7272727272727,0,0,70.7272727272727,630.090909090909,438.545454545455,0,70.7272727272727,0,0,70.7272727272727,438.545454545455,121,260.545454545455,544.090909090909
"67",79,564.090909090909,2,398.727272727273,7.18181818181818,14.8181818181818,143.363636363636,187.666666666667,3.63636363636364,9.83333333333333,69.7348484848485,204.502164502165,13.469696969697,93.8318181818182,173.818181818182,3.63636363636364,8.95454545454546,67.2727272727273,187.363636363636,12.5909090909091,92.9545454545455,57.4728668772835,1.45454545454545,2.71669387941766,21.6526877372674,84.0711544215157,4.17123933396312,16.1605461548637,2.45454545454545,0.272727272727273,0.727272727272727,2.54545454545455,3,1,2,273.636363636364,5.09090909090909,13.0909090909091,97.5454545454545,326.454545454545,18.1818181818182,113.727272727273,136.727272727273,2.18181818181818,7.45454545454545,47.9090909090909,124.636363636364,9.63636363636364,76.8181818181818,452.363636363636,0,111.727272727273,0,0,297.840909090909,0,71.530303030303,0,0,71.530303030303,297.840909090909,294.227272727273,0,66.0454545454545,0,0,66.0454545454545,294.227272727273,51.680533829088,0,11.6451663251173,0,0,11.6451663251173,51.680533829088,1.81818181818182,0,1.27272727272727,0,0,1.27272727272727,1.81818181818182,355.909090909091,0,86.8181818181818,0,0,86.8181818181818,355.909090909091,246.909090909091,0,61.7272727272727,0,0,61.7272727272727,246.909090909091,22,420.727272727273,150.545454545455
"68",80,1964.5,2,973.75,769.75,87,134,180.130952380952,230.333333333333,23.6,76.7916666666667,566.285714285714,246.125,69.6666666666667,119.75,306.125,23,74.375,563.5,307.875,70.25,162.773943353986,156.322205588692,9.32818310283412,13.2488424649843,516.177134303874,177.001437763425,30.1112007163797,4.25,3,1.5,2.5,3.5,3,3.5,466,373.5,37.5,92.25,1190.5,443,107.25,23.5,16.75,10.25,63.25,25.25,23.25,36.25,1792.5,0,172,0,0,1792.5,0,172,0,0,172,1792.5,1792.5,0,172,0,0,172,1792.5,0,0,0,0,0,0,0,0.75,0,1,0,0,1,0.75,1792.5,0,172,0,0,172,1792.5,1792.5,0,172,0,0,172,1792.5,856.75,1830.5,903.75
