Dyad,Cov,SectionStartTime,GazeID,Start,End,Duration,GazeType,S_Around_Overall_Time,S_Monitor_Overall_Time,S_Keyboard_Overall_Time,S_Face_Overall_Time,S_Around_Mean,S_Monitor_Mean,S_Keyboard_Mean,S_Face_Mean,S_NoFace_Mean,S_CompOnly_Mean,S_Around_Median,S_Monitor_Median,S_Keyboard_Median,S_Face_Median,S_NoFace_Median,S_CompOnly_Median,S_Around_PopularSD,S_Monitor_PopularSD,S_Keyboard_PopularSD,S_Face_PopularSD,S_NoFace_PopularSD,S_CompOnly_PopularSD,S_Around_Frequency,S_Monitor_Frequency,S_Keyboard_Frequency,S_Face_Frequency,S_NoFace_Frequency,S_CompOnly_Frequency,S_Around_Max,S_Monitor_Max,S_Keyboard_Max,S_Face_Max,S_NoFace_Max,S_CompOnly_Max,S_Around_Min,S_Monitor_Min,S_Keyboard_Min,S_Face_Min,S_NoFace_Min,S_CompOnly_Min,SNoSpeak_Overall_Time,STyping_Overall_Time,SSpeaking_Overall_Time,SSSS_Overall_Time,SHovering_Overall_Time,SNoSpeak_Mean,STyping_Mean,SSpeaking_Mean,SSSS_Mean,SHovering_Mean,SSound_Mean,SNoSound_Mean,SNoSpeak_Median,STyping_Median,SSpeaking_Median,SSSS_Median,SHovering_Median,SSound_Median,SNoSound_Median,SNoSpeak_PopularSD,STyping_PopularSD,SSpeaking_PopularSD,SSSS_PopularSD,SHovering_PopularSD,SSound_PopularSD,SNoSound_PopularSD,SNoSpeak_Frequency,STyping_Frequency,SSpeaking_Frequency,SSSS_Frequency,SHovering_Frequency,SSound_Frequency,SNoSound_Frequency,SNoSpeak_Max,STyping_Max,SSpeaking_Max,SSSS_Max,SHovering_Max,SSound_Max,SNoSound_Max,SNoSpeak_Min,STyping_Min,SSpeaking_Min,SSSS_Min,SHovering_Min,SSound_Min,SNoSound_Min,S_Around_Overall_Time,S_Monitor_Overall_Time,S_Keyboard_Overall_Time,S_Face_Overall_Time,S_Around_Mean,S_Monitor_Mean,S_Keyboard_Mean,S_Face_Mean,S_NoFace_Mean,S_CompOnly_Mean,S_Around_Median,S_Monitor_Median,S_Keyboard_Median,S_Face_Median,S_NoFace_Median,S_CompOnly_Median,S_Around_PopularSD,S_Monitor_PopularSD,S_Keyboard_PopularSD,S_Face_PopularSD,S_NoFace_PopularSD,S_CompOnly_PopularSD,S_Around_Frequency,S_Monitor_Frequency,S_Keyboard_Frequency,S_Face_Frequency,S_NoFace_Frequency,S_CompOnly_Frequency,S_Around_Max,S_Monitor_Max,S_Keyboard_Max,S_Face_Max,S_NoFace_Max,S_CompOnly_Max,S_Around_Min,S_Monitor_Min,S_Keyboard_Min,S_Face_Min,S_NoFace_Min,S_CompOnly_Min,SNoSpeak_Overall_Time,STyping_Overall_Time,SSpeaking_Overall_Time,SSSS_Overall_Time,SHovering_Overall_Time,SNoSpeak_Mean,STyping_Mean,SSpeaking_Mean,SSSS_Mean,SHovering_Mean,SSound_Mean,SNoSound_Mean,SNoSpeak_Median,STyping_Median,SSpeaking_Median,SSSS_Median,SHovering_Median,SSound_Median,SNoSound_Median,SNoSpeak_PopularSD,STyping_PopularSD,SSpeaking_PopularSD,SSSS_PopularSD,SHovering_PopularSD,SSound_PopularSD,SNoSound_PopularSD,SNoSpeak_Frequency,STyping_Frequency,SSpeaking_Frequency,SSSS_Frequency,SHovering_Frequency,SSound_Frequency,SNoSound_Frequency,SNoSpeak_Max,STyping_Max,SSpeaking_Max,SSSS_Max,SHovering_Max,SSound_Max,SNoSound_Max,SNoSpeak_Min,STyping_Min,SSpeaking_Min,SSSS_Min,SHovering_Min,SSound_Min,SNoSound_Min
1,1,0,0,0,82,82,5,0.0,0.0,0.0,82.0,0.0,0.0,0.0,82.0,0.0,0.0,0.0,0.0,0.0,82.0,0.0,0.0,0.0,0.0,0.0,0.0,0.0,0.0,0.0,0.0,0.0,1.0,0.0,0.0,0.0,0.0,0.0,82.0,0.0,0.0,0.0,0.0,0.0,82.0,0.0,0.0,82.0,0.0,0.0,0.0,0.0,82.0,0.0,0.0,0.0,0.0,0.0,82.0,82.0,0.0,0.0,0.0,0.0,0.0,82.0,0.0,0.0,0.0,0.0,0.0,0.0,0.0,1.0,0.0,0.0,0.0,0.0,0.0,1.0,82.0,0.0,0.0,0.0,0.0,0.0,82.0,82.0,0.0,0.0,0.0,0.0,0.0,82.0
1,1,0,1,82,142,60,2,24.0,6.0,0.0,30.0,24.0,6.0,0.0,15.0,15.0,6.0,24.0,6.0,0.0,15.0,15.0,6.0,0.0,0.0,0.0,3.0,9.0,0.0,1.0,1.0,0.0,2.0,2.0,1.0,24.0,6.0,0.0,18.0,24.0,6.0,24.0,6.0,0.0,12.0,6.0,6.0,60.0,0.0,0.0,0.0,0.0,60.0,0.0,0.0,0.0,0.0,0.0,60.0,60.0,0.0,0.0,0.0,0.0,0.0,60.0,0.0,0.0,0.0,0.0,0.0,0.0,0.0,1.0,0.0,0.0,0.0,0.0,0.0,1.0,60.0,0.0,0.0,0.0,0.0,0.0,60.0,60.0,0.0,0.0,0.0,0.0,0.0,60.0
1,1,0,2,142,166,24,3,0.0,7.0,0.0,17.0,0.0,7.0,0.0,17.0,7.0,7.0,0.0,7.0,0.0,17.0,7.0,7.0,0.0,0.0,0.0,0.0,0.0,0.0,0.0,1.0,0.0,1.0,1.0,1.0,0.0,7.0,0.0,17.0,7.0,7.0,0.0,7.0,0.0,17.0,7.0,7.0,24.0,0.0,0.0,0.0,0.0,24.0,0.0,0.0,0.0,0.0,0.0,24.0,24.0,0.0,0.0,0.0,0.0,0.0,24.0,0.0,0.0,0.0,0.0,0.0,0.0,0.0,1.0,0.0,0.0,0.0,0.0,0.0,1.0,24.0,0.0,0.0,0.0,0.0,0.0,24.0,24.0,0.0,0.0,0.0,0.0,0.0,24.0
1,1,0,3,166,214,48,1,0.0,0.0,0.0,48.0,0.0,0.0,0.0,48.0,0.0,0.0,0.0,0.0,0.0,48.0,0.0,0.0,0.0,0.0,0.0,0.0,0.0,0.0,0.0,0.0,0.0,1.0,0.0,0.0,0.0,0.0,0.0,48.0,0.0,0.0,0.0,0.0,0.0,48.0,0.0,0.0,26.0,0.0,22.0,0.0,0.0,26.0,0.0,22.0,0.0,0.0,22.0,26.0,26.0,0.0,22.0,0.0,0.0,22.0,26.0,0.0,0.0,0.0,0.0,0.0,0.0,0.0,1.0,0.0,1.0,0.0,0.0,1.0,1.0,26.0,0.0,22.0,0.0,0.0,22.0,26.0,26.0,0.0,22.0,0.0,0.0,22.0,26.0
1,1,0,4,214,235,21,5,0.0,0.0,0.0,21.0,0.0,0.0,0.0,21.0,0.0,0.0,0.0,0.0,0.0,21.0,0.0,0.0,0.0,0.0,0.0,0.0,0.0,0.0,0.0,0.0,0.0,1.0,0.0,0.0,0.0,0.0,0.0,21.0,0.0,0.0,0.0,0.0,0.0,21.0,0.0,0.0,16.0,0.0,5.0,0.0,0.0,16.0,0.0,5.0,0.0,0.0,5.0,16.0,16.0,0.0,5.0,0.0,0.0,5.0,16.0,0.0,0.0,0.0,0.0,0.0,0.0,0.0,1.0,0.0,1.0,0.0,0.0,1.0,1.0,16.0,0.0,5.0,0.0,0.0,5.0,16.0,16.0,0.0,5.0,0.0,0.0,5.0,16.0
1,1,0,5,235,405,170,2,5.0,22.0,0.0,143.0,5.0,11.0,0.0,35.75,9.0,11.0,5.0,11.0,0.0,14.0,5.0,11.0,0.0,6.0,0.0,43.636996917753173,5.6568542494923806,6.0,1.0,2.0,0.0,4.0,3.0,2.0,5.0,17.0,0.0,111.0,17.0,17.0,5.0,5.0,0.0,4.0,5.0,5.0,170.0,0.0,0.0,0.0,0.0,170.0,0.0,0.0,0.0,0.0,0.0,170.0,170.0,0.0,0.0,0.0,0.0,0.0,170.0,0.0,0.0,0.0,0.0,0.0,0.0,0.0,1.0,0.0,0.0,0.0,0.0,0.0,1.0,170.0,0.0,0.0,0.0,0.0,0.0,170.0,170.0,0.0,0.0,0.0,0.0,0.0,170.0
1,1,0,6,405,451,46,3,0.0,0.0,0.0,46.0,0.0,0.0,0.0,46.0,0.0,0.0,0.0,0.0,0.0,46.0,0.0,0.0,0.0,0.0,0.0,0.0,0.0,0.0,0.0,0.0,0.0,1.0,0.0,0.0,0.0,0.0,0.0,46.0,0.0,0.0,0.0,0.0,0.0,46.0,0.0,0.0,46.0,0.0,0.0,0.0,0.0,46.0,0.0,0.0,0.0,0.0,0.0,46.0,46.0,0.0,0.0,0.0,0.0,0.0,46.0,0.0,0.0,0.0,0.0,0.0,0.0,0.0,1.0,0.0,0.0,0.0,0.0,0.0,1.0,46.0,0.0,0.0,0.0,0.0,0.0,46.0,46.0,0.0,0.0,0.0,0.0,0.0,46.0
1,1,0,7,451,572,121,5,7.0,0.0,0.0,114.0,7.0,0.0,0.0,57.0,7.0,0.0,7.0,0.0,0.0,57.0,7.0,0.0,0.0,0.0,0.0,30.0,0.0,0.0,1.0,0.0,0.0,2.0,1.0,0.0,7.0,0.0,0.0,87.0,7.0,0.0,7.0,0.0,0.0,27.0,7.0,0.0,41.0,0.0,80.0,0.0,0.0,20.5,0.0,80.0,0.0,0.0,80.0,20.5,20.5,0.0,80.0,0.0,0.0,80.0,20.5,14.5,0.0,0.0,0.0,0.0,0.0,14.5,2.0,0.0,1.0,0.0,0.0,1.0,2.0,35.0,0.0,80.0,0.0,0.0,80.0,35.0,6.0,0.0,80.0,0.0,0.0,80.0,6.0
1,1,0,8,572,992,420,2,19.0,0.0,59.0,342.0,19.0,0.0,14.75,57.0,15.6,14.75,19.0,0.0,12.5,22.0,14.0,12.5,0.0,0.0,6.1796035471541373,66.515662315978886,5.7827329179203844,6.1796035471541373,1.0,0.0,4.0,6.0,5.0,4.0,19.0,0.0,25.0,195.0,25.0,25.0,19.0,0.0,9.0,9.0,9.0,9.0,420.0,0.0,0.0,0.0,0.0,420.0,0.0,0.0,0.0,0.0,0.0,420.0,420.0,0.0,0.0,0.0,0.0,0.0,420.0,0.0,0.0,0.0,0.0,0.0,0.0,0.0,1.0,0.0,0.0,0.0,0.0,0.0,1.0,420.0,0.0,0.0,0.0,0.0,0.0,420.0,420.0,0.0,0.0,0.0,0.0,0.0,420.0
1,1,0,9,992,1111,119,3,4.0,0.0,0.0,115.0,4.0,0.0,0.0,57.5,4.0,0.0,4.0,0.0,0.0,57.5,4.0,0.0,0.0,0.0,0.0,3.5,0.0,0.0,1.0,0.0,0.0,2.0,1.0,0.0,4.0,0.0,0.0,61.0,4.0,0.0,4.0,0.0,0.0,54.0,4.0,0.0,119.0,0.0,0.0,0.0,0.0,119.0,0.0,0.0,0.0,0.0,0.0,119.0,119.0,0.0,0.0,0.0,0.0,0.0,119.0,0.0,0.0,0.0,0.0,0.0,0.0,0.0,1.0,0.0,0.0,0.0,0.0,0.0,1.0,119.0,0.0,0.0,0.0,0.0,0.0,119.0,119.0,0.0,0.0,0.0,0.0,0.0,119.0
1,1,0,10,1111,1143,32,1,0.0,0.0,0.0,32.0,0.0,0.0,0.0,32.0,0.0,0.0,0.0,0.0,0.0,32.0,0.0,0.0,0.0,0.0,0.0,0.0,0.0,0.0,0.0,0.0,0.0,1.0,0.0,0.0,0.0,0.0,0.0,32.0,0.0,0.0,0.0,0.0,0.0,32.0,0.0,0.0,11.0,0.0,21.0,0.0,0.0,11.0,0.0,21.0,0.0,0.0,21.0,11.0,11.0,0.0,21.0,0.0,0.0,21.0,11.0,0.0,0.0,0.0,0.0,0.0,0.0,0.0,1.0,0.0,1.0,0.0,0.0,1.0,1.0,11.0,0.0,21.0,0.0,0.0,21.0,11.0,11.0,0.0,21.0,0.0,0.0,21.0,11.0
1,1,0,11,1143,1226,83,5,0.0,0.0,0.0,83.0,0.0,0.0,0.0,83.0,0.0,0.0,0.0,0.0,0.0,83.0,0.0,0.0,0.0,0.0,0.0,0.0,0.0,0.0,0.0,0.0,0.0,1.0,0.0,0.0,0.0,0.0,0.0,83.0,0.0,0.0,0.0,0.0,0.0,83.0,0.0,0.0,0.0,0.0,83.0,0.0,0.0,0.0,0.0,83.0,0.0,0.0,83.0,0.0,0.0,0.0,83.0,0.0,0.0,83.0,0.0,0.0,0.0,0.0,0.0,0.0,0.0,0.0,0.0,0.0,1.0,0.0,0.0,1.0,0.0,0.0,0.0,83.0,0.0,0.0,83.0,0.0,0.0,0.0,83.0,0.0,0.0,83.0,0.0
1,1,0,12,1226,1608,382,2,27.0,0.0,67.0,288.0,27.0,0.0,11.166666666666666,41.142857142857146,13.428571428571429,11.166666666666666,27.0,0.0,10.5,46.0,12.0,10.5,0.0,0.0,3.4359213546813838,20.441055126726642,6.3887656499993986,3.4359213546813838,1.0,0.0,6.0,7.0,7.0,6.0,27.0,0.0,16.0,64.0,27.0,16.0,27.0,0.0,7.0,9.0,7.0,7.0,373.0,0.0,9.0,0.0,0.0,373.0,0.0,9.0,0.0,0.0,9.0,373.0,373.0,0.0,9.0,0.0,0.0,9.0,373.0,0.0,0.0,0.0,0.0,0.0,0.0,0.0,1.0,0.0,1.0,0.0,0.0,1.0,1.0,373.0,0.0,9.0,0.0,0.0,9.0,373.0,373.0,0.0,9.0,0.0,0.0,9.0,373.0
1,1,0,13,1608,1714,106,3,0.0,0.0,53.0,53.0,0.0,0.0,53.0,53.0,53.0,53.0,0.0,0.0,53.0,53.0,53.0,53.0,0.0,0.0,0.0,0.0,0.0,0.0,0.0,0.0,1.0,1.0,1.0,1.0,0.0,0.0,53.0,53.0,53.0,53.0,0.0,0.0,53.0,53.0,53.0,53.0,106.0,0.0,0.0,0.0,0.0,106.0,0.0,0.0,0.0,0.0,0.0,106.0,106.0,0.0,0.0,0.0,0.0,0.0,106.0,0.0,0.0,0.0,0.0,0.0,0.0,0.0,1.0,0.0,0.0,0.0,0.0,0.0,1.0,106.0,0.0,0.0,0.0,0.0,0.0,106.0,106.0,0.0,0.0,0.0,0.0,0.0,106.0
1,1,0,14,1714,1804,90,1,0.0,0.0,0.0,90.0,0.0,0.0,0.0,90.0,0.0,0.0,0.0,0.0,0.0,90.0,0.0,0.0,0.0,0.0,0.0,0.0,0.0,0.0,0.0,0.0,0.0,1.0,0.0,0.0,0.0,0.0,0.0,90.0,0.0,0.0,0.0,0.0,0.0,90.0,0.0,0.0,90.0,0.0,0.0,0.0,0.0,90.0,0.0,0.0,0.0,0.0,0.0,90.0,90.0,0.0,0.0,0.0,0.0,0.0,90.0,0.0,0.0,0.0,0.0,0.0,0.0,0.0,1.0,0.0,0.0,0.0,0.0,0.0,1.0,90.0,0.0,0.0,0.0,0.0,0.0,90.0,90.0,0.0,0.0,0.0,0.0,0.0,90.0
1,1,0,15,1804,2249,445,2,28.0,22.0,214.0,181.0,14.0,11.0,42.799999999999997,36.200000000000003,52.799999999999997,47.200000000000003,14.0,11.0,34.0,21.0,47.0,34.0,1.0,3.0,31.883538072177625,40.32071427938746,31.921152861386442,31.644272783554371,2.0,2.0,5.0,5.0,5.0,5.0,15.0,14.0,102.0,116.0,102.0,102.0,13.0,8.0,9.0,8.0,9.0,9.0,445.0,0.0,0.0,0.0,0.0,445.0,0.0,0.0,0.0,0.0,0.0,445.0,445.0,0.0,0.0,0.0,0.0,0.0,445.0,0.0,0.0,0.0,0.0,0.0,0.0,0.0,1.0,0.0,0.0,0.0,0.0,0.0,1.0,445.0,0.0,0.0,0.0,0.0,0.0,445.0,445.0,0.0,0.0,0.0,0.0,0.0,445.0
1,1,0,16,2249,2358,109,3,0.0,16.0,49.0,44.0,0.0,16.0,24.5,22.0,32.5,32.5,0.0,16.0,24.5,22.0,32.5,32.5,0.0,0.0,19.5,16.0,27.5,27.5,0.0,1.0,2.0,2.0,2.0,2.0,0.0,16.0,44.0,38.0,60.0,60.0,0.0,16.0,5.0,6.0,5.0,5.0,109.0,0.0,0.0,0.0,0.0,109.0,0.0,0.0,0.0,0.0,0.0,109.0,109.0,0.0,0.0,0.0,0.0,0.0,109.0,0.0,0.0,0.0,0.0,0.0,0.0,0.0,1.0,0.0,0.0,0.0,0.0,0.0,1.0,109.0,0.0,0.0,0.0,0.0,0.0,109.0,109.0,0.0,0.0,0.0,0.0,0.0,109.0
1,1,0,17,2358,2603,245,5,22.0,0.0,0.0,223.0,22.0,0.0,0.0,111.5,22.0,0.0,22.0,0.0,0.0,111.5,22.0,0.0,0.0,0.0,0.0,51.5,0.0,0.0,1.0,0.0,0.0,2.0,1.0,0.0,22.0,0.0,0.0,163.0,22.0,0.0,22.0,0.0,0.0,60.0,22.0,0.0,15.0,0.0,230.0,0.0,0.0,7.5,0.0,230.0,0.0,0.0,230.0,7.5,7.5,0.0,230.0,0.0,0.0,230.0,7.5,3.5,0.0,0.0,0.0,0.0,0.0,3.5,2.0,0.0,1.0,0.0,0.0,1.0,2.0,11.0,0.0,230.0,0.0,0.0,230.0,11.0,4.0,0.0,230.0,0.0,0.0,230.0,4.0
1,1,0,18,2603,3000,397,2,74.0,18.0,87.0,218.0,18.5,18.0,21.75,24.222222222222221,22.375,26.25,18.0,18.0,19.0,16.0,24.0,28.0,10.618380290797651,0.0,10.709224995301948,18.69508418915267,11.736028928048874,11.519006033508273,4.0,1.0,4.0,9.0,8.0,4.0,31.0,18.0,39.0,62.0,39.0,39.0,7.0,18.0,10.0,4.0,7.0,10.0,397.0,0.0,0.0,0.0,0.0,397.0,0.0,0.0,0.0,0.0,0.0,397.0,397.0,0.0,0.0,0.0,0.0,0.0,397.0,0.0,0.0,0.0,0.0,0.0,0.0,0.0,1.0,0.0,0.0,0.0,0.0,0.0,1.0,397.0,0.0,0.0,0.0,0.0,0.0,397.0,397.0,0.0,0.0,0.0,0.0,0.0,397.0
1,1,3000,0,3000,6000,3000,2,0.0,0.0,0.0,3000.0,0.0,0.0,0.0,3000.0,0.0,0.0,0.0,0.0,0.0,3000.0,0.0,0.0,0.0,0.0,0.0,0.0,0.0,0.0,0.0,0.0,0.0,1.0,0.0,0.0,0.0,0.0,0.0,3000.0,0.0,0.0,0.0,0.0,0.0,3000.0,0.0,0.0,3000.0,0.0,0.0,0.0,0.0,3000.0,0.0,0.0,0.0,0.0,0.0,3000.0,3000.0,0.0,0.0,0.0,0.0,0.0,3000.0,0.0,0.0,0.0,0.0,0.0,0.0,0.0,1.0,0.0,0.0,0.0,0.0,0.0,1.0,3000.0,0.0,0.0,0.0,0.0,0.0,3000.0,3000.0,0.0,0.0,0.0,0.0,0.0,3000.0
1,1,6000,0,3000,9000,6000,2,0.0,0.0,0.0,6000.0,0.0,0.0,0.0,6000.0,0.0,0.0,0.0,0.0,0.0,6000.0,0.0,0.0,0.0,0.0,0.0,0.0,0.0,0.0,0.0,0.0,0.0,1.0,0.0,0.0,0.0,0.0,0.0,6000.0,0.0,0.0,0.0,0.0,0.0,6000.0,0.0,0.0,6000.0,0.0,0.0,0.0,0.0,6000.0,0.0,0.0,0.0,0.0,0.0,6000.0,6000.0,0.0,0.0,0.0,0.0,0.0,6000.0,0.0,0.0,0.0,0.0,0.0,0.0,0.0,1.0,0.0,0.0,0.0,0.0,0.0,1.0,6000.0,0.0,0.0,0.0,0.0,0.0,6000.0,6000.0,0.0,0.0,0.0,0.0,0.0,6000.0
1,2,0,0,0,567,567,2,78.0,9.0,9.0,471.0,26.0,9.0,9.0,157.0,24.0,9.0,32.0,9.0,9.0,148.0,20.5,9.0,15.297058540778355,0.0,0.0,110.81816938871832,18.207141456033124,0.0,3.0,1.0,1.0,3.0,4.0,2.0,41.0,9.0,9.0,297.0,50.0,9.0,5.0,9.0,9.0,26.0,5.0,9.0,469.0,0.0,98.0,0.0,0.0,234.5,0.0,98.0,0.0,0.0,98.0,234.5,234.5,0.0,98.0,0.0,0.0,98.0,234.5,72.5,0.0,0.0,0.0,0.0,0.0,72.5,2.0,0.0,1.0,0.0,0.0,1.0,2.0,307.0,0.0,98.0,0.0,0.0,98.0,307.0,162.0,0.0,98.0,0.0,0.0,98.0,162.0
1,2,0,1,567,606,39,4,33.0,0.0,0.0,6.0,33.0,0.0,0.0,6.0,33.0,0.0,33.0,0.0,0.0,6.0,33.0,0.0,0.0,0.0,0.0,0.0,0.0,0.0,1.0,0.0,0.0,1.0,1.0,0.0,33.0,0.0,0.0,6.0,33.0,0.0,33.0,0.0,0.0,6.0,33.0,0.0,39.0,0.0,0.0,0.0,0.0,39.0,0.0,0.0,0.0,0.0,0.0,39.0,39.0,0.0,0.0,0.0,0.0,0.0,39.0,0.0,0.0,0.0,0.0,0.0,0.0,0.0,1.0,0.0,0.0,0.0,0.0,0.0,1.0,39.0,0.0,0.0,0.0,0.0,0.0,39.0,39.0,0.0,0.0,0.0,0.0,0.0,39.0
1,2,0,2,606,3000,2394,2,924.0,137.0,95.0,1238.0,92.400000000000006,27.399999999999999,31.666666666666668,82.533333333333331,77.066666666666663,29.0,27.5,18.0,19.0,49.0,29.0,19.0,154.7218148807724,15.525462956060279,17.913371790059202,82.057594949455392,133.88973904755443,16.590660023037056,10.0,5.0,3.0,15.0,15.0,8.0,531.0,57.0,57.0,272.0,531.0,57.0,7.0,16.0,19.0,7.0,7.0,16.0,2126.0,0.0,268.0,0.0,0.0,354.33333333333331,0.0,53.600000000000001,0.0,0.0,53.600000000000001,354.33333333333331,32.0,0.0,27.0,0.0,0.0,27.0,32.0,731.98557970009824,0.0,50.886540460125609,0.0,0.0,50.886540460125609,731.98557970009824,6.0,0.0,5.0,0.0,0.0,5.0,6.0,1991.0,0.0,154.0,0.0,0.0,154.0,1991.0,11.0,0.0,17.0,0.0,0.0,17.0,11.0
1,2,3000,0,3000,6000,3000,2,3000.0,0.0,0.0,0.0,3000.0,0.0,0.0,0.0,3000.0,0.0,3000.0,0.0,0.0,0.0,3000.0,0.0,0.0,0.0,0.0,0.0,0.0,0.0,1.0,0.0,0.0,0.0,1.0,0.0,3000.0,0.0,0.0,0.0,3000.0,0.0,3000.0,0.0,0.0,0.0,3000.0,0.0,3000.0,0.0,0.0,0.0,0.0,3000.0,0.0,0.0,0.0,0.0,0.0,3000.0,3000.0,0.0,0.0,0.0,0.0,0.0,3000.0,0.0,0.0,0.0,0.0,0.0,0.0,0.0,1.0,0.0,0.0,0.0,0.0,0.0,1.0,3000.0,0.0,0.0,0.0,0.0,0.0,3000.0,3000.0,0.0,0.0,0.0,0.0,0.0,3000.0
1,2,6000,0,3000,9000,6000,2,6000.0,0.0,0.0,0.0,6000.0,0.0,0.0,0.0,6000.0,0.0,6000.0,0.0,0.0,0.0,6000.0,0.0,0.0,0.0,0.0,0.0,0.0,0.0,1.0,0.0,0.0,0.0,1.0,0.0,6000.0,0.0,0.0,0.0,6000.0,0.0,6000.0,0.0,0.0,0.0,6000.0,0.0,6000.0,0.0,0.0,0.0,0.0,6000.0,0.0,0.0,0.0,0.0,0.0,6000.0,6000.0,0.0,0.0,0.0,0.0,0.0,6000.0,0.0,0.0,0.0,0.0,0.0,0.0,0.0,1.0,0.0,0.0,0.0,0.0,0.0,1.0,6000.0,0.0,0.0,0.0,0.0,0.0,6000.0,6000.0,0.0,0.0,0.0,0.0,0.0,6000.0
3,1,0,0,0,70,70,1,27.0,17.0,22.0,4.0,27.0,17.0,22.0,4.0,66.0,19.5,27.0,17.0,22.0,4.0,66.0,19.5,0.0,0.0,0.0,0.0,0.0,2.5,1.0,1.0,1.0,1.0,1.0,2.0,27.0,17.0,22.0,4.0,66.0,22.0,27.0,17.0,22.0,4.0,66.0,17.0,70.0,0.0,0.0,0.0,0.0,70.0,0.0,0.0,0.0,0.0,0.0,70.0,70.0,0.0,0.0,0.0,0.0,0.0,70.0,0.0,0.0,0.0,0.0,0.0,0.0,0.0,1.0,0.0,0.0,0.0,0.0,0.0,1.0,70.0,0.0,0.0,0.0,0.0,0.0,70.0,70.0,0.0,0.0,0.0,0.0,0.0,70.0
3,1,0,1,70,102,32,2,0.0,30.0,0.0,2.0,0.0,30.0,0.0,2.0,30.0,30.0,0.0,30.0,0.0,2.0,30.0,30.0,0.0,0.0,0.0,0.0,0.0,0.0,0.0,1.0,0.0,1.0,1.0,1.0,0.0,30.0,0.0,2.0,30.0,30.0,0.0,30.0,0.0,2.0,30.0,30.0,32.0,0.0,0.0,0.0,0.0,32.0,0.0,0.0,0.0,0.0,0.0,32.0,32.0,0.0,0.0,0.0,0.0,0.0,32.0,0.0,0.0,0.0,0.0,0.0,0.0,0.0,1.0,0.0,0.0,0.0,0.0,0.0,1.0,32.0,0.0,0.0,0.0,0.0,0.0,32.0,32.0,0.0,0.0,0.0,0.0,0.0,32.0
3,1,0,2,102,141,39,3,0.0,39.0,0.0,0.0,0.0,39.0,0.0,0.0,39.0,39.0,0.0,39.0,0.0,0.0,39.0,39.0,0.0,0.0,0.0,0.0,0.0,0.0,0.0,1.0,0.0,0.0,1.0,1.0,0.0,39.0,0.0,0.0,39.0,39.0,0.0,39.0,0.0,0.0,39.0,39.0,39.0,0.0,0.0,0.0,0.0,39.0,0.0,0.0,0.0,0.0,0.0,39.0,39.0,0.0,0.0,0.0,0.0,0.0,39.0,0.0,0.0,0.0,0.0,0.0,0.0,0.0,1.0,0.0,0.0,0.0,0.0,0.0,1.0,39.0,0.0,0.0,0.0,0.0,0.0,39.0,39.0,0.0,0.0,0.0,0.0,0.0,39.0
3,1,0,3,141,182,41,5,0.0,23.0,0.0,18.0,0.0,23.0,0.0,18.0,23.0,23.0,0.0,23.0,0.0,18.0,23.0,23.0,0.0,0.0,0.0,0.0,0.0,0.0,0.0,1.0,0.0,1.0,1.0,1.0,0.0,23.0,0.0,18.0,23.0,23.0,0.0,23.0,0.0,18.0,23.0,23.0,29.0,0.0,12.0,0.0,0.0,14.5,0.0,12.0,0.0,0.0,12.0,14.5,14.5,0.0,12.0,0.0,0.0,12.0,14.5,0.5,0.0,0.0,0.0,0.0,0.0,0.5,2.0,0.0,1.0,0.0,0.0,1.0,2.0,15.0,0.0,12.0,0.0,0.0,12.0,15.0,14.0,0.0,12.0,0.0,0.0,12.0,14.0
3,1,0,4,182,319,137,2,29.0,87.0,17.0,4.0,14.5,87.0,17.0,4.0,133.0,52.0,14.5,87.0,17.0,4.0,133.0,52.0,9.5,0.0,0.0,0.0,0.0,35.0,2.0,1.0,1.0,1.0,1.0,2.0,24.0,87.0,17.0,4.0,133.0,87.0,5.0,87.0,17.0,4.0,133.0,17.0,137.0,0.0,0.0,0.0,0.0,137.0,0.0,0.0,0.0,0.0,0.0,137.0,137.0,0.0,0.0,0.0,0.0,0.0,137.0,0.0,0.0,0.0,0.0,0.0,0.0,0.0,1.0,0.0,0.0,0.0,0.0,0.0,1.0,137.0,0.0,0.0,0.0,0.0,0.0,137.0,137.0,0.0,0.0,0.0,0.0,0.0,137.0
3,1,0,5,319,386,67,3,42.0,0.0,0.0,25.0,21.0,0.0,0.0,25.0,21.0,0.0,21.0,0.0,0.0,25.0,21.0,0.0,19.0,0.0,0.0,0.0,19.0,0.0,2.0,0.0,0.0,1.0,2.0,0.0,40.0,0.0,0.0,25.0,40.0,0.0,2.0,0.0,0.0,25.0,2.0,0.0,67.0,0.0,0.0,0.0,0.0,67.0,0.0,0.0,0.0,0.0,0.0,67.0,67.0,0.0,0.0,0.0,0.0,0.0,67.0,0.0,0.0,0.0,0.0,0.0,0.0,0.0,1.0,0.0,0.0,0.0,0.0,0.0,1.0,67.0,0.0,0.0,0.0,0.0,0.0,67.0,67.0,0.0,0.0,0.0,0.0,0.0,67.0
3,1,0,6,386,420,34,1,34.0,0.0,0.0,0.0,34.0,0.0,0.0,0.0,34.0,0.0,34.0,0.0,0.0,0.0,34.0,0.0,0.0,0.0,0.0,0.0,0.0,0.0,1.0,0.0,0.0,0.0,1.0,0.0,34.0,0.0,0.0,0.0,34.0,0.0,34.0,0.0,0.0,0.0,34.0,0.0,22.0,0.0,12.0,0.0,0.0,22.0,0.0,12.0,0.0,0.0,12.0,22.0,22.0,0.0,12.0,0.0,0.0,12.0,22.0,0.0,0.0,0.0,0.0,0.0,0.0,0.0,1.0,0.0,1.0,0.0,0.0,1.0,1.0,22.0,0.0,12.0,0.0,0.0,12.0,22.0,22.0,0.0,12.0,0.0,0.0,12.0,22.0
3,1,0,7,420,595,175,5,52.0,0.0,77.0,46.0,13.0,0.0,38.5,15.333333333333334,32.25,38.5,12.5,0.0,38.5,14.0,21.0,38.5,8.7464278422679502,0.0,2.5,5.7927157323275891,32.545160930620696,2.5,4.0,0.0,2.0,3.0,4.0,2.0,24.0,0.0,41.0,23.0,84.0,41.0,3.0,0.0,36.0,9.0,3.0,36.0,154.0,0.0,21.0,0.0,0.0,154.0,0.0,21.0,0.0,0.0,21.0,154.0,154.0,0.0,21.0,0.0,0.0,21.0,154.0,0.0,0.0,0.0,0.0,0.0,0.0,0.0,1.0,0.0,1.0,0.0,0.0,1.0,1.0,154.0,0.0,21.0,0.0,0.0,21.0,154.0,154.0,0.0,21.0,0.0,0.0,21.0,154.0
3,1,0,8,595,737,142,2,72.0,70.0,0.0,0.0,72.0,70.0,0.0,0.0,142.0,70.0,72.0,70.0,0.0,0.0,142.0,70.0,0.0,0.0,0.0,0.0,0.0,0.0,1.0,1.0,0.0,0.0,1.0,1.0,72.0,70.0,0.0,0.0,142.0,70.0,72.0,70.0,0.0,0.0,142.0,70.0,142.0,0.0,0.0,0.0,0.0,142.0,0.0,0.0,0.0,0.0,0.0,142.0,142.0,0.0,0.0,0.0,0.0,0.0,142.0,0.0,0.0,0.0,0.0,0.0,0.0,0.0,1.0,0.0,0.0,0.0,0.0,0.0,1.0,142.0,0.0,0.0,0.0,0.0,0.0,142.0,142.0,0.0,0.0,0.0,0.0,0.0,142.0
3,1,0,9,737,816,79,3,0.0,79.0,0.0,0.0,0.0,79.0,0.0,0.0,79.0,79.0,0.0,79.0,0.0,0.0,79.0,79.0,0.0,0.0,0.0,0.0,0.0,0.0,0.0,1.0,0.0,0.0,1.0,1.0,0.0,79.0,0.0,0.0,79.0,79.0,0.0,79.0,0.0,0.0,79.0,79.0,79.0,0.0,0.0,0.0,0.0,79.0,0.0,0.0,0.0,0.0,0.0,79.0,79.0,0.0,0.0,0.0,0.0,0.0,79.0,0.0,0.0,0.0,0.0,0.0,0.0,0.0,1.0,0.0,0.0,0.0,0.0,0.0,1.0,79.0,0.0,0.0,0.0,0.0,0.0,79.0,79.0,0.0,0.0,0.0,0.0,0.0,79.0
3,1,0,10,816,1085,269,1,57.0,83.0,44.0,85.0,57.0,41.5,44.0,28.333333333333332,46.0,42.333333333333336,57.0,41.5,44.0,25.0,48.0,44.0,0.0,10.5,0.0,4.7140452079103161,9.8234413521942496,8.6538366571647796,1.0,2.0,1.0,3.0,4.0,3.0,57.0,52.0,44.0,35.0,57.0,52.0,57.0,31.0,44.0,25.0,31.0,31.0,117.0,0.0,152.0,0.0,0.0,58.5,0.0,152.0,0.0,0.0,152.0,58.5,58.5,0.0,152.0,0.0,0.0,152.0,58.5,25.5,0.0,0.0,0.0,0.0,0.0,25.5,2.0,0.0,1.0,0.0,0.0,1.0,2.0,84.0,0.0,152.0,0.0,0.0,152.0,84.0,33.0,0.0,152.0,0.0,0.0,152.0,33.0
3,1,0,11,1085,1179,94,2,0.0,79.0,3.0,12.0,0.0,79.0,3.0,12.0,41.0,41.0,0.0,79.0,3.0,12.0,41.0,41.0,0.0,0.0,0.0,0.0,38.0,38.0,0.0,1.0,1.0,1.0,2.0,2.0,0.0,79.0,3.0,12.0,79.0,79.0,0.0,79.0,3.0,12.0,3.0,3.0,94.0,0.0,0.0,0.0,0.0,94.0,0.0,0.0,0.0,0.0,0.0,94.0,94.0,0.0,0.0,0.0,0.0,0.0,94.0,0.0,0.0,0.0,0.0,0.0,0.0,0.0,1.0,0.0,0.0,0.0,0.0,0.0,1.0,94.0,0.0,0.0,0.0,0.0,0.0,94.0,94.0,0.0,0.0,0.0,0.0,0.0,94.0
3,1,0,12,1179,1239,60,3,0.0,60.0,0.0,0.0,0.0,60.0,0.0,0.0,60.0,60.0,0.0,60.0,0.0,0.0,60.0,60.0,0.0,0.0,0.0,0.0,0.0,0.0,0.0,1.0,0.0,0.0,1.0,1.0,0.0,60.0,0.0,0.0,60.0,60.0,0.0,60.0,0.0,0.0,60.0,60.0,60.0,0.0,0.0,0.0,0.0,60.0,0.0,0.0,0.0,0.0,0.0,60.0,60.0,0.0,0.0,0.0,0.0,0.0,60.0,0.0,0.0,0.0,0.0,0.0,0.0,0.0,1.0,0.0,0.0,0.0,0.0,0.0,1.0,60.0,0.0,0.0,0.0,0.0,0.0,60.0,60.0,0.0,0.0,0.0,0.0,0.0,60.0
3,1,0,13,1239,1369,130,1,0.0,29.0,18.0,83.0,0.0,29.0,18.0,41.5,23.5,23.5,0.0,29.0,18.0,41.5,23.5,23.5,0.0,0.0,0.0,0.5,5.5,5.5,0.0,1.0,1.0,2.0,2.0,2.0,0.0,29.0,18.0,42.0,29.0,29.0,0.0,29.0,18.0,41.0,18.0,18.0,108.0,0.0,22.0,0.0,0.0,54.0,0.0,22.0,0.0,0.0,22.0,54.0,54.0,0.0,22.0,0.0,0.0,22.0,54.0,31.0,0.0,0.0,0.0,0.0,0.0,31.0,2.0,0.0,1.0,0.0,0.0,1.0,2.0,85.0,0.0,22.0,0.0,0.0,22.0,85.0,23.0,0.0,22.0,0.0,0.0,22.0,23.0
3,1,0,14,1369,1449,80,2,25.0,0.0,42.0,13.0,25.0,0.0,42.0,13.0,67.0,42.0,25.0,0.0,42.0,13.0,67.0,42.0,0.0,0.0,0.0,0.0,0.0,0.0,1.0,0.0,1.0,1.0,1.0,1.0,25.0,0.0,42.0,13.0,67.0,42.0,25.0,0.0,42.0,13.0,67.0,42.0,80.0,0.0,0.0,0.0,0.0,80.0,0.0,0.0,0.0,0.0,0.0,80.0,80.0,0.0,0.0,0.0,0.0,0.0,80.0,0.0,0.0,0.0,0.0,0.0,0.0,0.0,1.0,0.0,0.0,0.0,0.0,0.0,1.0,80.0,0.0,0.0,0.0,0.0,0.0,80.0,80.0,0.0,0.0,0.0,0.0,0.0,80.0
3,1,0,15,1449,1502,53,3,6.0,47.0,0.0,0.0,6.0,47.0,0.0,0.0,53.0,47.0,6.0,47.0,0.0,0.0,53.0,47.0,0.0,0.0,0.0,0.0,0.0,0.0,1.0,1.0,0.0,0.0,1.0,1.0,6.0,47.0,0.0,0.0,53.0,47.0,6.0,47.0,0.0,0.0,53.0,47.0,53.0,0.0,0.0,0.0,0.0,53.0,0.0,0.0,0.0,0.0,0.0,53.0,53.0,0.0,0.0,0.0,0.0,0.0,53.0,0.0,0.0,0.0,0.0,0.0,0.0,0.0,1.0,0.0,0.0,0.0,0.0,0.0,1.0,53.0,0.0,0.0,0.0,0.0,0.0,53.0,53.0,0.0,0.0,0.0,0.0,0.0,53.0
3,1,0,16,1502,1667,165,5,0.0,105.0,0.0,60.0,0.0,105.0,0.0,60.0,105.0,105.0,0.0,105.0,0.0,60.0,105.0,105.0,0.0,0.0,0.0,0.0,0.0,0.0,0.0,1.0,0.0,1.0,1.0,1.0,0.0,105.0,0.0,60.0,105.0,105.0,0.0,105.0,0.0,60.0,105.0,105.0,36.0,0.0,129.0,0.0,0.0,18.0,0.0,129.0,0.0,0.0,129.0,18.0,18.0,0.0,129.0,0.0,0.0,129.0,18.0,1.0,0.0,0.0,0.0,0.0,0.0,1.0,2.0,0.0,1.0,0.0,0.0,1.0,2.0,19.0,0.0,129.0,0.0,0.0,129.0,19.0,17.0,0.0,129.0,0.0,0.0,129.0,17.0
3,1,0,17,1667,1790,123,2,27.0,21.0,55.0,20.0,27.0,21.0,27.5,10.0,51.5,38.0,27.0,21.0,27.5,10.0,51.5,38.0,0.0,0.0,3.5,5.0,20.5,7.0,1.0,1.0,2.0,2.0,2.0,2.0,27.0,21.0,31.0,15.0,72.0,45.0,27.0,21.0,24.0,5.0,31.0,31.0,123.0,0.0,0.0,0.0,0.0,123.0,0.0,0.0,0.0,0.0,0.0,123.0,123.0,0.0,0.0,0.0,0.0,0.0,123.0,0.0,0.0,0.0,0.0,0.0,0.0,0.0,1.0,0.0,0.0,0.0,0.0,0.0,1.0,123.0,0.0,0.0,0.0,0.0,0.0,123.0,123.0,0.0,0.0,0.0,0.0,0.0,123.0
3,1,0,18,1790,1860,70,3,37.0,33.0,0.0,0.0,37.0,33.0,0.0,0.0,70.0,33.0,37.0,33.0,0.0,0.0,70.0,33.0,0.0,0.0,0.0,0.0,0.0,0.0,1.0,1.0,0.0,0.0,1.0,1.0,37.0,33.0,0.0,0.0,70.0,33.0,37.0,33.0,0.0,0.0,70.0,33.0,70.0,0.0,0.0,0.0,0.0,70.0,0.0,0.0,0.0,0.0,0.0,70.0,70.0,0.0,0.0,0.0,0.0,0.0,70.0,0.0,0.0,0.0,0.0,0.0,0.0,0.0,1.0,0.0,0.0,0.0,0.0,0.0,1.0,70.0,0.0,0.0,0.0,0.0,0.0,70.0,70.0,0.0,0.0,0.0,0.0,0.0,70.0
3,1,0,19,1860,1974,114,5,0.0,114.0,0.0,0.0,0.0,114.0,0.0,0.0,114.0,114.0,0.0,114.0,0.0,0.0,114.0,114.0,0.0,0.0,0.0,0.0,0.0,0.0,0.0,1.0,0.0,0.0,1.0,1.0,0.0,114.0,0.0,0.0,114.0,114.0,0.0,114.0,0.0,0.0,114.0,114.0,104.0,0.0,10.0,0.0,0.0,104.0,0.0,10.0,0.0,0.0,10.0,104.0,104.0,0.0,10.0,0.0,0.0,10.0,104.0,0.0,0.0,0.0,0.0,0.0,0.0,0.0,1.0,0.0,1.0,0.0,0.0,1.0,1.0,104.0,0.0,10.0,0.0,0.0,10.0,104.0,104.0,0.0,10.0,0.0,0.0,10.0,104.0
3,1,0,20,1974,2525,551,1,306.0,74.0,52.0,119.0,153.0,37.0,26.0,39.666666666666664,108.0,31.5,153.0,37.0,26.0,45.0,66.5,37.0,116.0,7.0,22.0,10.498677165349081,95.475127651132254,17.226433176952217,2.0,2.0,2.0,3.0,4.0,4.0,269.0,44.0,48.0,49.0,269.0,48.0,37.0,30.0,4.0,25.0,30.0,4.0,128.0,0.0,423.0,0.0,0.0,128.0,0.0,423.0,0.0,0.0,423.0,128.0,128.0,0.0,423.0,0.0,0.0,423.0,128.0,0.0,0.0,0.0,0.0,0.0,0.0,0.0,1.0,0.0,1.0,0.0,0.0,1.0,1.0,128.0,0.0,423.0,0.0,0.0,423.0,128.0,128.0,0.0,423.0,0.0,0.0,423.0,128.0
3,1,0,21,2525,2658,133,2,29.0,95.0,9.0,0.0,29.0,47.5,9.0,0.0,133.0,52.0,29.0,47.5,9.0,0.0,133.0,52.0,0.0,5.5,0.0,0.0,0.0,1.0,1.0,2.0,1.0,0.0,1.0,2.0,29.0,53.0,9.0,0.0,133.0,53.0,29.0,42.0,9.0,0.0,133.0,51.0,133.0,0.0,0.0,0.0,0.0,133.0,0.0,0.0,0.0,0.0,0.0,133.0,133.0,0.0,0.0,0.0,0.0,0.0,133.0,0.0,0.0,0.0,0.0,0.0,0.0,0.0,1.0,0.0,0.0,0.0,0.0,0.0,1.0,133.0,0.0,0.0,0.0,0.0,0.0,133.0,133.0,0.0,0.0,0.0,0.0,0.0,133.0
3,1,0,22,2658,2735,77,3,1.0,13.0,0.0,63.0,1.0,13.0,0.0,63.0,7.0,13.0,1.0,13.0,0.0,63.0,7.0,13.0,0.0,0.0,0.0,0.0,6.0,0.0,1.0,1.0,0.0,1.0,2.0,1.0,1.0,13.0,0.0,63.0,13.0,13.0,1.0,13.0,0.0,63.0,1.0,13.0,77.0,0.0,0.0,0.0,0.0,77.0,0.0,0.0,0.0,0.0,0.0,77.0,77.0,0.0,0.0,0.0,0.0,0.0,77.0,0.0,0.0,0.0,0.0,0.0,0.0,0.0,1.0,0.0,0.0,0.0,0.0,0.0,1.0,77.0,0.0,0.0,0.0,0.0,0.0,77.0,77.0,0.0,0.0,0.0,0.0,0.0,77.0
3,1,0,23,2735,2892,157,1,47.0,110.0,0.0,0.0,47.0,110.0,0.0,0.0,157.0,110.0,47.0,110.0,0.0,0.0,157.0,110.0,0.0,0.0,0.0,0.0,0.0,0.0,1.0,1.0,0.0,0.0,1.0,1.0,47.0,110.0,0.0,0.0,157.0,110.0,47.0,110.0,0.0,0.0,157.0,110.0,74.0,0.0,83.0,0.0,0.0,74.0,0.0,83.0,0.0,0.0,83.0,74.0,74.0,0.0,83.0,0.0,0.0,83.0,74.0,0.0,0.0,0.0,0.0,0.0,0.0,0.0,1.0,0.0,1.0,0.0,0.0,1.0,1.0,74.0,0.0,83.0,0.0,0.0,83.0,74.0,74.0,0.0,83.0,0.0,0.0,83.0,74.0
3,1,0,24,2892,3000,108,5,36.0,46.0,0.0,26.0,36.0,46.0,0.0,26.0,41.0,46.0,36.0,46.0,0.0,26.0,41.0,46.0,0.0,0.0,0.0,0.0,5.0,0.0,1.0,1.0,0.0,1.0,2.0,1.0,36.0,46.0,0.0,26.0,46.0,46.0,36.0,46.0,0.0,26.0,36.0,46.0,0.0,0.0,108.0,0.0,0.0,0.0,0.0,108.0,0.0,0.0,108.0,0.0,0.0,0.0,108.0,0.0,0.0,108.0,0.0,0.0,0.0,0.0,0.0,0.0,0.0,0.0,0.0,0.0,1.0,0.0,0.0,1.0,0.0,0.0,0.0,108.0,0.0,0.0,108.0,0.0,0.0,0.0,108.0,0.0,0.0,108.0,0.0
3,1,3000,0,3000,6000,3000,5,3000.0,0.0,0.0,0.0,3000.0,0.0,0.0,0.0,3000.0,0.0,3000.0,0.0,0.0,0.0,3000.0,0.0,0.0,0.0,0.0,0.0,0.0,0.0,1.0,0.0,0.0,0.0,1.0,0.0,3000.0,0.0,0.0,0.0,3000.0,0.0,3000.0,0.0,0.0,0.0,3000.0,0.0,0.0,0.0,3000.0,0.0,0.0,0.0,0.0,3000.0,0.0,0.0,3000.0,0.0,0.0,0.0,3000.0,0.0,0.0,3000.0,0.0,0.0,0.0,0.0,0.0,0.0,0.0,0.0,0.0,0.0,1.0,0.0,0.0,1.0,0.0,0.0,0.0,3000.0,0.0,0.0,3000.0,0.0,0.0,0.0,3000.0,0.0,0.0,3000.0,0.0
3,1,6000,0,3000,9000,6000,5,6000.0,0.0,0.0,0.0,6000.0,0.0,0.0,0.0,6000.0,0.0,6000.0,0.0,0.0,0.0,6000.0,0.0,0.0,0.0,0.0,0.0,0.0,0.0,1.0,0.0,0.0,0.0,1.0,0.0,6000.0,0.0,0.0,0.0,6000.0,0.0,6000.0,0.0,0.0,0.0,6000.0,0.0,0.0,0.0,6000.0,0.0,0.0,0.0,0.0,6000.0,0.0,0.0,6000.0,0.0,0.0,0.0,6000.0,0.0,0.0,6000.0,0.0,0.0,0.0,0.0,0.0,0.0,0.0,0.0,0.0,0.0,1.0,0.0,0.0,1.0,0.0,0.0,0.0,6000.0,0.0,0.0,6000.0,0.0,0.0,0.0,6000.0,0.0,0.0,6000.0,0.0
3,2,0,0,0,188,188,2,72.0,116.0,0.0,0.0,36.0,38.666666666666664,0.0,0.0,188.0,38.666666666666664,36.0,21.0,0.0,0.0,188.0,21.0,16.0,31.562988170042175,0.0,0.0,0.0,31.562988170042175,2.0,3.0,0.0,0.0,1.0,3.0,52.0,83.0,0.0,0.0,188.0,83.0,20.0,12.0,0.0,0.0,188.0,12.0,188.0,0.0,0.0,0.0,0.0,188.0,0.0,0.0,0.0,0.0,0.0,188.0,188.0,0.0,0.0,0.0,0.0,0.0,188.0,0.0,0.0,0.0,0.0,0.0,0.0,0.0,1.0,0.0,0.0,0.0,0.0,0.0,1.0,188.0,0.0,0.0,0.0,0.0,0.0,188.0,188.0,0.0,0.0,0.0,0.0,0.0,188.0
3,2,0,1,188,225,37,3,28.0,9.0,0.0,0.0,28.0,9.0,0.0,0.0,37.0,9.0,28.0,9.0,0.0,0.0,37.0,9.0,0.0,0.0,0.0,0.0,0.0,0.0,1.0,1.0,0.0,0.0,1.0,1.0,28.0,9.0,0.0,0.0,37.0,9.0,28.0,9.0,0.0,0.0,37.0,9.0,37.0,0.0,0.0,0.0,0.0,37.0,0.0,0.0,0.0,0.0,0.0,37.0,37.0,0.0,0.0,0.0,0.0,0.0,37.0,0.0,0.0,0.0,0.0,0.0,0.0,0.0,1.0,0.0,0.0,0.0,0.0,0.0,1.0,37.0,0.0,0.0,0.0,0.0,0.0,37.0,37.0,0.0,0.0,0.0,0.0,0.0,37.0
3,2,0,2,225,1684,1459,2,550.0,746.0,50.0,113.0,68.75,82.888888888888886,50.0,18.833333333333332,224.33333333333334,88.444444444444443,55.0,71.0,50.0,19.0,67.0,75.0,44.290941511780936,60.318496231705915,0.0,6.8414585839245969,261.79550968053081,56.938780206095259,8.0,9.0,1.0,6.0,6.0,9.0,160.0,202.0,50.0,27.0,698.0,202.0,25.0,14.0,50.0,7.0,23.0,14.0,1445.0,0.0,14.0,0.0,0.0,722.5,0.0,14.0,0.0,0.0,14.0,722.5,722.5,0.0,14.0,0.0,0.0,14.0,722.5,703.5,0.0,0.0,0.0,0.0,0.0,703.5,2.0,0.0,1.0,0.0,0.0,1.0,2.0,1426.0,0.0,14.0,0.0,0.0,14.0,1426.0,19.0,0.0,14.0,0.0,0.0,14.0,19.0
3,2,0,3,1684,1770,86,3,0.0,69.0,0.0,17.0,0.0,69.0,0.0,17.0,69.0,69.0,0.0,69.0,0.0,17.0,69.0,69.0,0.0,0.0,0.0,0.0,0.0,0.0,0.0,1.0,0.0,1.0,1.0,1.0,0.0,69.0,0.0,17.0,69.0,69.0,0.0,69.0,0.0,17.0,69.0,69.0,86.0,0.0,0.0,0.0,0.0,86.0,0.0,0.0,0.0,0.0,0.0,86.0,86.0,0.0,0.0,0.0,0.0,0.0,86.0,0.0,0.0,0.0,0.0,0.0,0.0,0.0,1.0,0.0,0.0,0.0,0.0,0.0,1.0,86.0,0.0,0.0,0.0,0.0,0.0,86.0,86.0,0.0,0.0,0.0,0.0,0.0,86.0
3,2,0,4,1770,1824,54,1,0.0,54.0,0.0,0.0,0.0,54.0,0.0,0.0,54.0,54.0,0.0,54.0,0.0,0.0,54.0,54.0,0.0,0.0,0.0,0.0,0.0,0.0,0.0,1.0,0.0,0.0,1.0,1.0,0.0,54.0,0.0,0.0,54.0,54.0,0.0,54.0,0.0,0.0,54.0,54.0,20.0,0.0,34.0,0.0,0.0,20.0,0.0,34.0,0.0,0.0,34.0,20.0,20.0,0.0,34.0,0.0,0.0,34.0,20.0,0.0,0.0,0.0,0.0,0.0,0.0,0.0,1.0,0.0,1.0,0.0,0.0,1.0,1.0,20.0,0.0,34.0,0.0,0.0,34.0,20.0,20.0,0.0,34.0,0.0,0.0,34.0,20.0
3,2,0,5,1824,2029,205,5,37.0,66.0,0.0,102.0,18.5,33.0,0.0,34.0,25.75,33.0,18.5,33.0,0.0,35.0,31.0,33.0,10.5,0.0,0.0,16.753109164172084,10.37725879025863,0.0,2.0,2.0,0.0,3.0,4.0,2.0,29.0,33.0,0.0,54.0,33.0,33.0,8.0,33.0,0.0,13.0,8.0,33.0,45.0,0.0,160.0,0.0,0.0,45.0,0.0,160.0,0.0,0.0,160.0,45.0,45.0,0.0,160.0,0.0,0.0,160.0,45.0,0.0,0.0,0.0,0.0,0.0,0.0,0.0,1.0,0.0,1.0,0.0,0.0,1.0,1.0,45.0,0.0,160.0,0.0,0.0,160.0,45.0,45.0,0.0,160.0,0.0,0.0,160.0,45.0
3,2,0,6,2029,2445,416,2,76.0,218.0,0.0,122.0,19.0,72.666666666666671,0.0,30.5,58.799999999999997,72.666666666666671,14.0,45.0,0.0,35.0,50.0,45.0,13.095800853708795,44.168867869675907,0.0,10.23474474522936,47.199152534764856,44.168867869675907,4.0,3.0,0.0,4.0,5.0,3.0,41.0,135.0,0.0,39.0,135.0,135.0,7.0,38.0,0.0,13.0,7.0,38.0,416.0,0.0,0.0,0.0,0.0,416.0,0.0,0.0,0.0,0.0,0.0,416.0,416.0,0.0,0.0,0.0,0.0,0.0,416.0,0.0,0.0,0.0,0.0,0.0,0.0,0.0,1.0,0.0,0.0,0.0,0.0,0.0,1.0,416.0,0.0,0.0,0.0,0.0,0.0,416.0,416.0,0.0,0.0,0.0,0.0,0.0,416.0
3,2,0,7,2445,2493,48,4,0.0,48.0,0.0,0.0,0.0,48.0,0.0,0.0,48.0,48.0,0.0,48.0,0.0,0.0,48.0,48.0,0.0,0.0,0.0,0.0,0.0,0.0,0.0,1.0,0.0,0.0,1.0,1.0,0.0,48.0,0.0,0.0,48.0,48.0,0.0,48.0,0.0,0.0,48.0,48.0,48.0,0.0,0.0,0.0,0.0,48.0,0.0,0.0,0.0,0.0,0.0,48.0,48.0,0.0,0.0,0.0,0.0,0.0,48.0,0.0,0.0,0.0,0.0,0.0,0.0,0.0,1.0,0.0,0.0,0.0,0.0,0.0,1.0,48.0,0.0,0.0,0.0,0.0,0.0,48.0,48.0,0.0,0.0,0.0,0.0,0.0,48.0
3,2,0,8,2493,3000,507,2,155.0,216.0,41.0,95.0,51.666666666666664,54.0,20.5,47.5,137.33333333333334,42.833333333333336,41.0,51.0,20.5,47.5,70.0,45.0,33.51948023993743,10.295630140987001,3.5,26.5,114.10326706784322,18.00385761132566,3.0,4.0,2.0,2.0,3.0,6.0,97.0,70.0,24.0,74.0,298.0,70.0,17.0,44.0,17.0,21.0,44.0,17.0,429.0,0.0,78.0,0.0,0.0,214.5,0.0,78.0,0.0,0.0,78.0,214.5,214.5,0.0,78.0,0.0,0.0,78.0,214.5,171.5,0.0,0.0,0.0,0.0,0.0,171.5,2.0,0.0,1.0,0.0,0.0,1.0,2.0,386.0,0.0,78.0,0.0,0.0,78.0,386.0,43.0,0.0,78.0,0.0,0.0,78.0,43.0
3,2,3000,0,3000,6000,3000,2,0.0,3000.0,0.0,0.0,0.0,3000.0,0.0,0.0,3000.0,3000.0,0.0,3000.0,0.0,0.0,3000.0,3000.0,0.0,0.0,0.0,0.0,0.0,0.0,0.0,1.0,0.0,0.0,1.0,1.0,0.0,3000.0,0.0,0.0,3000.0,3000.0,0.0,3000.0,0.0,0.0,3000.0,3000.0,3000.0,0.0,0.0,0.0,0.0,3000.0,0.0,0.0,0.0,0.0,0.0,3000.0,3000.0,0.0,0.0,0.0,0.0,0.0,3000.0,0.0,0.0,0.0,0.0,0.0,0.0,0.0,1.0,0.0,0.0,0.0,0.0,0.0,1.0,3000.0,0.0,0.0,0.0,0.0,0.0,3000.0,3000.0,0.0,0.0,0.0,0.0,0.0,3000.0
3,2,6000,0,3000,9000,6000,2,0.0,6000.0,0.0,0.0,0.0,6000.0,0.0,0.0,6000.0,6000.0,0.0,6000.0,0.0,0.0,6000.0,6000.0,0.0,0.0,0.0,0.0,0.0,0.0,0.0,1.0,0.0,0.0,1.0,1.0,0.0,6000.0,0.0,0.0,6000.0,6000.0,0.0,6000.0,0.0,0.0,6000.0,6000.0,6000.0,0.0,0.0,0.0,0.0,6000.0,0.0,0.0,0.0,0.0,0.0,6000.0,6000.0,0.0,0.0,0.0,0.0,0.0,6000.0,0.0,0.0,0.0,0.0,0.0,0.0,0.0,1.0,0.0,0.0,0.0,0.0,0.0,1.0,6000.0,0.0,0.0,0.0,0.0,0.0,6000.0,6000.0,0.0,0.0,0.0,0.0,0.0,6000.0
10,1,0,0,0,113,113,1,49.0,0.0,10.0,54.0,49.0,0.0,10.0,27.0,29.5,10.0,49.0,0.0,10.0,27.0,29.5,10.0,0.0,0.0,0.0,23.0,19.5,0.0,1.0,0.0,1.0,2.0,2.0,1.0,49.0,0.0,10.0,50.0,49.0,10.0,49.0,0.0,10.0,4.0,10.0,10.0,113.0,0.0,0.0,0.0,0.0,113.0,0.0,0.0,0.0,0.0,0.0,113.0,113.0,0.0,0.0,0.0,0.0,0.0,113.0,0.0,0.0,0.0,0.0,0.0,0.0,0.0,1.0,0.0,0.0,0.0,0.0,0.0,1.0,113.0,0.0,0.0,0.0,0.0,0.0,113.0,113.0,0.0,0.0,0.0,0.0,0.0,113.0
10,1,0,1,113,339,226,5,0.0,59.0,65.0,102.0,0.0,19.666666666666668,32.5,25.5,31.0,31.0,0.0,19.0,32.5,28.5,26.0,26.0,0.0,0.94280904158206336,20.5,10.828203913853857,13.490737563232042,13.490737563232042,0.0,3.0,2.0,4.0,4.0,4.0,0.0,21.0,53.0,37.0,53.0,53.0,0.0,19.0,12.0,8.0,19.0,19.0,195.0,0.0,31.0,0.0,0.0,97.5,0.0,31.0,0.0,0.0,31.0,97.5,97.5,0.0,31.0,0.0,0.0,31.0,97.5,52.5,0.0,0.0,0.0,0.0,0.0,52.5,2.0,0.0,1.0,0.0,0.0,1.0,2.0,150.0,0.0,31.0,0.0,0.0,31.0,150.0,45.0,0.0,31.0,0.0,0.0,31.0,45.0
10,1,0,2,339,366,27,2,7.0,1.0,19.0,0.0,7.0,1.0,19.0,0.0,27.0,20.0,7.0,1.0,19.0,0.0,27.0,20.0,0.0,0.0,0.0,0.0,0.0,0.0,1.0,1.0,1.0,0.0,1.0,1.0,7.0,1.0,19.0,0.0,27.0,20.0,7.0,1.0,19.0,0.0,27.0,20.0,27.0,0.0,0.0,0.0,0.0,27.0,0.0,0.0,0.0,0.0,0.0,27.0,27.0,0.0,0.0,0.0,0.0,0.0,27.0,0.0,0.0,0.0,0.0,0.0,0.0,0.0,1.0,0.0,0.0,0.0,0.0,0.0,1.0,27.0,0.0,0.0,0.0,0.0,0.0,27.0,27.0,0.0,0.0,0.0,0.0,0.0,27.0
10,1,0,3,366,405,39,3,14.0,16.0,0.0,9.0,14.0,16.0,0.0,9.0,30.0,16.0,14.0,16.0,0.0,9.0,30.0,16.0,0.0,0.0,0.0,0.0,0.0,0.0,1.0,1.0,0.0,1.0,1.0,1.0,14.0,16.0,0.0,9.0,30.0,16.0,14.0,16.0,0.0,9.0,30.0,16.0,39.0,0.0,0.0,0.0,0.0,39.0,0.0,0.0,0.0,0.0,0.0,39.0,39.0,0.0,0.0,0.0,0.0,0.0,39.0,0.0,0.0,0.0,0.0,0.0,0.0,0.0,1.0,0.0,0.0,0.0,0.0,0.0,1.0,39.0,0.0,0.0,0.0,0.0,0.0,39.0,39.0,0.0,0.0,0.0,0.0,0.0,39.0
10,1,0,4,405,557,152,5,47.0,80.0,0.0,25.0,47.0,40.0,0.0,8.3333333333333339,63.5,40.0,47.0,40.0,0.0,12.0,63.5,40.0,0.0,11.0,0.0,5.1854497287013483,12.5,11.0,1.0,2.0,0.0,3.0,2.0,2.0,47.0,51.0,0.0,12.0,76.0,51.0,47.0,29.0,0.0,1.0,51.0,29.0,147.0,0.0,5.0,0.0,0.0,73.5,0.0,5.0,0.0,0.0,5.0,73.5,73.5,0.0,5.0,0.0,0.0,5.0,73.5,66.5,0.0,0.0,0.0,0.0,0.0,66.5,2.0,0.0,1.0,0.0,0.0,1.0,2.0,140.0,0.0,5.0,0.0,0.0,5.0,140.0,7.0,0.0,5.0,0.0,0.0,5.0,7.0
10,1,0,5,557,954,397,2,0.0,222.0,157.0,18.0,0.0,55.5,39.25,9.0,189.5,189.5,0.0,55.0,32.0,9.0,189.5,189.5,0.0,35.131894341182345,35.541349158409844,5.0,8.5,8.5,0.0,4.0,4.0,2.0,2.0,2.0,0.0,94.0,91.0,14.0,198.0,198.0,0.0,18.0,2.0,4.0,181.0,181.0,397.0,0.0,0.0,0.0,0.0,397.0,0.0,0.0,0.0,0.0,0.0,397.0,397.0,0.0,0.0,0.0,0.0,0.0,397.0,0.0,0.0,0.0,0.0,0.0,0.0,0.0,1.0,0.0,0.0,0.0,0.0,0.0,1.0,397.0,0.0,0.0,0.0,0.0,0.0,397.0,397.0,0.0,0.0,0.0,0.0,0.0,397.0
10,1,0,6,954,990,36,3,0.0,27.0,9.0,0.0,0.0,27.0,9.0,0.0,36.0,36.0,0.0,27.0,9.0,0.0,36.0,36.0,0.0,0.0,0.0,0.0,0.0,0.0,0.0,1.0,1.0,0.0,1.0,1.0,0.0,27.0,9.0,0.0,36.0,36.0,0.0,27.0,9.0,0.0,36.0,36.0,36.0,0.0,0.0,0.0,0.0,36.0,0.0,0.0,0.0,0.0,0.0,36.0,36.0,0.0,0.0,0.0,0.0,0.0,36.0,0.0,0.0,0.0,0.0,0.0,0.0,0.0,1.0,0.0,0.0,0.0,0.0,0.0,1.0,36.0,0.0,0.0,0.0,0.0,0.0,36.0,36.0,0.0,0.0,0.0,0.0,0.0,36.0
10,1,0,7,990,1082,92,1,0.0,7.0,8.0,77.0,0.0,7.0,8.0,77.0,7.5,7.5,0.0,7.0,8.0,77.0,7.5,7.5,0.0,0.0,0.0,0.0,0.5,0.5,0.0,1.0,1.0,1.0,2.0,2.0,0.0,7.0,8.0,77.0,8.0,8.0,0.0,7.0,8.0,77.0,7.0,7.0,79.0,0.0,13.0,0.0,0.0,39.5,0.0,13.0,0.0,0.0,13.0,39.5,39.5,0.0,13.0,0.0,0.0,13.0,39.5,7.5,0.0,0.0,0.0,0.0,0.0,7.5,2.0,0.0,1.0,0.0,0.0,1.0,2.0,47.0,0.0,13.0,0.0,0.0,13.0,47.0,32.0,0.0,13.0,0.0,0.0,13.0,32.0
10,1,0,8,1082,1239,157,2,0.0,49.0,95.0,13.0,0.0,49.0,47.5,13.0,72.0,72.0,0.0,49.0,47.5,13.0,72.0,72.0,0.0,0.0,3.5,0.0,21.0,21.0,0.0,1.0,2.0,1.0,2.0,2.0,0.0,49.0,51.0,13.0,93.0,93.0,0.0,49.0,44.0,13.0,51.0,51.0,157.0,0.0,0.0,0.0,0.0,157.0,0.0,0.0,0.0,0.0,0.0,157.0,157.0,0.0,0.0,0.0,0.0,0.0,157.0,0.0,0.0,0.0,0.0,0.0,0.0,0.0,1.0,0.0,0.0,0.0,0.0,0.0,1.0,157.0,0.0,0.0,0.0,0.0,0.0,157.0,157.0,0.0,0.0,0.0,0.0,0.0,157.0
10,1,0,9,1239,1298,59,3,0.0,38.0,21.0,0.0,0.0,38.0,21.0,0.0,59.0,59.0,0.0,38.0,21.0,0.0,59.0,59.0,0.0,0.0,0.0,0.0,0.0,0.0,0.0,1.0,1.0,0.0,1.0,1.0,0.0,38.0,21.0,0.0,59.0,59.0,0.0,38.0,21.0,0.0,59.0,59.0,59.0,0.0,0.0,0.0,0.0,59.0,0.0,0.0,0.0,0.0,0.0,59.0,59.0,0.0,0.0,0.0,0.0,0.0,59.0,0.0,0.0,0.0,0.0,0.0,0.0,0.0,1.0,0.0,0.0,0.0,0.0,0.0,1.0,59.0,0.0,0.0,0.0,0.0,0.0,59.0,59.0,0.0,0.0,0.0,0.0,0.0,59.0
10,1,0,10,1298,1356,58,1,25.0,5.0,28.0,0.0,25.0,5.0,28.0,0.0,58.0,33.0,25.0,5.0,28.0,0.0,58.0,33.0,0.0,0.0,0.0,0.0,0.0,0.0,1.0,1.0,1.0,0.0,1.0,1.0,25.0,5.0,28.0,0.0,58.0,33.0,25.0,5.0,28.0,0.0,58.0,33.0,29.0,0.0,29.0,0.0,0.0,29.0,0.0,29.0,0.0,0.0,29.0,29.0,29.0,0.0,29.0,0.0,0.0,29.0,29.0,0.0,0.0,0.0,0.0,0.0,0.0,0.0,1.0,0.0,1.0,0.0,0.0,1.0,1.0,29.0,0.0,29.0,0.0,0.0,29.0,29.0,29.0,0.0,29.0,0.0,0.0,29.0,29.0
10,1,0,11,1356,1466,110,5,74.0,0.0,10.0,26.0,74.0,0.0,10.0,26.0,42.0,10.0,74.0,0.0,10.0,26.0,42.0,10.0,0.0,0.0,0.0,0.0,32.0,0.0,1.0,0.0,1.0,1.0,2.0,1.0,74.0,0.0,10.0,26.0,74.0,10.0,74.0,0.0,10.0,26.0,10.0,10.0,22.0,0.0,88.0,0.0,0.0,22.0,0.0,88.0,0.0,0.0,88.0,22.0,22.0,0.0,88.0,0.0,0.0,88.0,22.0,0.0,0.0,0.0,0.0,0.0,0.0,0.0,1.0,0.0,1.0,0.0,0.0,1.0,1.0,22.0,0.0,88.0,0.0,0.0,88.0,22.0,22.0,0.0,88.0,0.0,0.0,88.0,22.0
10,1,0,12,1466,1775,309,2,0.0,118.0,177.0,14.0,0.0,39.333333333333336,59.0,14.0,147.5,147.5,0.0,31.0,47.0,14.0,147.5,147.5,0.0,21.638443156156644,41.697322056298376,0.0,63.5,63.5,0.0,3.0,3.0,1.0,2.0,2.0,0.0,69.0,115.0,14.0,211.0,211.0,0.0,18.0,15.0,14.0,84.0,84.0,309.0,0.0,0.0,0.0,0.0,309.0,0.0,0.0,0.0,0.0,0.0,309.0,309.0,0.0,0.0,0.0,0.0,0.0,309.0,0.0,0.0,0.0,0.0,0.0,0.0,0.0,1.0,0.0,0.0,0.0,0.0,0.0,1.0,309.0,0.0,0.0,0.0,0.0,0.0,309.0,309.0,0.0,0.0,0.0,0.0,0.0,309.0
10,1,0,13,1775,1859,84,3,0.0,61.0,0.0,23.0,0.0,61.0,0.0,23.0,61.0,61.0,0.0,61.0,0.0,23.0,61.0,61.0,0.0,0.0,0.0,0.0,0.0,0.0,0.0,1.0,0.0,1.0,1.0,1.0,0.0,61.0,0.0,23.0,61.0,61.0,0.0,61.0,0.0,23.0,61.0,61.0,84.0,0.0,0.0,0.0,0.0,84.0,0.0,0.0,0.0,0.0,0.0,84.0,84.0,0.0,0.0,0.0,0.0,0.0,84.0,0.0,0.0,0.0,0.0,0.0,0.0,0.0,1.0,0.0,0.0,0.0,0.0,0.0,1.0,84.0,0.0,0.0,0.0,0.0,0.0,84.0,84.0,0.0,0.0,0.0,0.0,0.0,84.0
10,1,0,14,1859,1994,135,1,0.0,69.0,0.0,66.0,0.0,34.5,0.0,33.0,34.5,34.5,0.0,34.5,0.0,33.0,34.5,34.5,0.0,19.5,0.0,7.0,19.5,19.5,0.0,2.0,0.0,2.0,2.0,2.0,0.0,54.0,0.0,40.0,54.0,54.0,0.0,15.0,0.0,26.0,15.0,15.0,60.0,0.0,75.0,0.0,0.0,30.0,0.0,75.0,0.0,0.0,75.0,30.0,30.0,0.0,75.0,0.0,0.0,75.0,30.0,23.0,0.0,0.0,0.0,0.0,0.0,23.0,2.0,0.0,1.0,0.0,0.0,1.0,2.0,53.0,0.0,75.0,0.0,0.0,75.0,53.0,7.0,0.0,75.0,0.0,0.0,75.0,7.0
10,1,0,15,1994,2359,365,2,84.0,130.0,151.0,0.0,28.0,21.666666666666668,50.333333333333336,0.0,365.0,70.25,26.0,18.0,37.0,0.0,365.0,78.0,7.4833147735478827,13.888444437333106,19.567546828585563,0.0,0.0,43.06608294238054,3.0,6.0,3.0,0.0,1.0,4.0,38.0,49.0,78.0,0.0,365.0,122.0,20.0,3.0,36.0,0.0,365.0,3.0,365.0,0.0,0.0,0.0,0.0,365.0,0.0,0.0,0.0,0.0,0.0,365.0,365.0,0.0,0.0,0.0,0.0,0.0,365.0,0.0,0.0,0.0,0.0,0.0,0.0,0.0,1.0,0.0,0.0,0.0,0.0,0.0,1.0,365.0,0.0,0.0,0.0,0.0,0.0,365.0,365.0,0.0,0.0,0.0,0.0,0.0,365.0
10,1,0,16,2359,2451,92,3,0.0,92.0,0.0,0.0,0.0,92.0,0.0,0.0,92.0,92.0,0.0,92.0,0.0,0.0,92.0,92.0,0.0,0.0,0.0,0.0,0.0,0.0,0.0,1.0,0.0,0.0,1.0,1.0,0.0,92.0,0.0,0.0,92.0,92.0,0.0,92.0,0.0,0.0,92.0,92.0,92.0,0.0,0.0,0.0,0.0,92.0,0.0,0.0,0.0,0.0,0.0,92.0,92.0,0.0,0.0,0.0,0.0,0.0,92.0,0.0,0.0,0.0,0.0,0.0,0.0,0.0,1.0,0.0,0.0,0.0,0.0,0.0,1.0,92.0,0.0,0.0,0.0,0.0,0.0,92.0,92.0,0.0,0.0,0.0,0.0,0.0,92.0
10,1,0,17,2451,2479,28,5,0.0,28.0,0.0,0.0,0.0,28.0,0.0,0.0,28.0,28.0,0.0,28.0,0.0,0.0,28.0,28.0,0.0,0.0,0.0,0.0,0.0,0.0,0.0,1.0,0.0,0.0,1.0,1.0,0.0,28.0,0.0,0.0,28.0,28.0,0.0,28.0,0.0,0.0,28.0,28.0,28.0,0.0,0.0,0.0,0.0,28.0,0.0,0.0,0.0,0.0,0.0,28.0,28.0,0.0,0.0,0.0,0.0,0.0,28.0,0.0,0.0,0.0,0.0,0.0,0.0,0.0,1.0,0.0,0.0,0.0,0.0,0.0,1.0,28.0,0.0,0.0,0.0,0.0,0.0,28.0,28.0,0.0,0.0,0.0,0.0,0.0,28.0
10,1,0,18,2479,2720,241,2,0.0,6.0,161.0,74.0,0.0,6.0,161.0,74.0,83.5,83.5,0.0,6.0,161.0,74.0,83.5,83.5,0.0,0.0,0.0,0.0,77.5,77.5,0.0,1.0,1.0,1.0,2.0,2.0,0.0,6.0,161.0,74.0,161.0,161.0,0.0,6.0,161.0,74.0,6.0,6.0,198.0,0.0,43.0,0.0,0.0,99.0,0.0,43.0,0.0,0.0,43.0,99.0,99.0,0.0,43.0,0.0,0.0,43.0,99.0,92.0,0.0,0.0,0.0,0.0,0.0,92.0,2.0,0.0,1.0,0.0,0.0,1.0,2.0,191.0,0.0,43.0,0.0,0.0,43.0,191.0,7.0,0.0,43.0,0.0,0.0,43.0,7.0
10,1,0,19,2720,2785,65,3,0.0,44.0,21.0,0.0,0.0,44.0,21.0,0.0,65.0,65.0,0.0,44.0,21.0,0.0,65.0,65.0,0.0,0.0,0.0,0.0,0.0,0.0,0.0,1.0,1.0,0.0,1.0,1.0,0.0,44.0,21.0,0.0,65.0,65.0,0.0,44.0,21.0,0.0,65.0,65.0,65.0,0.0,0.0,0.0,0.0,65.0,0.0,0.0,0.0,0.0,0.0,65.0,65.0,0.0,0.0,0.0,0.0,0.0,65.0,0.0,0.0,0.0,0.0,0.0,0.0,0.0,1.0,0.0,0.0,0.0,0.0,0.0,1.0,65.0,0.0,0.0,0.0,0.0,0.0,65.0,65.0,0.0,0.0,0.0,0.0,0.0,65.0
10,1,0,20,2785,2995,210,5,0.0,44.0,89.0,77.0,0.0,14.666666666666666,22.25,38.5,44.333333333333336,44.333333333333336,0.0,16.0,20.5,38.5,32.0,32.0,0.0,4.9888765156985881,6.7221648298743757,0.5,35.780193155183248,35.780193155183248,0.0,3.0,4.0,2.0,3.0,3.0,0.0,20.0,32.0,39.0,93.0,93.0,0.0,8.0,16.0,38.0,8.0,8.0,146.0,0.0,64.0,0.0,0.0,73.0,0.0,64.0,0.0,0.0,64.0,73.0,73.0,0.0,64.0,0.0,0.0,64.0,73.0,54.0,0.0,0.0,0.0,0.0,0.0,54.0,2.0,0.0,1.0,0.0,0.0,1.0,2.0,127.0,0.0,64.0,0.0,0.0,64.0,127.0,19.0,0.0,64.0,0.0,0.0,64.0,19.0
10,1,0,21,2995,3000,5,2,0.0,2.0,3.0,0.0,0.0,2.0,3.0,0.0,5.0,5.0,0.0,2.0,3.0,0.0,5.0,5.0,0.0,0.0,0.0,0.0,0.0,0.0,0.0,1.0,1.0,0.0,1.0,1.0,0.0,2.0,3.0,0.0,5.0,5.0,0.0,2.0,3.0,0.0,5.0,5.0,5.0,0.0,0.0,0.0,0.0,5.0,0.0,0.0,0.0,0.0,0.0,5.0,5.0,0.0,0.0,0.0,0.0,0.0,5.0,0.0,0.0,0.0,0.0,0.0,0.0,0.0,1.0,0.0,0.0,0.0,0.0,0.0,1.0,5.0,0.0,0.0,0.0,0.0,0.0,5.0,5.0,0.0,0.0,0.0,0.0,0.0,5.0
10,1,3000,0,3000,6000,3000,2,0.0,3000.0,0.0,0.0,0.0,3000.0,0.0,0.0,3000.0,3000.0,0.0,3000.0,0.0,0.0,3000.0,3000.0,0.0,0.0,0.0,0.0,0.0,0.0,0.0,1.0,0.0,0.0,1.0,1.0,0.0,3000.0,0.0,0.0,3000.0,3000.0,0.0,3000.0,0.0,0.0,3000.0,3000.0,3000.0,0.0,0.0,0.0,0.0,3000.0,0.0,0.0,0.0,0.0,0.0,3000.0,3000.0,0.0,0.0,0.0,0.0,0.0,3000.0,0.0,0.0,0.0,0.0,0.0,0.0,0.0,1.0,0.0,0.0,0.0,0.0,0.0,1.0,3000.0,0.0,0.0,0.0,0.0,0.0,3000.0,3000.0,0.0,0.0,0.0,0.0,0.0,3000.0
10,1,6000,0,3000,9000,6000,2,0.0,6000.0,0.0,0.0,0.0,6000.0,0.0,0.0,6000.0,6000.0,0.0,6000.0,0.0,0.0,6000.0,6000.0,0.0,0.0,0.0,0.0,0.0,0.0,0.0,1.0,0.0,0.0,1.0,1.0,0.0,6000.0,0.0,0.0,6000.0,6000.0,0.0,6000.0,0.0,0.0,6000.0,6000.0,6000.0,0.0,0.0,0.0,0.0,6000.0,0.0,0.0,0.0,0.0,0.0,6000.0,6000.0,0.0,0.0,0.0,0.0,0.0,6000.0,0.0,0.0,0.0,0.0,0.0,0.0,0.0,1.0,0.0,0.0,0.0,0.0,0.0,1.0,6000.0,0.0,0.0,0.0,0.0,0.0,6000.0,6000.0,0.0,0.0,0.0,0.0,0.0,6000.0
10,2,0,0,0,3000,3000,2,1093.0,903.0,394.0,610.0,136.625,112.875,65.666666666666671,122.0,398.33333333333331,144.11111111111111,108.0,101.0,63.0,89.0,311.0,141.0,115.079252582731,93.106709613217461,44.37216344611663,128.57215872808544,313.08447564337791,82.077801092005174,8.0,8.0,6.0,5.0,6.0,9.0,393.0,244.0,141.0,370.0,1036.0,244.0,20.0,8.0,15.0,21.0,80.0,8.0,0.0,3000.0,0.0,0.0,0.0,0.0,3000.0,0.0,0.0,0.0,0.0,3000.0,0.0,3000.0,0.0,0.0,0.0,0.0,3000.0,0.0,0.0,0.0,0.0,0.0,0.0,0.0,0.0,1.0,0.0,0.0,0.0,0.0,1.0,0.0,3000.0,0.0,0.0,0.0,0.0,3000.0,0.0,3000.0,0.0,0.0,0.0,0.0,3000.0
10,2,3000,0,3000,6000,3000,2,3000.0,0.0,0.0,0.0,3000.0,0.0,0.0,0.0,3000.0,0.0,3000.0,0.0,0.0,0.0,3000.0,0.0,0.0,0.0,0.0,0.0,0.0,0.0,1.0,0.0,0.0,0.0,1.0,0.0,3000.0,0.0,0.0,0.0,3000.0,0.0,3000.0,0.0,0.0,0.0,3000.0,0.0,0.0,3000.0,0.0,0.0,0.0,0.0,3000.0,0.0,0.0,0.0,0.0,3000.0,0.0,3000.0,0.0,0.0,0.0,0.0,3000.0,0.0,0.0,0.0,0.0,0.0,0.0,0.0,0.0,1.0,0.0,0.0,0.0,0.0,1.0,0.0,3000.0,0.0,0.0,0.0,0.0,3000.0,0.0,3000.0,0.0,0.0,0.0,0.0,3000.0
10,2,6000,0,3000,9000,6000,2,6000.0,0.0,0.0,0.0,6000.0,0.0,0.0,0.0,6000.0,0.0,6000.0,0.0,0.0,0.0,6000.0,0.0,0.0,0.0,0.0,0.0,0.0,0.0,1.0,0.0,0.0,0.0,1.0,0.0,6000.0,0.0,0.0,0.0,6000.0,0.0,6000.0,0.0,0.0,0.0,6000.0,0.0,0.0,6000.0,0.0,0.0,0.0,0.0,6000.0,0.0,0.0,0.0,0.0,6000.0,0.0,6000.0,0.0,0.0,0.0,0.0,6000.0,0.0,0.0,0.0,0.0,0.0,0.0,0.0,0.0,1.0,0.0,0.0,0.0,0.0,1.0,0.0,6000.0,0.0,0.0,0.0,0.0,6000.0,0.0,6000.0,0.0,0.0,0.0,0.0,6000.0
